PlotID,Sub-plot,Species,Tree_class,DBH,Height_class,Height,Crown_base_height,Insect,Comments,Notes
FR01,A2,At,8,1.9,NA,4,NA,NA,NA,NA
FR01,A2,Pl,8,2.2,NA,3,NA,NA,NA,NA
FR01,A2,Pl,1,3.1,NA,6,NA,NA,NA,NA
FR01,A2,Pl,1,4.2,NA,10,NA,NA,NA,NA
FR01,A2,At,1,2.8,NA,6,NA,NA,NA,NA
FR01,A2,Pl,1,4.9,NA,10,NA,NA,NA,NA
FR01,A2,Pl,8,4.8,NA,9,NA,NA,NA,NA
FR01,A2,At,1,3.9,NA,9,NA,NA,NA,NA
FR01,A2,Pl,1,2.7,NA,4,NA,NA,NA,NA
FR01,A2,Pl,1,4.5,NA,10,NA,NA,NA,NA
FR01,A2,At,1,2.9,NA,6,NA,NA,NA,NA
FR01,A2,Pl,1,3.8,NA,8,NA,NA,NA,NA
FR01,A2,Pl,1,1.8,NA,3,NA,NA,NA,NA
FR01,A2,Pl,1,2.5,NA,4,NA,NA,NA,NA
FR01,A2,At,8,3.4,NA,7,NA,NA,NA,NA
FR01,A2,Pl,1,2.1,NA,3,NA,NA,NA,NA
FR01,A2,At,8,3.3,NA,4,NA,NA,NA,NA
FR01,A2,Pl,1,2.7,NA,4,NA,NA,NA,NA
FR01,A2,Pl,1,1.9,NA,2,NA,NA,NA,NA
FR01,A2,Pl,1,3.8,NA,9,NA,NA,NA,NA
FR01,A2,Pl,1,2.5,NA,5,NA,NA,NA,NA
FR01,A2,Pl,1,3.2,NA,6,NA,NA,NA,NA
FR01,A2,Pl,1,4.5,NA,9,NA,NA,NA,NA
FR01,A2,Pl,1,1.7,NA,3,NA,NA,NA,NA
FR01,A2,Pl,1,2.2,NA,6,NA,NA,NA,NA
FR01,A2,Pl,1,1.3,NA,2,NA,NA,NA,NA
FR02,A2,Pl,8,1.5,NA,2.5,NA,NA,NA,NA
FR02,A2,Pl,1,2.6,NA,5,NA,NA,NA,NA
FR02,A2,Pl,1,2.5,NA,6,NA,NA,NA,NA
FR02,A2,Pl,8,1.5,NA,2.5,NA,NA,NA,NA
FR02,A2,Pl,1,3.8,NA,9,NA,NA,NA,NA
FR02,A2,Pl,1,2.9,NA,6,NA,NA,NA,NA
FR02,A2,Pl,1,2.7,NA,6,NA,NA,NA,NA
FR02,A2,Pl,1,3,NA,8,NA,NA,NA,NA
FR02,A2,Pl,1,4.2,NA,12,NA,NA,NA,NA
FR02,A2,Pl,1,3.9,NA,11,NA,NA,NA,NA
FR02,A2,Pl,1,4.8,NA,9,NA,NA,NA,NA
FR02,A2,Pl,1,3.9,NA,7,NA,NA,NA,NA
FR02,A2,Pl,1,3.8,NA,8,NA,NA,NA,NA
FR02,A2,Pl,1,2.8,NA,7,NA,NA,NA,NA
FR02,A2,Pl,1,2.5,NA,3,NA,NA,NA,NA
FR02,A2,At,1,4.7,NA,7,NA,NA,NA,NA
FR02,A2,Pl,8,3,NA,4,NA,NA,NA,NA
FR02,A2,At,8,2.3,NA,4,NA,NA,NA,NA
FR02,A2,At,8,2.3,NA,2,NA,NA,NA,NA
FR02,A2,Pl,8,2.3,NA,4,NA,NA,NA,NA
FR02,A2,Pl,1,3.2,NA,8,NA,NA,NA,NA
FR02,A2,Pl,1,3.6,NA,9,NA,NA,NA,NA
FR02,A2,At,8,1.3,NA,2,NA,NA,NA,NA
FR02,A2,Pl,1,5.3,NA,11.5,NA,NA,NA,NA
FR02,A2,Pl,1,7.5,NA,11.5,NA,NA,NA,NA
FR02,A2,Pl,1,5.6,NA,10.3,NA,NA,NA,NA
FR02,A2,Pl,1,7.5,NA,11.5,NA,NA,NA,NA
FR02,A2,Pl,1,5.2,NA,10,NA,NA,NA,NA
FR02,A2,Pl,1,5.9,NA,10,NA,NA,NA,NA
FR02,A2,At,1,8.1,NA,9,NA,NA,NA,NA
FR02,A2,Pl,1,6.5,NA,10,NA,NA,NA,NA
FR02,A2,At,1,7.8,NA,8,NA,NA,NA,NA
FR02,A2,Pl,1,6.9,NA,11,NA,NA,NA,NA
FR02,A2,Pl,1,10,NA,12,NA,NA,NA,NA
FR02,A2,Pl,1,8.7,NA,11,NA,NA,NA,NA
FR02,A2,Pl,1,5.2,NA,9,NA,NA,NA,NA
FR02,A2,Pl,1,7,NA,11,NA,NA,NA,NA
FR02,A2,At,1,6.6,NA,9,NA,NA,NA,NA
FR02,A2,At,1,6.3,NA,9,NA,NA,NA,NA
FR02,A2,Pl,1,9,NA,12,NA,NA,NA,NA
FR02,A2,At,1,5.7,NA,7,NA,NA,NA,NA
FR02,A2,At,1,7.4,NA,9,NA,NA,NA,NA
FR02,A2,At,1,8.6,NA,9,NA,NA,NA,NA
FR02,A2,At,1,9.1,NA,9,NA,NA,NA,NA
FR02,A2,At,1,6.7,NA,7,NA,NA,NA,NA
FR02,A2,Pl,1,8.3,NA,12,NA,NA,NA,NA
FR02,A2,Pl,1,7.1,NA,10,NA,NA,NA,NA
FR02,A2,Pl,1,5.7,NA,9,NA,NA,NA,NA
FR02,A2,Pl,1,6.7,NA,11,NA,NA,NA,NA
FR02,A2,Pl,1,5.2,NA,10,NA,NA,NA,NA
FR02,A2,Pl,1,10.5,NA,12,NA,NA,NA,NA
FR02,A2,Pl,1,11.4,NA,12,NA,NA,NA,NA
FR02,A2,Pl,1,7.4,NA,10,NA,NA,NA,NA
FR03,A1,UC,5,3.9,NA,2.5,NA,NA,fire scar,NA
FR03,A1,UC,5,6.7,NA,3.9,NA,NA,fire scar,NA
FR04,A1,Ac,1,10.4,1,15,9,N,NA,NA
FR04,A1,Ac,1,9.1,1,13,8,N,NA,NA
FR04,A1,Pl,1,12.3,1,13,9,N,NA,NA
FR04,A1,Ac,1,5.7,3,12,6,N,NA,NA
FR05,A1,UC,8,10.8,NA,1.9,NA,N,chared,NA
FR05,A1,UC,8,3.9,NA,1.9,NA,N,chared,NA
FR05,A1,UC,8,10,NA,10.4,NA,N,"chared, burnt off branches",NA
FR05,A1,UC,8,5.2,NA,2.5,NA,N,"chared, burnt off branches",NA
FR06,A1,NA,NA,NA,NA,NA,NA,NA,no trees,NA
FR07,A1,Pl,1,1.3,2,1.5,0.2,N,NA,NA
FR07,A1,Pl,1,2.3,2,1.7,0.2,N,NA,NA
FR07,A1,Pl,1,1.1,2,1.4,0.1,N,NA,NA
FR07,A1,Pl,1,1.1,2,1.3,0.1,N,NA,NA
FR07,A1,Pl,1,1,2,1.4,0.1,N,NA,NA
FR07,A1,Pl,1,1.2,2,1.4,0.1,N,NA,NA
FR07,A1,Pl,1,0.9,2,1.4,0.1,N,NA,NA
FR07,A1,Pl,1,1,2,1.6,0.2,N,NA,NA
FR07,A1,Pl,1,0.8,2,1.4,0.1,N,NA,NA
FR07,A1,Pl,1,1.1,2,1.4,0.2,N,NA,NA
FR07,A1,Pl,1,1,2,1.4,0.1,N,NA,NA
FR07,A1,Pl,1,2,2,1.5,0.1,N,NA,NA
FR07,A1,Pl,1,0.8,2,1.4,0.1,N,NA,NA
FR07,A1,Pl,1,1.2,2,1.5,0.1,N,NA,NA
FR07,A1,Pl,1,1,2,1.4,0.1,N,NA,NA
FR07,A1,Pl,1,1.1,2,1.4,0.1,N,NA,NA
FR07,A1,Pl,1,0.9,2,1.4,0.1,N,NA,NA
FR07,A1,Pl,1,1.3,2,1.7,0.1,N,NA,NA
FR08,A1,Pl,4,5.1,NA,7,NA,NA,NA,NA
FR08,A1,Pl,1,7.5,3,9.5,6,N,NA,NA
FR08,A1,Pl,4,5.3,NA,7,NA,NA,NA,NA
FR08,A1,Sx,2,5,3,6,2,LEAM,broken top,NA
FR08,A1,Pl,1,4.5,3,9,6,blister rust,NA,NA
FR08,A1,Pl,4,3.6,NA,6,NA,N,NA,NA
FR08,A1,Pl,1,12.5,2,12,6,N,NA,NA
FR08,A1,Pl,1,12.5,2,11,6,N,NA,NA
FR08,A1,Sx,2,2.2,4,2.2,0.5,N,swoop,NA
FR08,A1,Sx,4,1.6,NA,2.2,NA,LEAM,NA,NA
FR08,A1,Bl,1,5,4,4.5,0.3,Y,NA,NA
FR08,A1,Pl,4,3.5,NA,6,NA,gall,NA,NA
FR08,A1,Sx,1,4.6,4,4.5,0.5,LEAM,NA,NA
FR08,A1,Sx,2,3.4,4,4,0.7,Y,swoop,NA
FR08,A1,Pl,2,9,2,11,8,blister rust,NA,NA
FR08,A1,Sx,1,3.7,3,6,1,LEAM,NA,NA
FR08,A1,Sx,4,0.9,NA,1.3,NA,LEAM,NA,NA
FR09,A1,Pl,5,2.7,NA,2.5,NA,N,burnt,NA
FR09,A1,Sx,5,1.8,NA,1.4,NA,N,burnt,NA
FR09,A1,Sx,5,1.3,NA,1.5,NA,N,burnt,NA
FR09,A1,Sx,5,1.6,NA,1.8,NA,N,burnt,NA
FR09,A1,Sx,5,0.9,NA,1.3,NA,N,burnt,NA
FR10,A1,Sx,5,5.1,NA,4.2,NA,N,NA,NA
FR10,A1,Sx,5,2.2,NA,1.5,NA,N,char,NA
FR10,A1,Sx,5,7,NA,4.5,NA,N,char,NA
FR10,A1,Sx,5,7.3,NA,7,NA,N,char,NA
FR10,A1,Sx,5,5.8,NA,6,NA,N,char,NA
FR10,A1,Sx,5,6,NA,6,NA,N,char,NA
FR11,A1,Pl,1,0.9,3,1.4,0.5,N,NA,NA
FR11,A1,Bl,2,2.2,3,2,0.1,browse,forked,NA
FR11,A1,Sx,1,3.4,3,2.2,0.3,N,NA,NA
FR12,A1,Sx,3,8.2,NA,5.1,NA,N,NA,NA
FR12,A1,Sx,3,8.7,NA,4.5,NA,N,NA,NA
FR12,A1,UC,5,6.5,NA,4.9,NA,N,NA,NA
FR12,A1,UC,5,9.5,NA,5.6,NA,N,NA,NA
FR12,A1,Sx,4,5.9,NA,5.5,NA,N,snag,NA
FR12,A1,Pl,2,4.1,2,3.5,0.2,N,snow press,NA
FR12,A1,Pl,1,3.5,2,3,0.2,N,NA,NA
FR12,A1,UC,5,1.7,NA,2.2,NA,N,NA,NA
FR12,A1,UC,5,4.8,NA,4.5,NA,N,NA,NA
FR12,A1,UC,5,4.2,NA,4.5,NA,N,NA,NA
FR13,A1,NA,NA,NA,NA,NA,NA,NA,no trees,NA
FR14,A1,NA,NA,NA,NA,NA,NA,NA,no trees,NA
FR15,A1,At,1,0.8,4,1.6,0.4,LM,NA,NA
FR15,A1,At,1,0.4,4,1.4,0.2,LM,NA,NA
FR15,A1,At,1,0.2,4,1.4,0.4,LM,NA,NA
FR15,A1,At,1,0.8,4,1.4,0.5,LM,NA,NA
FR15,A1,Bl,1,3.4,3,2.5,0.2,LM,NA,NA
FR15,A1,At,1,1,3,2.3,0.4,LM,NA,NA
FR15,A1,At,1,0.6,4,1.6,0.3,LM,NA,NA
FR15,A1,At,1,0.4,4,1.5,0.4,LM,NA,NA
FR15,A1,At,1,1.9,2,3,0.3,LM,NA,NA
FR15,A1,At,1,0.7,3,2,0.5,LM,NA,NA
FR15,A1,At,1,0.4,3,1.6,0.3,LM,NA,NA
FR15,A1,At,1,1.1,3,2,0.4,LM,NA,NA
FR15,A1,At,2,0.8,3,1.8,0.6,LM,NA,NA
FR15,A1,At,1,0.9,3,2,0.5,LM,NA,NA
FR15,A1,At,2,0.1,4,1.35,0.2,LM,NA,NA
FR15,A1,At,1,0.5,3,1.6,0.4,LM,crook,NA
FR15,A1,At,2,0.5,3,1.7,0.4,LM,NA,NA
FR15,A1,At,1,1.8,2,2,1.4,LM,NA,NA
FR15,A1,Bl,2,6,2,3.6,0.1,N,swoop,NA
FR16,A1,Bl,1,0.6,4,1.6,0.2,N,NA,NA
FR17,A1,Pl,1,7.6,3,8.6,5,N,NA,NA
FR17,A1,Pl,1,12,2,11.5,6,N,NA,NA
FR17,A1,Pl,6,5.8,NA,4,NA,N,NA,NA
FR17,A1,Pl,2,9.5,2,10.9,5,N,NA,NA
FR17,A1,Pl,3,4.2,2,8,5,N,NA,NA
FR17,A1,Pl,1,12.4,2,10,5,N,NA,NA
FR17,A1,Pl,1,12.5,2,11.5,6,N,NA,NA
FR17,A1,Pl,1,12.5,2,12.5,8,N,NA,NA
FR17,A1,Pl,1,12.4,2,11.5,5,N,NA,NA
FR18,A1,Bl,2,5.3,3,2.4,0.2,browse,NA,NA
FR18,A1,UC,8,11.3,NA,3,NA,N,char,NA
FR18,A1,Bl,4,7,NA,5,NA,N,NA,NA
FR19,A1,At,1,4.9,3,6.8,4,N,NA,NA
FR19,A1,At,1,2.5,3,3.5,2.8,N,NA,NA
FR19,A1,At,3,2.2,NA,2.5,NA,N,NA,NA
FR19,A1,At,1,3.4,3,2.8,2.6,N,NA,NA
FR19,A1,Pl,2,3.2,3,6.8,2.1,N,NA,NA
FR19,A1,At,3,2.3,NA,3,NA,N,NA,NA
FR19,A1,Pl,1,11,2,9.2,2.9,N,NA,NA
FR19,A1,Pl,1,10.5,2,9.5,2,N,NA,NA
FR19,A1,At,1,3.6,3,3.5,2.6,N,NA,NA
FR19,A1,At,2,1.4,4,1.8,1.3,N,NA,NA
FR20,A1,At,1,12.4,2,12.6,7,N,NA,NA
FR20,A1,At,1,6,2,8.5,7.2,N,NA,NA
FR20,A1,At,5,6.2,NA,6.5,NA,N,NA,NA
FR20,A1,At,3,1.9,NA,3.5,NA,N,NA,NA
FR20,A1,At,2,2.4,4,4.2,3.3,N,NA,NA
FR20,A1,At,1,6.3,3,10.1,6.6,N,NA,NA
FR20,A1,At,1,6.8,2,9.3,7,N,NA,NA
FR20,A1,At,1,7.3,2,9.3,6.5,N,NA,NA
FR20,A1,At,3,2,NA,4,NA,N,NA,NA
FR20,A1,At,1,7.3,2,9.3,7.2,N,NA,NA
FR20,A1,At,2,3.6,3,4.3,3.3,N,NA,NA
FR20,A1,At,3,2.7,NA,3.7,NA,N,NA,NA
FR20,A1,At,3,2.8,NA,5,NA,N,NA,NA
FR20,A1,At,3,5.5,NA,9.3,NA,N,NA,NA
FR20,A1,At,2,6.7,2,10.5,7.3,N,ungulate rub,NA
FR20,A1,At,3,2.9,NA,7,NA,N,NA,NA
FR20,A1,At,3,2.4,NA,6,NA,N,NA,NA
FR20,A1,At,1,7.4,2,10.3,7.3,N,NA,NA
FR20,A1,At,1,3.5,2,5.2,2.7,N,NA,NA
FR20,A1,At,1,5.6,3,7.5,4.2,N,NA,NA
FR20,A1,At,2,1.9,4,3.6,2.5,N,NA,NA
FR20,A1,At,1,7.6,2,11.5,6.1,N,NA,NA
FR20,A1,At,1,5.4,2,8.5,5.9,N,NA,NA
FR20,A1,At,3,2.1,NA,4,NA,N,NA,NA
FR20,A1,At,1,9.1,2,11.3,8.3,N,NA,NA
FR20,A1,At,2,2.8,4,4.6,3.6,N,NA,NA
FR20,A1,At,3,6.4,NA,9.5,NA,N,NA,NA
FR20,A1,At,1,6.4,2,9.7,7.7,N,NA,NA
FR20,A1,At,3,5,NA,7.2,NA,N,NA,NA
FR20,A1,At,1,6.2,2,9.7,6.4,N,ungulate rub,NA
FR20,A1,At,1,6,2,9.8,6.4,N,NA,NA
FR20,A1,At,3,2.8,NA,5,NA,N,NA,NA
FR20,A1,At,3,4.1,NA,6.8,NA,N,NA,NA
FR20,A1,At,3,2.5,NA,5,NA,N,NA,NA
FR20,A1,At,1,5.6,2,9.1,6.5,N,NA,NA
FR20,A1,At,3,4.9,NA,6.7,NA,N,NA,NA
FR20,A1,At,1,8.9,2,11.1,8.1,N,NA,NA
FR20,A1,At,3,3.2,NA,6.2,NA,N,NA,NA
FR20,A1,At,3,4.6,NA,6.2,NA,N,NA,NA
FR20,A1,At,2,3.3,3,6.1,4.3,N,NA,NA
FR20,A1,At,3,2,NA,4.2,NA,N,NA,NA
FR20,A1,Pl,1,10.4,2,9.7,1.3,N,NA,NA
FR20,A1,At,1,5.8,2,12.7,9.5,N,ungulate rub,NA
FR20,A1,At,3,2.4,NA,3.5,NA,N,NA,NA
FR20,A1,At,3,4.5,NA,7,NA,N,NA,NA
FR20,A1,At,3,5.8,NA,8,NA,N,NA,NA
FR20,A1,At,1,6.4,2,9,7.2,N,NA,NA
FR20,A1,At,1,12.5,2,12.1,7.8,N,NA,NA
FR20,A1,At,3,2.3,NA,4.2,NA,N,NA,NA
FR20,A1,At,3,2.2,NA,5,NA,N,NA,NA
FR20,A1,At,1,10,2,10.4,7.4,N,NA,NA
FR20,A1,At,3,5.7,NA,7.5,NA,N,NA,NA
FR20,A1,At,3,2.9,NA,5,NA,N,NA,NA
FR20,A1,At,3,3.5,NA,6.5,NA,N,NA,NA
FR20,A1,At,1,9,2,10.7,8.3,N,NA,NA
FR20,A1,At,2,2.9,4,5,4.5,N,NA,NA
FR20,A1,At,1,11.9,2,12.5,8.5,N,NA,NA
FR20,A1,At,3,5.1,NA,7.5,NA,N,NA,NA
FR20,A1,At,1,6.3,2,8.5,7.5,N,NA,NA
FR21,A1,Sx,1,1.4,2,1.7,0.1,LW?,bent over leader=LW?,NA
FR21,A1,Lw,1,3.3,2,3,0.1,N,NA,NA
FR21,A1,Lw,1,1.2,2,2.2,0.2,N,NA,NA
FR22,A1,Sx,1,3.9,4,3.8,0.1,N,NA,NA
FR22,A1,Sx,1,3.1,4,4.7,0.5,N,NA,NA
FR22,A1,Sx,1,8.5,3,8.8,0.7,N,NA,NA
FR22,A1,Pl,1,5.7,4,7,2,N,NA,NA
FR22,A1,Pl,2,3.1,4,2.5,2.3,LEAM,NA,NA
FR22,A1,Pl,1,11.1,3,10,2,N,NA,NA
FR22,A1,Pl,2,4.3,4,4.5,2,N,NA,NA
FR22,A1,Pl,3,2.2,NA,2.8,NA,LEAM,NA,NA
FR22,A1,Pl,2,3.3,4,4.5,2.3,blister rust,NA,NA
FR22,A1,Pl,3,0.9,NA,1.5,NA,LEAM,NA,NA
FR22,A1,Pl,3,1,NA,1.5,NA,LEAM,NA,NA
FR22,A1,Bl,1,7.8,3,6,0.1,NA,NA,NA
FR22,A1,Pl,3,1.6,NA,1.7,NA,LEAM,NA,NA
FR22,A1,At,1,3.1,4,4.5,4,N,NA,NA
FR22,A1,Bl,1,6.5,3,5.7,0.2,N,NA,NA
FR22,A1,Sx,1,3.5,3,4.5,0.2,N,NA,NA
FR23,A1,Sx,1,11.9,2,10.9,2.4,N,NA,NA
FR23,A1,Pl,2,8,2,9.8,5.5,blister rust,NA,NA
FR23,A1,Bl,2,1.5,4,2,0.1,browse,NA,NA
FR23,A1,Sx,2,10.2,2,10,5,N,NA,NA
FR23,A1,Sx,2,3.9,3,4.5,1.3,N,NA,NA
FR23,A1,Sx,1,8.7,2,11.5,4,N,NA,NA
FR24,A1,Pl,1,0.9,3,1.4,0.2,N,NA,NA
FR24,A1,At,1,1.3,2,2.2,0.5,LM,forked,NA
FR24,A1,At,1,1.9,2,2.2,0.6,LM,forked,NA
FR24,A1,At,1,1.9,2,2.4,0.6,LM,NA,NA
FR24,A1,At,1,1.9,2,2.4,0.6,LM,NA,NA
FR24,A1,At,1,1,2,2,0.6,LM,NA,NA
FR24,A1,Pl,1,2.6,2,2.3,0.7,N,NA,NA
FR24,A1,At,1,2.1,2,2.5,0.4,LM,NA,NA
FR24,A1,At,1,2.6,2,2.5,0.4,LM,NA,NA
FR24,A1,Pl,1,3.4,2,2.5,0.2,N,NA,NA
FR24,A1,At,1,0.5,3,1.5,0.6,LM,NA,NA
FR24,A1,Pl,1,2,2,2,0.5,N,NA,NA
FR24,A1,At,1,1.5,2,2.3,0.6,LM,NA,NA
FR24,A1,Pl,1,2.4,2,3,0.2,N,NA,NA
FR24,A1,At,1,3.4,2,2.9,0.6,LM,NA,NA
FR24,A1,Pl,1,2.5,2,2.9,0.5,N,NA,NA
FR24,A1,Pl,1,2.8,2,2.6,0.2,N,NA,NA
FR24,A1,At,1,1.4,2,2.5,0.5,LM,NA,NA
FR24,A1,Pl,1,1.3,2,2,0.2,N,NA,NA
FR24,A1,Pl,1,5.2,1,4.1,0.3,N,NA,NA
FR24,A1,Pl,1,2.5,3,2.6,0.4,N,NA,NA
FR24,A1,At,1,2.8,2,3,0.2,LM,NA,NA
FR24,A1,At,1,1.3,3,2.2,0.6,LM,NA,NA
FR24,A1,At,1,2.8,2,3.2,0.9,LM,NA,NA
FR24,A1,At,1,4.5,2,3.2,0.9,LM,NA,NA
FR24,A1,At,1,3.7,2,3.3,1.4,LM,NA,NA
FR24,A1,At,1,1,3,1.7,0.5,LM,NA,NA
FR24,A1,Pl,1,2.8,2,2.7,0.4,N,NA,NA
FR24,A1,At,1,0.5,3,1.9,0.2,LM,NA,NA
FR24,A1,At,1,3,2,2.9,0.8,LM,NA,NA
FR24,A1,Pl,1,1.9,2,2.3,0.3,N,NA,NA
FR24,A1,Pl,1,2.5,2,2.5,0.2,N,NA,NA
FR24,A1,Pl,2,5.3,2,3.2,0.2,Y,not sure what insect/dead leader,NA
FR24,A1,Pl,1,5.7,1,4.4,0.5,N,mechanical damage,NA
FR24,A1,Pl,1,4.6,2,3.3,0.2,N,NA,NA
FR24,A1,Pl,2,1,3,1.6,0.5,N,swoop,NA
FR24,A1,At,1,1.5,2,2.4,0.2,LM,NA,NA
FR24,A1,Pl,1,2.4,2,2.6,0.2,N,NA,NA
FR24,A1,Pl,1,4.4,2,3.6,0.5,N,NA,NA
FR24,A1,At,1,0.9,3,1.9,0.4,LM,NA,NA
FR24,A1,At,1,1,3,2,0.4,LM,NA,NA
FR24,A1,At,1,2.7,2,3.2,0.4,LM,NA,NA
FR24,A1,At,1,2.3,2,3.5,0.4,LM,NA,NA
FR24,A1,Pl,1,6.3,1,4,0.2,N,crook,NA
FR24,A1,At,1,3.6,1,3.7,1,LM,NA,NA
FR24,A1,At,1,1.5,3,2.5,0.9,LM,NA,NA
FR24,A1,At,1,1.3,3,2.4,0.9,LM,NA,NA
FR24,A1,Pl,1,1.9,3,2.3,0.2,N,NA,NA
FR25,A1,Pl,2,8.8,2,6.8,0.7,N,crook,NA
FR25,A1,Pl,1,10.7,2,6.7,0.5,N,NA,NA
FR25,A1,Pl,1,6.8,2,5.6,0.6,N,NA,NA
FR25,A1,Pl,1,6,2,5.7,0.7,N,NA,NA
FR25,A1,Pl,1,9.7,2,7.3,0.4,N,NA,NA
FR25,A1,Pl,1,7.4,2,5.7,0.2,N,NA,NA
FR25,A1,Pl,1,8.3,2,6,0.3,N,NA,NA
FR25,A1,Pl,1,5.7,2,5.5,0.5,N,NA,NA
FR25,A1,Pl,1,3.7,3,3.7,0.6,N,NA,NA
FR25,A1,Pl,1,7.7,2,6.9,1.3,N,NA,NA
FR25,A1,Pl,1,6.3,2,5.7,0.3,N,NA,NA
FR25,A1,Pl,1,6.5,2,6,2.1,N,NA,NA
FR26,A2,Pl,1,0.8,2,1.4,0.3,N,NA,NA
FR26,A2,Pl,1,0.6,2,1.3,0.4,N,NA,NA
FR26,A2,Pl,1,0.8,2,1.5,0.4,N,NA,NA
FR26,A2,Pl,2,0.7,2,1.5,0.4,N,crook,NA
FR26,A2,Pl,1,1,3,1.3,0.2,N,NA,NA
FR26,A2,Pl,1,0.7,2,1.3,0.3,N,NA,NA
FR26,A2,Pl,1,0.8,2,1.4,0.3,N,NA,NA
FR26,A2,Pl,1,1.2,1,1.7,0.5,N,NA,NA
FR26,A2,Pl,1,0.8,2,1.4,0.3,N,NA,NA
FR26,A2,Pl,1,1.2,1,1.6,0.4,N,NA,NA
FR26,A2,Pl,1,1.4,1,1.6,0.4,N,NA,NA
FR26,A2,Pl,1,0.7,2,1.5,0.5,N,NA,NA
FR26,A2,Pl,1,1.6,1,2.1,0.5,N,NA,NA
FR26,A2,Pl,1,0.6,2,1.4,0.3,N,NA,NA
FR26,A2,Pl,1,1.4,1,1.5,0.3,N,NA,NA
FR26,A2,Pl,1,0.5,2,1.4,0.3,N,NA,NA
FR26,A2,Pl,1,0.7,2,1.3,0.3,N,NA,NA
FR26,A2,Pl,1,1.1,2,1.5,0.4,N,NA,NA
FR26,A2,Pl,1,0.8,2,1.4,0.3,N,NA,NA
FR26,A2,Pl,1,1.7,1,1.7,0.2,N,NA,NA
FR26,A2,Pl,1,0.9,1,1.6,0.5,N,NA,NA
FR26,A2,Pl,1,0.5,2,1.3,0.3,N,NA,NA
FR26,A2,Pl,1,0.4,1,1.4,0.5,N,NA,NA
FR26,A2,Pl,2,1.5,1,1.8,0.4,N,crook,NA
FR26,A2,Pl,1,1.6,1,1.7,0.4,N,NA,NA
FR26,A2,Pl,1,2.3,1,2.1,0.2,N,NA,NA
FR26,A2,Pl,1,0.8,2,1.4,0.5,N,NA,NA
FR26,A2,Pl,1,1.3,1,1.6,0.4,N,NA,NA
FR26,A2,Pl,1,0.6,1,1.6,0.7,N,NA,NA
FR26,A2,Pl,1,0.8,1,1.4,0.6,N,NA,NA
FR26,A2,Pl,1,1.5,1,1.8,0.9,N,NA,NA
FR27,A1,Pl,1,3.4,2,3.9,0.9,N,NA,NA
FR27,A1,Pl,1,5.4,2,5.6,0.9,N,NA,NA
FR27,A1,Pl,1,3.3,3,3.9,0.7,N,NA,NA
FR27,A1,Pl,2,4.1,2,4.5,1.1,blister rust,NA,NA
FR27,A1,Pl,1,5,2,4.7,1.3,N,NA,NA
FR27,A1,Pl,2,4.6,2,5.3,1,blister rust,NA,NA
FR27,A1,Pl,1,2.8,3,4,0.5,N,NA,NA
FR27,A1,Pl,2,3.2,3,3.9,0.8,blister rust,NA,NA
FR27,A1,Pl,1,6.7,1,5.7,1.1,N,NA,NA
FR27,A1,Pl,1,3.3,3,4.1,0.8,N,NA,NA
FR27,A1,Pl,1,5.3,2,5.4,0.7,N,NA,NA
FR27,A1,Pl,1,7.4,2,5.5,1.2,blister rust,NA,NA
FR27,A1,Pl,1,5.7,2,5.6,1.2,N,NA,NA
FR27,A1,Pl,1,2.9,3,4.1,0.7,N,NA,NA
FR27,A1,Pl,1,7,2,5,0.6,gall,NA,NA
FR27,A1,Pl,1,5,2,4.9,0.9,N,NA,NA
FR27,A1,Pl,1,7.9,1,6.2,0.5,N,NA,NA
FR27,A1,Pl,1,4.8,2,4.5,0.7,N,NA,NA
FR27,A1,Pl,2,7.5,2,5.2,0.7,blister rust,NA,NA
FR27,A1,Pl,3,0.4,NA,1.4,NA,N,NA,NA
FR27,A1,Pl,3,1.2,NA,1.9,NA,blister rust,NA,NA
FR27,A1,Pl,2,6.3,1,6.4,1.2,blister rust,NA,NA
FR27,A1,Pl,2,7.1,2,5.4,0.6,blister rust,NA,NA
FR27,A1,Pl,2,5.1,2,5.1,1,blister rust,NA,NA
FR27,A1,Pl,1,5.2,2,5.2,0.8,N,NA,NA
FR27,A1,Pl,1,4.7,2,4.8,0.6,N,NA,NA
FR27,A1,Pl,2,3,3,3.4,0.9,blister rust,NA,NA
FR27,A1,Pl,2,3.4,3,3.5,1,blister rust,NA,NA
FR27,A1,Pl,2,4.2,2,3.7,0.6,blister rust,NA,NA
FR27,A1,Pl,1,6.9,1,6.2,0.9,N,NA,NA
FR27,A1,Pl,1,3.8,3,3.7,0.4,N,NA,NA
FR27,A1,Pl,2,2.4,3,3.3,0.9,blister rust,NA,NA
FR27,A1,Pl,1,2.2,3,3,0.4,N,NA,NA
FR27,A1,Pl,1,7,1,6,1.3,N,NA,NA
FR27,A1,Pl,3,0.3,NA,1.4,NA,N,NA,NA
FR27,A1,Pl,3,0.8,NA,1.5,NA,N,NA,NA
FR27,A1,Pl,1,4.2,2,4.6,0.8,N,NA,NA
FR27,A1,Pl,1,6.5,1,5.8,0.8,N,NA,NA
FR27,A1,Pl,1,3,3,3.7,0.9,N,NA,NA
FR27,A1,Pl,1,3.1,3,3.5,1,N,NA,NA
FR27,A1,Pl,2,3.1,3,3.8,0.7,blister rust,NA,NA
FR27,A1,Pl,1,4,2,3.8,1,N,NA,NA
FR27,A1,Pl,1,2.4,3,3.5,1.1,N,NA,NA
FR27,A1,Pl,1,4.9,2,5.6,1.2,N,NA,NA
FR27,A1,Pl,1,1.8,3,2.8,1,N,NA,NA
FR27,A1,Pl,3,1.5,NA,2.3,NA,blister rust,NA,NA
FR27,A1,Pl,3,1,NA,2,NA,blister rust,NA,NA
FR27,A1,Pl,1,2.5,3,3.5,0.8,N,NA,NA
FR27,A1,Pl,3,0.5,NA,1.6,NA,N,NA,NA
FR27,A1,Pl,1,2.9,3,3.4,0.5,N,NA,NA
FR27,A1,Pl,1,3.3,3,3.4,1.3,N,NA,NA
FR27,A1,Pl,2,3.5,3,3,1,N,NA,NA
FR27,A1,Pl,1,2.9,2,3.4,6.7,N,NA,NA
FR27,A1,Pl,2,1.4,4,2.1,0.5,blister rust,NA,NA
FR27,A1,Pl,1,2.8,3,2.5,1.2,N,NA,NA
FR27,A1,Pl,1,1.1,3,3.2,0.9,N,NA,NA
FR27,A1,Pl,2,2.3,3,3.4,1.2,blister rust,NA,NA
FR27,A1,Pl,1,7,2,5.6,1.1,N,NA,NA
FR27,A1,Pl,1,2.2,3,3.7,1.5,N,NA,NA
FR27,A1,Pl,2,2.9,3,3.6,1.7,blister rust and gall,NA,NA
FR27,A1,Pl,1,1.6,4,2.4,0.5,N,NA,NA
FR27,A1,Pl,2,1.7,4,2.6,0.5,blister rust,NA,NA
FR27,A1,Pl,2,1.4,NA,2.6,NA,blister rust,NA,NA
FR27,A1,Pl,1,3,2,4.6,1.3,N,NA,NA
FR27,A1,Pl,1,3,2,4.6,1.3,N,NA,NA
FR27,A1,Pl,1,2.5,3,3.8,0.9,N,NA,NA
FR27,A1,Pl,2,4.7,2,5.2,1,blister rust,NA,NA
FR27,A1,Pl,1,0.6,4,2.2,0.6,N,NA,NA
FR27,A1,Pl,1,4.8,2,5.2,1.2,N,NA,NA
FR27,A1,Pl,3,1.6,NA,3.2,NA,blister rust,NA,NA
FR27,A1,Pl,3,2.3,NA,3.3,NA,blister rust,NA,NA
FR27,A1,Pl,1,2.5,2,4,1.7,N,NA,NA
FR28,A1,Pl,1,4.8,2,4.5,0.4,N,NA,NA
FR28,A1,Pl,3,2.5,NA,3,NA,N,NA,NA
FR28,A1,Pl,2,4.3,2,4.3,0.7,blister rust,NA,NA
FR28,A1,Pl,1,3.5,2,4.4,1,N,NA,NA
FR28,A1,Pl,1,5.3,2,5,0.5,N,NA,NA
FR28,A1,Pl,1,5.9,2,4.5,0.7,N,NA,NA
FR28,A1,Pl,1,6.6,1,6,0.2,N,NA,NA
FR28,A1,Pl,1,2.8,3,3,1.2,N,NA,NA
FR28,A1,Pl,1,4.3,2,4.2,0.1,N,crook,NA
FR28,A1,At,2,3,3,3.5,1.8,LM,NA,NA
FR28,A1,Pl,1,6.1,2,4.9,0.5,N,NA,NA
FR28,A1,Pl,1,2.5,3,3.5,0.4,N,scar,NA
FR28,A1,Pl,1,5.7,1,5.9,0.1,N,NA,NA
FR28,A1,At,1,1.5,3,3,1.1,LM,NA,NA
FR28,A1,At,1,1.8,3,2.5,1.3,LM,NA,NA
FR28,A1,Pl,1,3.8,2,4.1,0.4,N,NA,NA
FR28,A1,Pl,1,4.5,2,4.1,0.1,N,NA,NA
FR28,A1,At,3,1.6,NA,2.5,NA,N,NA,NA
FR28,A1,At,2,3.6,2,3.3,2.1,LM,dead top,NA
FR28,A1,At,3,1.4,NA,1.4,NA,N,NA,NA
FR28,A1,Pl,1,3.9,2,4.1,0.2,N,NA,NA
FR28,A1,Pl,2,0.8,4,1.8,0.1,N,swoop,NA
FR28,A1,At,2,1.5,4,1.4,0.9,browse,NA,NA
FR28,A1,At,2,1.9,3,2.3,0.9,LM,NA,NA
FR28,A1,At,2,0.9,4,1.5,1,LM,NA,NA
FR28,A1,At,2,0.7,4,1.5,1.1,LM,NA,NA
FR28,A1,At,3,1.8,NA,2.5,NA,N,NA,NA
FR28,A1,At,3,1.8,NA,2.9,NA,N,NA,NA
FR28,A1,Pl,2,5.8,1,5.5,0.1,gall,NA,NA
FR28,A1,Pl,1,5.6,2,4.9,0.1,N,NA,NA
FR28,A1,At,1,7,1,5.1,3.5,N,ungulate rub,NA
FR28,A1,Pl,1,6.2,2,4.7,0.7,N,NA,NA
FR28,A1,Pl,1,2.3,3,3.5,0.5,N,NA,NA
FR28,A1,Pl,1,6.6,2,5.2,0.1,N,NA,NA
FR28,A1,Pl,1,6.7,2,5.6,0.3,N,NA,NA
FR28,A1,At,1,5,2,4,2.2,LM,NA,NA
FR28,A1,At,3,1.3,NA,2,NA,N,NA,NA
FR28,A1,At,3,1.8,NA,3,NA,N,NA,NA
FR28,A1,At,2,2.6,3,3,2.8,browse,NA,NA
FR28,A1,Pl,1,3.5,2,3.9,0.1,N,NA,NA
FR28,A1,Pl,1,6.8,2,4.5,0.2,N,NA,NA
FR28,A1,Pl,2,4.4,2,4.3,0.8,blister rust,NA,NA
FR28,A1,Pl,1,4.6,2,4.7,0.8,N,NA,NA
FR28,A1,Pl,1,4.1,2,4.5,1.2,N,NA,NA
FR28,A1,At,2,2,4,1.5,1.3,browse,NA,NA
FR28,A1,At,3,0.9,NA,1.9,NA,N,NA,NA
FR28,A1,At,1,2,3,3,1.7,browse,NA,NA
FR28,A1,At,3,0.9,NA,1.7,NA,N,NA,NA
FR28,A1,At,3,0.9,NA,1.7,NA,N,NA,NA
FR28,A1,At,1,2.3,2,4,1.2,browse,NA,NA
FR28,A1,Pl,1,4.4,2,4.7,0.2,N,NA,NA
FR28,A1,At,1,4.3,2,4,2,browse,NA,NA
FR28,A1,Pl,1,4.3,2,4.5,0.3,N,NA,NA
FR28,A1,Pl,1,4.2,2,4.6,0.6,N,"swoop, mechanical damage",NA
FR28,A1,Pl,2,2.8,3,3,0.4,N,mechanical damage,NA
FR28,A1,Pl,1,3.5,3,4,0.3,N,NA,NA
FR28,A1,Pl,1,2.1,3,3.7,1,N,NA,NA
FR28,A1,Pl,1,4.9,2,5,1,N,NA,NA
FR28,A1,Pl,1,2,3,3.5,0.9,N,NA,NA
FR28,A1,Pl,1,5.7,1,6.6,1.5,N,NA,NA
FR28,A1,Pl,1,1.3,3,3,0.9,N,mechanical damage,NA
FR28,A1,Pl,1,4.6,2,6.2,1.6,N,NA,NA
FR28,A1,Pl,1,5.2,2,6,1.3,N,NA,NA
FR28,A1,Pl,2,3.6,2,5,0.5,gall,NA,NA
FR28,A1,Pl,1,2,3,3.5,1.1,N,NA,NA
FR28,A1,Pl,1,2,3,3.3,1,N,NA,NA
FR28,A1,Pl,1,2,3,3.3,1.4,N,NA,NA
FR28,A1,Pl,1,3,2,4,0.8,N,NA,NA
FR28,A1,Pl,1,2.3,3,3.7,0.6,N,NA,NA
FR28,A1,Pl,1,2.2,3,3.2,0.9,N,NA,NA
FR28,A1,Pl,1,5.5,2,5.6,1.2,N,NA,NA
FR28,A1,Pl,1,4.8,2,4.9,0.7,N,NA,NA
FR28,A1,Pl,1,5.3,2,4.7,1.3,N,NA,NA
FR28,A1,Pl,1,5.1,2,5,0.6,N,NA,NA
FR28,A1,Pl,2,2.5,3,3,1,N,swoop,NA
FR28,A1,Pl,1,2,3,3.5,0.5,N,NA,NA
FR28,A1,Pl,1,5,1,6,1.1,N,NA,NA
FR28,A1,Pl,1,2.2,2,4.2,1.3,N,NA,NA
FR28,A1,Pl,1,3.5,2,5.2,1.3,N,NA,NA
FR28,A1,Pl,1,3.7,2,4.2,1,N,NA,NA
FR28,A1,Pl,1,3.8,2,4.5,1,N,NA,NA
FR28,A1,Pl,1,2.5,2,4,1,N,NA,NA
FR28,A1,Pl,1,4.3,2,5.2,1.1,N,NA,NA
FR28,A1,Pl,1,2.8,2,5,1.3,N,NA,NA
FR28,A1,Pl,1,2.8,2,5.1,1.6,N,NA,NA
FR28,A1,Pl,1,3,2,3.7,0.5,N,NA,NA
FR29,A1,Pl,3,1.1,NA,2.1,NA,N,NA,only 1/4 of A1
FR29,A1,Pl,1,1.8,2,2.5,0.6,N,NA,only 1/4 of A1
FR29,A1,Pl,1,4.4,1,4.4,0.7,N,NA,only 1/4 of A1
FR29,A1,Pl,1,3.1,2,4.3,1,N,NA,only 1/4 of A1
FR29,A1,Pl,1,2,2,4.2,0.8,N,NA,only 1/4 of A1
FR29,A1,Pl,2,2.8,2,3.6,0.9,gall,NA,only 1/4 of A1
FR29,A1,Pl,1,4,1,4.3,1.3,N,NA,only 1/4 of A1
FR29,A1,Pl,1,3.2,2,3.6,0.9,N,NA,only 1/4 of A1
FR29,A1,Pl,1,2.3,2,3,0.7,N,NA,only 1/4 of A1
FR29,A1,Pl,1,2.1,3,2.8,1,N,NA,only 1/4 of A1
FR29,A1,Pl,1,2.3,2,3,0.7,N,NA,only 1/4 of A1
FR29,A1,Pl,1,0.9,3,1.8,0.4,N,NA,only 1/4 of A1
FR29,A1,Pl,1,1.8,3,2.7,0.5,N,NA,only 1/4 of A1
FR29,A1,Pl,1,1.6,3,2.6,0.6,N,NA,only 1/4 of A1
FR29,A1,Pl,1,2.6,2,3.4,0.6,N,NA,only 1/4 of A1
FR29,A1,Pl,1,1,3,2,0.4,N,NA,only 1/4 of A1
FR29,A1,Pl,1,3.8,1,3.6,1,N,NA,only 1/4 of A1
FR29,A1,Pl,2,0.9,3,2,0.9,N,NA,only 1/4 of A1
FR29,A1,Pl,1,3.8,1,3.4,0.7,N,NA,only 1/4 of A1
FR29,A1,Pl,1,0.8,3,2,0.7,N,NA,only 1/4 of A1
FR29,A1,Pl,1,1.7,2,2.6,1.3,N,NA,only 1/4 of A1
FR29,A1,Pl,1,0.9,3,2.2,1,N,NA,only 1/4 of A1
FR29,A1,Pl,1,4,1,4.4,1,N,NA,only 1/4 of A1
FR29,A1,Pl,1,1.9,2,3,1,N,NA,only 1/4 of A1
FR29,A1,Pl,1,2.7,2,2.8,1.3,N,NA,only 1/4 of A1
FR29,A1,Pl,1,2.8,2,2.8,1.3,N,NA,only 1/4 of A1
FR29,A1,Pl,2,0.8,3,1.7,0.5,N,dead top,only 1/4 of A1
FR29,A1,Pl,1,2.3,2,2.8,0.9,N,NA,only 1/4 of A1
FR29,A1,Pl,1,2.1,2,2.7,1,N,dead top,only 1/4 of A1
FR29,A1,Pl,1,0.9,3,1.9,0.7,N,NA,only 1/4 of A1
FR29,A1,Pl,1,1.4,2,2.4,1.1,N,NA,only 1/4 of A1
FR29,A1,Pl,1,1.2,3,2.1,0.7,N,NA,only 1/4 of A1
FR29,A1,Pl,1,1.9,2,3,1.1,N,NA,only 1/4 of A1
FR29,A1,Pl,1,2.3,2,3.2,0.9,N,NA,only 1/4 of A1
FR29,A1,Pl,1,1.3,2,2.5,0.8,N,NA,only 1/4 of A1
FR29,A1,Pl,1,1,2,2.3,1.1,N,NA,only 1/4 of A1
FR29,A1,Pl,1,1.4,2,2.5,1,N,NA,only 1/4 of A1
FR29,A1,Pl,1,1.6,2,2.5,0.9,N,NA,only 1/4 of A1
FR29,A1,Pl,1,2.6,2,3,1.5,N,NA,only 1/4 of A1
FR29,A1,Pl,1,3.5,1,3.6,1.3,N,NA,only 1/4 of A1
FR29,A1,Pl,1,1,3,2.2,1,N,NA,only 1/4 of A1
FR29,A1,Pl,1,1.4,3,2.4,0.6,N,NA,only 1/4 of A1
FR29,A1,Pl,1,2.3,3,3.2,1.3,N,NA,only 1/4 of A1
FR29,A1,Pl,1,2,2,2.8,1,N,NA,only 1/4 of A1
FR29,A1,Pl,1,2.2,2,3.2,0.7,N,NA,only 1/4 of A1
FR29,A1,Pl,1,1.4,3,2.2,0.6,N,NA,only 1/4 of A1
FR29,A1,Pl,1,3,2,2.8,0.8,N,NA,only 1/4 of A1
FR29,A1,Pl,1,1.3,3,2.2,0.9,N,NA,only 1/4 of A1
FR29,A1,Pl,1,0.7,3,1.7,1,N,NA,only 1/4 of A1
FR29,A1,Pl,1,2.3,2,2.8,0.9,N,NA,only 1/4 of A1
FR29,A1,Pl,1,1.8,3,2.4,0.5,N,NA,only 1/4 of A1
FR29,A1,Pl,1,1.5,2,2.6,0.6,N,NA,only 1/4 of A1
FR29,A1,Pl,1,3.4,2,3.2,1.2,N,NA,only 1/4 of A1
FR29,A1,Pl,1,2.7,2,3,0.9,N,NA,only 1/4 of A1
FR29,A1,Pl,1,2.4,2,2.8,1,N,NA,only 1/4 of A1
FR29,A1,Pl,1,2,2,2.8,0.7,N,NA,only 1/4 of A1
FR29,A1,Pl,1,2.2,2,3.1,0.9,N,NA,only 1/4 of A1
FR29,A1,Pl,1,3.3,2,3.3,0.6,N,NA,only 1/4 of A1
FR29,A1,Pl,1,2.3,2,3.3,0.7,N,NA,only 1/4 of A1
FR29,A1,Pl,1,0.8,3,1.9,0.6,N,NA,only 1/4 of A1
FR29,A1,Pl,1,2.6,2,3.1,0.8,N,NA,only 1/4 of A1
FR29,A1,Pl,1,1.4,3,2.4,0.7,N,NA,only 1/4 of A1
FR29,A1,Pl,2,0.6,3,1.6,0.6,N,crook,only 1/4 of A1
FR29,A1,Pl,1,0.6,2,2.6,0.8,N,NA,only 1/4 of A1
FR29,A1,Pl,1,3.6,1,3.7,1,N,NA,only 1/4 of A1
FR29,A1,Pl,1,1.1,3,2.2,1,N,NA,only 1/4 of A1
FR29,A1,Pl,1,2.1,2,2.8,1,N,NA,only 1/4 of A1
FR29,A1,Pl,1,3.3,2,3.4,0.7,N,NA,only 1/4 of A1
FR29,A1,Pl,2,3.1,1,3.7,0.9,N,NA,only 1/4 of A1
FR29,A1,Pl,1,2.6,2,3.2,1.1,N,NA,only 1/4 of A1
FR29,A1,Pl,1,1,3,2.4,0.5,N,NA,only 1/4 of A1
FR29,A1,Pl,1,1.1,3,2.4,0.6,N,NA,only 1/4 of A1
FR29,A1,Pl,1,1.9,3,2.3,0.6,N,NA,only 1/4 of A1
FR29,A1,Pl,1,1.8,2,2.6,1.2,N,NA,only 1/4 of A1
FR29,A1,Pl,3,1.1,NA,1.9,NA,N,NA,only 1/4 of A1
FR29,A1,Pl,1,2.3,2,2.8,1.1,N,NA,only 1/4 of A1
FR29,A1,Pl,1,3.5,1,3.5,1.1,N,NA,only 1/4 of A1
FR29,A1,Pl,1,1.9,2,2.9,0.8,N,NA,only 1/4 of A1
FR29,A1,Pl,1,0.7,3,2,0.6,N,NA,only 1/4 of A1
FR29,A1,Pl,1,1.8,2,2.6,1,N,NA,only 1/4 of A1
FR29,A1,Pl,1,1.3,3,2.1,0.6,N,NA,only 1/4 of A1
FR29,A1,Pl,1,2,2,2.8,1.1,N,NA,only 1/4 of A1
FR29,A1,Pl,1,0.7,3,1.8,1.2,N,NA,only 1/4 of A1
FR29,A1,Pl,1,0.6,3,2.1,1.2,N,NA,only 1/4 of A1
FR29,A1,Pl,1,1.1,3,2.3,1.6,N,NA,only 1/4 of A1
FR29,A1,Pl,1,2.9,2,3.2,1,N,NA,only 1/4 of A1
FR29,A1,Pl,1,1.1,3,2.2,1.2,N,NA,only 1/4 of A1
FR29,A1,Pl,1,2.4,2,3.2,1.2,N,NA,only 1/4 of A1
FR29,A1,Pl,1,2,2,3.2,1.3,N,NA,only 1/4 of A1
FR29,A1,Pl,1,3.6,1,3.7,1,N,NA,only 1/4 of A1
FR29,A1,Pl,1,1.6,2,2.6,1,N,NA,only 1/4 of A1
FR29,A1,Pl,1,1.5,2,2.6,0.8,N,NA,only 1/4 of A1
FR29,A1,Pl,1,0.9,3,2.2,0.7,N,NA,only 1/4 of A1
FR29,A1,Pl,1,2.1,2,2.6,1,N,NA,only 1/4 of A1
FR29,A1,Pl,1,0.8,3,2,0.8,N,NA,only 1/4 of A1
FR29,A1,Pl,1,0.8,3,2.1,0.8,N,NA,only 1/4 of A1
FR29,A1,Pl,1,3.2,1,3.9,1,N,NA,only 1/4 of A1
FR29,A1,Pl,1,2.8,2,3.3,1,N,NA,only 1/4 of A1
FR29,A1,Pl,1,2,3,2.4,1.1,N,NA,only 1/4 of A1
FR29,A1,Pl,1,1.1,3,2.4,1.3,N,NA,only 1/4 of A1
FR29,A1,Pl,1,1.9,2,3,1.2,N,NA,only 1/4 of A1
FR29,A1,Pl,1,3.2,1,3.8,1.3,N,NA,only 1/4 of A1
FR29,A1,Pl,1,2.5,2,3.2,1.3,N,NA,only 1/4 of A1
FR29,A1,Pl,1,2.4,2,2.6,0.8,N,NA,only 1/4 of A1
FR29,A1,Pl,1,2.5,2,3.2,1.2,N,NA,only 1/4 of A1
FR29,A1,Pl,1,3.6,1,3.6,1,N,NA,only 1/4 of A1
FR29,A1,Pl,3,1.5,NA,2.1,NA,N,NA,only 1/4 of A1
FR29,A1,Pl,1,1,3,2.5,0.8,N,NA,only 1/4 of A1
FR29,A1,Pl,1,1.8,3,2.9,1.3,N,NA,only 1/4 of A1
FR29,A1,Pl,2,1.6,3,2.6,1,N,crook,only 1/4 of A1
FR29,A1,Pl,1,0.5,3,1.8,0.7,N,NA,only 1/4 of A1
FR29,A1,Pl,1,0.7,3,2.1,1.1,N,NA,only 1/4 of A1
FR29,A1,Pl,1,1.9,2,2.7,1.1,N,NA,only 1/4 of A1
FR29,A1,Pl,2,3,2,3.2,0.9,gall,NA,only 1/4 of A1
FR29,A1,Pl,1,3.3,1,3.5,1,N,NA,only 1/4 of A1
FR29,A1,Pl,1,2.2,2,3.1,1.2,N,NA,only 1/4 of A1
FR29,A1,Pl,1,0.4,3,1.6,0.6,N,NA,only 1/4 of A1
FR29,A1,Pl,1,2.9,2,3.3,1.8,N,NA,only 1/4 of A1
FR29,A1,Pl,1,1.3,2,2.7,0.8,N,NA,only 1/4 of A1
FR29,A1,Pl,1,0.7,3,1.9,0.7,N,NA,only 1/4 of A1
FR29,A1,Pl,1,1.9,2,2.8,1,N,NA,only 1/4 of A1
FR29,A1,Pl,1,2,2,2.8,1.1,N,NA,only 1/4 of A1
FR29,A1,Pl,1,0.8,3,2,0.9,N,NA,only 1/4 of A1
FR29,A1,Pl,1,2.4,2,2.9,1,N,NA,only 1/4 of A1
FR29,A1,Pl,1,2,2,2.8,1.2,N,NA,only 1/4 of A1
FR29,A1,Pl,1,0.9,3,2.3,0.6,N,NA,only 1/4 of A1
FR29,A1,Pl,1,1.7,2,2.6,0.8,N,NA,only 1/4 of A1
FR29,A1,Pl,1,0.7,3,1.9,0.8,N,NA,only 1/4 of A1
FR29,A1,Pl,1,0.9,2,2.3,1.2,N,NA,only 1/4 of A1
FR29,A1,Pl,1,2,2,2.9,1,N,NA,only 1/4 of A1
FR29,A1,Pl,1,1.9,2,2.7,0.7,N,NA,only 1/4 of A1
FR29,A1,Pl,1,2.6,1,3.2,0.5,N,NA,only 1/4 of A1
FR29,A1,Pl,1,1.2,3,2.4,1.2,N,NA,only 1/4 of A1
FR29,A1,Pl,1,0.5,4,1.5,0.9,N,NA,only 1/4 of A1
FR29,A1,Pl,1,2.2,2,2.7,0.5,N,NA,only 1/4 of A1
FR29,A1,Pl,1,1.5,2,2.6,0.5,N,NA,only 1/4 of A1
FR29,A1,Pl,1,1.6,2,2.8,0.6,N,NA,only 1/4 of A1
FR29,A1,Pl,1,2.5,2,3.1,0.7,gall,NA,only 1/4 of A1
FR29,A1,Pl,1,1.3,3,2.4,1.1,N,NA,only 1/4 of A1
FR29,A1,Pl,1,1.4,3,2.4,0.6,N,NA,only 1/4 of A1
FR29,A1,Pl,1,1.8,2,3.3,1,N,NA,only 1/4 of A1
FR29,A1,Pl,1,1.3,2,3.2,0.7,N,NA,only 1/4 of A1
FR29,A1,Pl,1,1.7,2,3.2,1.2,N,NA,only 1/4 of A1
FR29,A1,Pl,1,1.9,2,3.1,1.3,N,NA,only 1/4 of A1
FR29,A1,Pl,1,4.1,1,4.1,0.9,N,NA,only 1/4 of A1
FR29,A1,Pl,1,0.7,3,1.6,0.7,N,NA,only 1/4 of A1
FR29,A1,Pl,1,0.8,3,1.7,0.5,N,NA,only 1/4 of A1
FR30,A1,UC,6,7.6,NA,4,NA,N,char,NA
FR30,A1,Pl,1,1,2,1.8,0.3,N,NA,NA
FR30,A1,Pl,1,0.9,2,1.7,0.1,N,NA,NA
FR30,A1,Pl,1,0.7,2,1.7,0.2,N,NA,NA
FR30,A1,Pl,1,0.7,2,1.4,0.1,N,mechanical damage,NA
FR30,A1,UC,6,10.3,NA,2.4,NA,N,char,NA
FR30,A1,Pl,1,1,2,1.6,0.1,N,NA,NA
FR30,A1,Pl,1,1.8,1,2.3,0.2,N,NA,NA
FR30,A1,UC,6,5,NA,1.3,NA,N,char,NA
FR30,A1,Pl,1,1.1,2,1.6,0.1,N,NA,NA
FR30,A1,Pl,1,1.3,2,1.7,0.1,N,NA,NA
FR30,A1,Pl,1,1.1,2,1.7,0.1,N,NA,NA
FR30,A1,Pl,1,1,2,1.4,0.1,N,NA,NA
FR30,A1,Pl,1,1.9,2,1.9,0.1,N,NA,NA
FR30,A1,UC,5,9.5,NA,6.2,NA,N,char,NA
FR30,A1,Pl,1,2,1,2.5,0.2,N,NA,NA
FR30,A1,Pl,1,1.8,1,1.9,0.1,N,NA,NA
FR30,A1,Pl,1,0.8,2,1.5,0.1,N,NA,NA
FR30,A1,Pl,1,1.9,1,2.5,0.1,N,NA,NA
FR30,A1,Pl,1,1.6,1,2.3,0.1,N,NA,NA
FR30,A1,Pl,1,0.8,2,1.7,0.1,N,NA,NA
FR30,A1,Pl,1,1.3,2,1.9,0.1,N,NA,NA
FR30,A1,Pl,1,1.1,2,1.9,0.1,N,NA,NA
FR30,A1,Pl,1,1.2,2,1.7,0.1,N,NA,NA
FR30,A1,Pl,1,1,2,1.6,0.1,N,NA,NA
FR31,A1,Pl,1,1.2,2,1.8,0.1,N,NA,NA
FR31,A1,Pl,1,2.6,1,2.4,0.1,N,NA,NA
FR31,A1,Pl,1,1.6,2,1,0.1,N,NA,NA
FR31,A1,Pl,1,2.2,2,2.2,0.1,N,NA,NA
FR31,A1,Pl,1,1.1,2,1.9,0.2,N,NA,NA
FR31,A1,Pl,1,0.7,2,1.4,0.1,N,NA,NA
FR31,A1,Pl,1,1,2,1.5,0.1,N,NA,NA
FR31,A1,Pl,1,1.3,2,2.1,0.1,N,NA,NA
FR31,A1,Pl,2,0.7,2,1.4,0.1,blister rust,swoop,NA
FR31,A1,Pl,1,3.5,1,2.9,0.1,N,NA,NA
FR31,A1,Pl,1,1.4,2,2.1,0.1,N,NA,NA
FR31,A1,Pl,1,0.5,2,1.6,0.2,N,NA,NA
FR31,A1,Pl,1,0.9,2,1.5,0.1,N,NA,NA
FR31,A1,Pl,1,1.7,1,2.1,0.1,N,NA,NA
FR31,A1,Sx,3,6.5,NA,6.9,NA,N,NA,NA
FR31,A1,Pl,1,1.3,2,1.6,0.1,N,competing leads,NA
FR32,A1,Ac,1,0.6,3,1.6,0.3,N,NA,NA
FR32,A1,At,1,1.4,2,2.6,0.8,N,NA,NA
FR32,A1,At,1,0.6,3,1.5,0.3,LM,NA,NA
FR32,A1,At,1,2.6,1,3.4,0.7,LM,NA,NA
FR32,A1,Pl,1,1.7,2,2.3,0.1,LW?,NA,NA
FR32,A1,Pl,1,2.7,2,2.9,0.3,LW?,NA,NA
FR32,A1,Pl,1,2.8,2,2.8,0.1,LW?,NA,NA
FR32,A1,Pl,1,2.8,2,2.8,0.1,LW?,NA,NA
FR32,A1,Pl,1,3,2,3,0.2,LW?,NA,NA
FR32,A1,Pl,1,3.5,2,3,0.1,LW?,NA,NA
FR32,A1,Pl,1,3.3,2,1.9,0.2,LW?,NA,NA
FR32,A1,Pl,1,3.4,2,1.9,0.1,LW?,NA,NA
FR32,A1,Pl,1,3.3,2,2.7,0.2,LW?,NA,NA
FR32,A1,Pl,1,2,2,2.6,0.1,LW?,NA,NA
FR32,A1,Pl,1,2.2,2,1.4,0.4,LW?,NA,NA
FR32,A1,Pl,1,2.3,2,2.7,0.5,LW?,NA,NA
FR32,A1,Pl,1,1.8,2,2.4,0.1,LW?,NA,NA
FR32,A1,Pl,1,1.9,2,2.6,0.1,LW?,forked,NA
FR32,A1,Pl,1,0.9,2,1.9,0.1,LW?,NA,NA
FR32,A1,Pl,1,2.7,2,2.5,0.1,LW?,NA,NA
FR32,A1,Pl,1,0.7,3,1.5,0.1,N,NA,NA
FR32,A1,Pl,1,1.2,2,2,0.1,LW?,NA,NA
FR32,A1,Pl,1,1.8,2,2.3,0.1,LW?,NA,NA
FR32,A1,Pl,2,1.8,2,2.4,0.2,LW?,NA,NA
FR32,A1,Pl,1,1.5,2,2.3,0.1,N,NA,NA
FR32,A1,Pl,1,1.2,2,2.2,0.2,LW?,NA,NA
FR32,A1,At,1,0.4,3,1.7,0.1,LM,NA,NA
FR32,A1,Pl,1,3.1,2,2.8,0.1,LW?,NA,NA
FR32,A1,Pl,1,2.1,2,2.5,0.1,LW?,NA,NA
FR32,A1,At,1,1.3,3,2.1,0.2,LM,NA,NA
FR32,A1,At,1,0.7,3,2,0.3,LM,NA,NA
FR32,A1,At,2,1.9,3,1.6,0.2,LM,NA,NA
FR32,A1,At,1,0.7,3,1.9,0.3,LM,NA,NA
FR32,A1,At,1,0.8,3,2.1,0.2,LM,NA,NA
FR32,A1,Pl,1,2.6,2,2.6,0.2,LW?,NA,NA
FR33,A1,At,1,1.6,1,2.6,0.1,LM,swoop,NA
FR33,A1,At,1,1.3,2,2.4,0.4,LM,NA,NA
FR33,A1,At,1,0.9,2,2.3,0.7,LM,NA,NA
FR33,A1,At,1,0.3,2,1.6,0.3,LM,NA,NA
FR33,A1,Pl,1,0.9,3,1.4,0.2,N,NA,NA
FR33,A1,Pl,1,1,2,1.6,0.1,LW?,NA,NA
FR33,A1,Pl,1,1,2,1.6,0.1,N,NA,NA
FR33,A1,Pl,1,2,2,2.2,0.1,LW?,NA,NA
FR33,A1,Pl,1,1.5,2,2.1,0.1,LW?,NA,NA
FR33,A1,Pl,1,2.1,2,2.3,0.2,LW?,NA,NA
FR33,A1,Pl,1,1.1,2,2.2,0.1,N,NA,NA
FR33,A1,Pl,1,0.9,2,1.6,0.1,N,NA,NA
FR33,A1,Pl,1,1.4,2,1.8,0.1,N,NA,NA
FR33,A1,Pl,1,1.2,2,1.9,0.1,N,NA,NA
FR33,A1,At,1,0.5,2,1.6,0.8,LM,NA,NA
FR33,A1,Pl,1,0.8,2,1.6,0.1,N,NA,NA
FR33,A1,Pl,1,2.8,1,1.9,0.2,LW?,NA,NA
FR33,A1,Pl,1,1.7,2,2.4,0.1,LW?,NA,NA
FR33,A1,Pl,1,0.9,3,1.4,0.1,N,NA,NA
FR33,A1,At,1,0.4,2,1.5,0.4,LM,NA,NA
FR33,A1,At,1,0.4,2,1.5,0.6,LM,NA,NA
FR33,A1,At,1,0.4,2,1.4,0.4,LM,NA,NA
FR33,A1,Pl,1,1,2,2,0.1,N,NA,NA
FR33,A1,Pl,1,1.7,2,2.2,0.1,N,NA,NA
FR33,A1,Pl,1,1.4,2,2.1,0.1,N,NA,NA
FR33,A1,Pl,1,0.9,3,1.4,0.1,LW?,NA,NA
FR33,A1,At,1,1,1,2.3,0.5,LM,NA,NA
FR33,A1,At,1,0.4,2,1.5,0.5,LM,NA,NA
FR33,A1,At,1,0.9,2,2.1,0.8,LM,NA,NA
FR33,A1,Pl,1,0.6,2,1.5,0.1,N,NA,NA
FR33,A1,At,1,1.6,1,2.4,0.4,LM,NA,NA
FR33,A1,At,1,0.3,3,1.5,0.7,LM,NA,NA
FR33,A1,At,1,0.6,2,1.6,0.4,LM,NA,NA
FR33,A1,Pl,1,1,2,1.9,0.1,N,NA,NA
FR33,A1,Pl,1,1.3,2,2.2,0.1,N,forked,NA
FR33,A1,Pl,1,0.7,2,1.5,0.1,N,NA,NA
FR33,A1,At,1,0.4,2,1.6,0.4,LM,NA,NA
FR33,A1,At,1,0.5,2,1.7,0.5,LM,NA,NA
FR34,A1,Pl,2,2.7,3,4.5,0.9,N,snag,NA
FR34,A1,Pl,3,8.3,NA,5.3,NA,N,NA,NA
FR34,A1,Pl,1,10.8,2,8.4,1.6,N,fire scar,NA
FR34,A1,Pl,3,7.7,NA,5.5,NA,gall,NA,NA
FR34,A1,Sx,3,0.7,NA,1.6,NA,N,NA,NA
FR34,A1,Pl,1,3.7,3,5.2,1.8,N,NA,NA
FR34,A1,Pl,1,9.6,2,8.1,2.5,N,NA,NA
FR34,A1,Pl,2,1.9,3,2.7,2,N,NA,NA
FR34,A1,Pl,1,10.7,2,8.5,2.5,N,NA,NA
FR34,A1,Pl,1,8.9,2,8.5,1.6,gall,NA,NA
FR34,A1,Sx,3,0.7,NA,1.6,NA,N,NA,NA
FR34,A1,Pl,1,3.7,3,5.2,1.8,N,NA,NA
FR34,A1,Pl,1,9.6,2,8.1,2.5,N,NA,NA
FR34,A1,Pl,2,1.9,3,2.7,2,N,NA,NA
FR34,A1,Pl,1,10.7,2,8.5,2.5,N,NA,NA
FR34,A1,Pl,1,8.9,2,8.5,1.6,gall,NA,NA
FR34,A1,Pl,1,5,3,5.8,1.7,N,NA,NA
FR34,A1,Pl,1,4.8,3,5.8,1.4,N,swoop,NA
FR34,A1,Pl,1,12.3,2,7.5,1.3,N,NA,NA
FR34,A1,Pl,2,10.1,2,7.7,1.9,gall,NA,NA
FR34,A1,Pl,1,12,2,8,1.9,gall,NA,NA
FR34,A1,Pl,1,4.7,3,6.1,2.4,N,NA,NA
FR35,A1,Pl,1,1,2,1.7,0.1,N,NA,NA
FR35,A1,Pl,1,1.5,2,2.1,0.1,N,mechanical damage,NA
FR35,A1,Pl,1,2.1,2,2.3,0.1,N,mechanical damage,NA
FR35,A1,Pl,1,2.6,1,2.7,0.1,N,NA,NA
FR35,A1,Pl,1,1.6,2,1.8,0.1,N,NA,NA
FR35,A1,Pl,1,1.4,2,2.1,0.1,N,NA,NA
FR35,A1,Pl,1,1.8,2,2.3,0.1,N,NA,NA
FR35,A1,UC,5,12.2,NA,6.1,NA,N,char,NA
FR35,A1,Pl,1,1.7,2,2.1,0.2,N,NA,NA
FR35,A1,Pl,1,1.9,2,2.4,0.1,N,NA,NA
FR35,A1,Pl,1,1.6,2,2.1,0.2,N,NA,NA
FR35,A1,Pl,1,1,2,1.8,0.1,N,NA,NA
FR35,A1,Pl,1,1.7,2,2.2,0.2,N,NA,NA
FR35,A1,Pl,1,0.5,2,1.5,0.3,N,NA,NA
FR35,A1,Pl,1,1.4,2,2.1,0.1,N,NA,NA
FR35,A1,Pl,1,1.8,2,2.4,0.1,N,NA,NA
FR35,A1,Pl,1,0.1,2,1.6,0.1,N,NA,NA
FR35,A1,Pl,1,0.5,2,1.5,0.1,N,NA,NA
FR35,A1,Pl,1,0.5,2,1.4,0.1,N,NA,NA
FR35,A1,Pl,1,0.6,2,1.4,0.1,N,NA,NA
FR35,A1,UC,6,7.3,NA,2.4,NA,N,char,NA
FR35,A1,Pl,1,3.5,1,2.6,0.1,N,NA,NA
FR35,A1,UC,6,9.7,NA,9.6,NA,N,char,NA
FR35,A1,Pl,1,0.8,2,1.5,0.2,N,NA,NA
FR35,A1,Pl,1,0.7,2,1.6,0.1,N,NA,NA
FR35,A1,Pl,1,0.6,2,1.5,0.2,N,NA,NA
FR35,A1,Pl,1,1.6,2,2.3,0.2,N,NA,NA
FR35,A1,Pl,1,1.4,2,2.3,0.1,N,NA,NA
FR35,A1,Pl,1,0.8,2,1.6,0.2,N,NA,NA
FR35,A1,Pl,1,1.1,2,1.7,0.1,N,NA,NA
FR35,A1,Pl,1,1.6,2,2.3,0.1,LW?,NA,NA
FR35,A1,Pl,1,1.6,2,2.2,0.2,N,NA,NA
FR35,A1,Pl,1,0.7,2,1.4,0.1,N,NA,NA
FR35,A1,Pl,1,1,2,1.5,0.1,N,competing leads,NA
FR35,A1,Pl,1,0.6,2,1.4,0.2,N,NA,NA
FR35,A1,Pl,1,0.5,2,1.4,0.2,N,NA,NA
FR35,A1,Pl,1,1.6,2,2,0.2,N,NA,NA
FR35,A1,Pl,1,1.1,2,1.9,0.2,N,NA,NA
FR35,A1,Pl,1,1.4,2,2.2,0.2,N,NA,NA
FR35,A1,Pl,1,1.9,2,1.9,0.1,N,mechanical damage,NA
FR35,A1,Pl,1,0.5,2,1.5,0.1,N,NA,NA
FR35,A1,Pl,1,1.6,2,1.8,0.1,LW?,NA,NA
FR35,A1,Pl,1,1.2,2,1.9,0.1,LW?,NA,NA
FR35,A1,Pl,1,0.7,2,1.5,0.1,N,NA,NA
FR35,A1,Pl,1,1.3,2,1.9,0.2,N,NA,NA
FR35,A1,Pl,1,0.7,2,1.5,0.1,LW?,NA,NA
FR35,A1,Pl,1,0.9,2,1.7,0.1,N,NA,NA
FR35,A1,Pl,1,0.9,2,1.4,0.1,LW?,NA,NA
FR35,A1,Pl,1,0.5,2,1.6,0.1,N,NA,NA
FR35,A1,Pl,1,2,2,2,0.2,LW?,NA,NA
FR35,A1,Pl,1,1.1,2,1.8,0.1,N,NA,NA
FR35,A1,Pl,1,1.9,2,2.2,0.1,N,mechanical damage,NA
FR35,A1,Pl,1,1.9,2,2.2,0.1,LW?,NA,NA
FR35,A1,Pl,1,2,2,2.3,0.1,N,NA,NA
FR35,A1,Pl,1,0.6,2,1.6,0.1,N,NA,NA
FR35,A1,Pl,1,3.8,1,3,0.1,LW?,mechanical damage,NA
FR35,A1,Pl,1,1.6,2,2.2,0.1,N,NA,NA
FR35,A1,Pl,1,0.9,2,1.4,0.1,N,NA,NA
FR35,A1,Sx,3,2.6,NA,2.1,NA,N,NA,NA
FR35,A1,Pl,1,2.4,2,2.1,0.2,N,NA,NA
FR36,A1,Sx,1,6.2,3,6.3,0.6,N,NA,NA
FR36,A1,Sx,1,9.4,3,8.6,0.1,N,NA,NA
FR36,A1,Pl,2,10.6,2,13.4,7,blister rust,NA,NA
FR36,A1,Pl,2,3.9,3,6.1,3.3,N,NA,NA
FR36,A1,Pl,1,6.5,2,9.6,5.6,N,NA,NA
FR36,A1,Pl,2,1.3,3,2.4,1.7,N,NA,NA
FR36,A1,Pl,1,9.1,2,12.6,7,N,NA,NA
FR36,A1,Pl,2,5.7,3,9.6,3,gall,NA,NA
FR36,A1,Pl,1,7.3,2,11.1,4.4,N,NA,NA
FR36,A1,Pl,5,7.9,NA,9.4,NA,N,NA,NA
FR36,A1,Pl,1,2.2,3,4.1,1.4,N,NA,NA
FR36,A1,Pl,2,0.9,3,2,1.3,N,NA,NA
FR36,A1,Pl,1,2.1,3,3.8,1.2,N,NA,NA
FR36,A1,Pl,3,3.3,NA,4.8,NA,gall,NA,NA
FR36,A1,Sx,1,2.1,3,3.8,0.3,N,NA,NA
FR36,A1,Pl,3,1.4,NA,3.8,NA,N,NA,NA
FR36,A1,Pl,2,2.6,3,5.8,2.9,N,NA,NA
FR36,A1,Pl,2,2.5,3,5,1.7,N,NA,NA
FR36,A1,Pl,2,2,3,4.8,2,N,NA,NA
FR36,A1,Pl,1,8.1,2,10.6,3.4,N,NA,NA
FR36,A1,Pl,2,2.2,3,4.8,3.3,N,NA,NA
FR36,A1,Pl,2,1.9,3,3.5,2.5,N,NA,NA
FR36,A1,Pl,1,1.6,3,3,1.4,N,NA,NA
FR36,A1,Pl,1,4.1,3,6.5,3.2,N,NA,NA
FR36,A1,Sx,1,3.2,3,4.2,0.5,N,NA,NA
FR36,A1,Pl,3,3.6,NA,5.8,NA,N,NA,NA
FR36,A1,Pl,2,2.8,3,5,4.2,N,NA,NA
FR36,A1,Pl,1,6.3,2,9.9,3.5,N,NA,NA
FR36,A1,Pl,1,4.1,3,6.5,3,N,NA,NA
FR36,A1,Pl,2,1.5,3,3.6,3,N,NA,NA
FR36,A1,Pl,1,4.2,3,7.1,3.3,N,crook,NA
FR36,A1,Pl,1,5.8,2,9.7,6.6,N,NA,NA
FR36,A1,Pl,1,2.9,3,4.2,1.3,N,NA,NA
FR36,A1,Pl,2,3.2,3,5.9,4,N,NA,NA
FR36,A1,Pl,2,3.3,3,3.8,4.2,N,NA,NA
FR36,A1,Pl,2,1.9,3,2.1,3.9,N,NA,NA
FR36,A1,Pl,3,3,NA,6,NA,N,NA,NA
FR36,A1,Pl,1,9.8,2,12.7,7.5,N,crook,NA
FR36,A1,Pl,3,2.2,NA,4.5,NA,N,NA,NA
FR36,A1,Pl,3,1.9,NA,3,NA,gall,NA,NA
FR36,A1,Pl,1,8.5,2,12.7,7.5,N,NA,NA
FR36,A1,Pl,2,1.6,3,2.2,2,N,NA,NA
FR36,A1,Pl,2,2.4,3,2.9,2.1,N,NA,NA
FR36,A1,Pl,2,2.5,3,3.8,2.1,N,NA,NA
FR36,A1,Pl,2,2.4,3,3.8,1.9,N,NA,NA
FR36,A1,Pl,3,2,NA,3.8,NA,N,NA,NA
FR36,A1,Sx,2,4.1,3,4.1,0.7,N,NA,NA
FR36,A1,Pl,1,8.2,2,13.5,8.1,N,NA,NA
FR36,A1,Pl,1,9.2,2,13.5,8,N,NA,NA
FR36,A1,Pl,1,10.4,2,13.5,8,N,NA,NA
FR36,A1,Pl,3,3.5,NA,6,NA,N,NA,NA
FR36,A1,Pl,2,2.3,3,4.2,3.2,N,NA,NA
FR36,A1,Pl,1,7.3,2,12.5,7,blister rust,NA,NA
FR36,A1,Sx,1,3.9,2,6.4,0.8,N,NA,NA
FR36,A1,Pl,2,1.8,3,4.8,2.2,N,NA,NA
FR36,A1,Pl,1,9.2,2,11.9,6,N,NA,NA
FR36,A1,Sx,1,3.3,2,6,1,N,NA,NA
FR36,A1,Sx,1,9.5,2,9.8,1,N,NA,NA
FR36,A1,Pl,1,8,2,11,5.5,N,NA,NA
FR36,A1,Pl,2,3.4,3,8,5,N,NA,NA
FR36,A1,Pl,3,1.8,NA,2.9,NA,N,NA,NA
FR36,A1,Sx,1,5.9,2,6.4,2.4,N,NA,NA
FR36,A1,Pl,2,3.5,2,6,4.5,N,NA,NA
FR36,A1,Pl,3,1.5,NA,3.6,NA,N,NA,NA
FR36,A1,Pl,2,2.3,3,6.6,6.3,N,NA,NA
FR36,A1,Sx,1,3.2,3,4,1.3,N,NA,NA
FR36,A1,UC,3,3,NA,1.5,NA,N,broken top,NA
FR36,A1,Pl,1,4.3,2,6.6,2.7,N,NA,NA
FR36,A1,Sx,1,0.9,4,1.8,0.2,N,NA,NA
FR36,A1,Pl,1,4.7,2,7.9,1.3,N,NA,NA
FR36,A1,Pl,2,1.7,3,3,1,N,NA,NA
FR36,A1,Pl,1,2.8,3,4,1.9,N,NA,NA
FR36,A1,Sx,1,8.9,2,7.9,3.7,N,NA,NA
FR36,A1,Sx,1,0.5,4,1.6,0.3,N,NA,NA
FR36,A1,Sx,1,2,4,3.5,0.9,N,NA,NA
FR37,A1,Pl,1,1.3,3,2.1,0.3,N,NA,NA
FR37,A1,At,1,2.6,2,4,0.3,LM,NA,NA
FR37,A1,At,1,0.5,3,1.9,0.3,LM,NA,NA
FR37,A1,Pl,1,5.9,2,4.3,0.2,gall,NA,NA
FR37,A1,At,1,1.6,3,2.9,1,LM,NA,NA
FR37,A1,At,1,2.6,2,4,0.6,LM,NA,NA
FR37,A1,At,1,1.7,3,3.2,0.6,LM,NA,NA
FR37,A1,At,1,1.5,3,2.9,0.4,LM,NA,NA
FR37,A1,At,1,1.3,3,2.4,0.7,LM,NA,NA
FR37,A1,At,1,1.3,3,2.5,0.7,LM,NA,NA
FR37,A1,At,1,1.8,3,3,1.4,LM,NA,NA
FR37,A1,At,1,3.4,2,5,1.3,LM,NA,NA
FR37,A1,At,1,0.5,3,2.1,0.5,LM,NA,NA
FR37,A1,At,1,1,3,2.3,1.5,LM,NA,NA
FR37,A1,At,1,0.6,3,1.4,0.3,LM,NA,NA
FR37,A1,At,1,0.5,3,1.4,0.5,LM,NA,NA
FR37,A1,At,1,0.5,3,1.5,0.4,LM,NA,NA
FR37,A1,At,1,0.7,3,1.6,0.4,LM,NA,NA
FR37,A1,At,1,4,2,4.9,1.3,LM,NA,NA
FR38,A1,Pl,1,8.1,2,5.4,0.2,N,NA,NA
FR38,A1,Pl,1,7.2,2,5.3,0.3,N,NA,NA
FR38,A1,Pl,2,8,2,5.4,0.2,N,NA,NA
FR38,A1,Pl,1,8.9,2,6.1,0.2,N,NA,NA
FR38,A1,Pl,1,8.5,2,5.4,0.3,N,NA,NA
FR38,A1,Pl,1,6.5,2,4.7,0.3,N,NA,NA
FR38,A1,Pl,1,9.4,2,6.2,0.2,N,NA,NA
FR38,A1,Pl,1,7.3,2,6.4,0.1,N,forked at base,NA
FR38,A1,Pl,1,6,2,5.8,0.1,N,forked at base,NA
FR38,A1,Pl,1,6.9,2,5.5,0.1,N,NA,NA
FR38,A1,Pl,1,8.9,2,6.4,0.1,gall,NA,NA
FR38,A1,Pl,1,3.2,3,3.7,0.1,gall,NA,NA
FR38,A1,Pl,1,6.2,2,4.7,0.1,N,NA,NA
FR39,A1,Pl,1,7.5,2,6.2,0.9,N,NA,NA
FR39,A1,Pl,1,6.2,2,6.1,0.5,N,NA,NA
FR39,A1,Pl,1,6,2,6.1,1,N,NA,NA
FR39,A1,Pl,1,3.4,3,3.7,0.1,N,NA,NA
FR39,A1,Pl,1,8,2,6,0.1,N,mechanical damage,NA
FR39,A1,Pl,1,2.6,3,3.5,0.4,N,"mechanical damage, swoop",NA
FR39,A1,Pl,1,6.4,2,5.4,0.3,N,mechanical damage,NA
FR39,A1,Pl,1,3.2,3,3,0.1,N,NA,NA
FR39,A1,Pl,1,6,2,6.2,0.3,N,NA,NA
FR39,A1,Pl,1,3.3,3,3.5,0.4,N,mechanical damage,NA
FR39,A1,Pl,1,4.7,2,4.8,0.1,N,NA,NA
FR39,A1,Pl,1,7.9,2,6.3,0.7,N,NA,NA
FR39,A1,Pl,2,0.7,3,1.4,0.2,N,mechanical damage,NA
FR39,A1,Pl,1,5.8,2,4.5,0.3,N,NA,NA
FR39,A1,Pl,1,6.8,2,5.5,0.1,N,NA,NA
FR39,A1,Pl,2,2.5,3,2.1,0.3,N,swoop,NA
FR40,A1,Pl,1,4.4,2,4.6,0.3,N,NA,NA
FR40,A1,Pl,1,5.7,2,4.9,0.4,N,NA,NA
FR40,A1,Pl,1,3.7,2,4,0.3,N,mechanical damage,NA
FR40,A1,Pl,1,0.6,3,1.4,0.4,N,NA,NA
FR40,A1,Pl,1,4.1,2,3.6,0.4,N,mechanical damage,NA
FR40,A1,Pl,1,5,2,4.4,0.4,N,mechanical damage,NA
FR40,A1,Pl,1,4,2,4.6,0.3,N,mechanical damage,NA
FR40,A1,Pl,1,7.3,2,6,0.3,N,NA,NA
FR40,A1,Pl,2,2.5,3,3,0.3,blister rust,forked,NA
FR40,A1,Pl,1,4,2,4.4,0.6,N,mechanical damage,NA
FR40,A1,Pl,1,3.2,2,3.8,0.3,N,mechanical damage,NA
FR40,A1,Pl,1,4.9,2,5,0.4,N,NA,NA
FR40,A1,Pl,1,4.8,2,5,0.6,N,NA,NA
FR40,A1,Pl,1,7.2,2,6.1,0.3,N,mechanical damage,NA
FR40,A1,Pl,1,5,2,3.5,0.4,N,"mechanical damage, swoop",NA
FR40,A1,Pl,1,6.3,2,4.5,0.3,N,"mechanical damage, swoop",NA
FR40,A1,Pl,1,1.5,3,2.1,0.2,N,mechanical damage,NA
FR40,A1,Pl,1,2,3,2.3,0.3,N,NA,NA
FR40,A1,Pl,1,4.3,2,4.1,0.2,LW?,mechanical damage,NA
FR40,A1,Pl,1,3.3,2,3.9,0.4,N,mechanical damage,NA
FR40,A1,Pl,1,0.5,3,1.4,0.2,N,NA,NA
FR40,A1,Pl,1,2.1,3,2.5,0.4,N,mechanical damage,NA
FR40,A1,Pl,1,2.2,3,2.4,0.2,N,mechanical damage,NA
FR40,A1,Pl,1,3.1,2,3.9,0.1,N,NA,NA
FR40,A1,Pl,1,4.9,2,4.1,0.3,N,mechanical damage,NA
FR40,A1,Pl,1,2,3,2.7,0.2,N,NA,NA
FR40,A1,Pl,1,2.2,3,2.7,0.5,N,mechanical damage,NA
FR40,A1,Pl,1,4.5,2,4.4,0.3,N,mechanical damage,NA
FR40,A1,Pl,1,4.3,2,4.3,0.3,N,mechanical damage,NA
FR40,A1,At,1,0.8,3,2.2,0.5,LM,NA,NA
FR40,A1,Pl,1,6,2,5.5,0.1,N,NA,NA
FR40,A1,Pl,1,6.2,2,5.4,0.4,N,NA,NA
FR40,A1,Pl,1,1.1,3,2.1,0.2,N,mechanical damage,NA
FR40,A1,Pl,1,3,2,3,0.1,N,mechanical damage,NA
FR40,A1,Pl,1,5.6,2,4.7,0.5,N,mechanical damage,NA
FR40,A1,Pl,1,2.8,3,2.8,0.4,N,mechanical damage,NA
FR40,A1,Pl,1,4.2,2,4.4,0.4,N,NA,NA
FR40,A1,Pl,1,1.9,3,2.5,0.3,N,NA,NA
FR40,A1,Pl,1,3.9,2,4.6,0.2,N,mechanical damage,NA
FR40,A1,Pl,1,2.7,3,2.8,0.3,N,mechanical damage,NA
FR40,A1,Pl,1,3.2,3,3,0.3,N,NA,NA
FR40,A1,Pl,1,2.2,3,2.6,0.2,N,NA,NA
FR40,A1,Pl,1,2.9,3,3.7,0.5,N,mechanical damage,NA
FR40,A1,Pl,1,5.6,2,5,0.5,N,mechanical damage,NA
FR40,A1,Pl,1,4,2,4.2,0.4,N,NA,NA
FR40,A1,Pl,1,6.6,2,5,0.8,N,mechanical damage,NA
FR40,A1,Pl,1,6.9,2,6.2,0.6,N,NA,NA
FR40,A1,Sx,1,1.6,3,2.4,0.1,N,mechanical damage,NA
FR40,A1,Sx,1,0.5,3,1.5,0.1,N,NA,NA
FR40,A1,At,1,0.6,3,1.6,0.3,N,NA,NA
FR41,A1,Pl,1,2.1,2,2.2,0.1,N,NA,NA
FR42,A1,NA,NA,NA,NA,NA,NA,NA,no trees,NA
FR43,A1,Pl,1,8.9,2,10.1,3.1,N,NA,NA
FR43,A1,Pl,2,4.3,3,4.4,2.1,N,NA,NA
FR43,A1,Pl,1,9.2,2,10.2,5.3,gall,NA,NA
FR43,A1,Sx,1,8.3,3,8.4,2.1,aphids,forked at base,NA
FR43,A1,At,1,9.8,2,11.7,10,N,ungulate rub,NA
FR43,A1,Pl,1,12,2,11.1,5.4,N,NA,NA
FR43,A1,Pl,1,2,3,2.8,0.8,N,NA,NA
FR43,A1,Sx,1,8.7,3,8.3,3,aphids,NA,NA
FR43,A1,At,3,5.1,NA,5.5,NA,N,NA,NA
FR43,A1,At,1,6.7,3,7.7,4.6,LM,ungulate rub,NA
FR43,A1,Sx,1,10.8,2,11.8,3,aphids,NA,NA
FR44,A1,NA,NA,NA,NA,NA,NA,NA,no trees,NA
FR45,A1,UC,3,3,NA,2.4,NA,N,broken top,NA
FR45,A1,Sx,1,8.7,3,6.7,1.9,N,NA,NA
FR45,A1,Pl,3,8.2,NA,4.1,NA,N,broken top,NA
FR45,A1,Sx,1,4.8,NA,5.8,NA,N,NA,NA
FR45,A1,Pl,2,4.4,3,6,5.5,N,mechanical damage,NA
FR45,A1,Pl,2,9.3,2,12.5,8.1,N,mechanical damage,NA
FR45,A1,Pl,1,7.7,3,9.4,5.6,N,mechanical damage,NA
FR45,A1,Pl,1,8,2,10.4,6.6,N,NA,NA
FR45,A1,Pl,1,11.3,2,12.9,6.3,N,mechanical damage,NA
FR45,A1,Pl,3,7.8,NA,6.6,NA,N,broken top,NA
FR45,A1,Pl,3,9.7,NA,7,NA,N,broken top,NA
FR45,A1,Pl,2,4.7,3,4.1,1.5,N,NA,NA
FR45,A1,Pl,3,4.8,NA,3,NA,N,broken top,NA
FR45,A1,Pl,2,2,3,4.2,2.6,N,NA,NA
FR45,A1,Pl,2,2.9,3,4,2.4,N,broken top,NA
FR45,A1,Pl,2,3.9,3,6.3,4.1,N,NA,NA
FR45,A1,Pl,3,8,NA,9,NA,galleries,NA,NA
FR45,A1,Pl,1,9.9,2,10.9,6.5,N,NA,NA
FR45,A1,Pl,2,4.7,3,4,2.1,N,broken top,NA
FR45,A1,Pl,1,10.2,2,12.4,7.1,N,mechanical damage,NA
FR45,A1,Pl,1,2.9,3,4,2.2,N,NA,NA
FR45,A1,Pl,1,10.1,2,11.3,6.7,N,NA,NA
FR45,A1,Pl,1,2.3,3,4.1,1.5,N,NA,NA
FR45,A1,Pl,2,12.3,2,16,7.8,blister rust,NA,NA
FR45,A1,Pl,2,8.3,3,6.8,3.8,N,broken top,NA
FR45,A1,Pl,2,4.4,3,7.8,6.8,N,NA,NA
FR46,A1,Sx,1,1.6,3,2.2,0.6,aphids,NA,NA
FR46,A1,Pl,1,12.3,2,10.5,5.3,N,mechanical damage,NA
FR46,A1,Pl,1,11.8,2,12.7,7.4,gall in bole,NA,NA
FR46,A1,Pl,3,6.7,NA,4,NA,N,forked at base,NA
FR46,A1,Pl,3,7.5,NA,7,NA,blister rust,forked at base,NA
FR46,A1,Pl,1,10.3,2,12.8,7.9,N,NA,NA
FR46,A1,Pl,2,2.4,3,6,4.5,N,NA,NA
FR47,A2,Pl,1,1.8,2,2.7,0.6,N,NA,only 1/4 of A2
FR47,A2,Pl,1,1.3,2,2.3,0.2,N,NA,only 1/4 of A2
FR47,A2,Pl,1,1.4,2,2.3,0.2,N,NA,only 1/4 of A2
FR47,A2,Pl,1,3.3,2,3.6,0.4,N,NA,only 1/4 of A2
FR47,A2,Pl,1,2.1,2,3.1,0.7,N,NA,only 1/4 of A2
FR47,A2,Pl,1,2.1,2,3.1,0.3,N,NA,only 1/4 of A2
FR47,A2,Pl,1,0.17,2,2.9,0.7,N,swoop,only 1/4 of A2
FR47,A2,Pl,1,1.9,2,2.9,0.5,N,NA,only 1/4 of A2
FR47,A2,Pl,1,2.3,2,3.1,0.6,N,NA,only 1/4 of A2
FR47,A2,Pl,1,2,2,3.1,0.4,N,NA,only 1/4 of A2
FR47,A2,Pl,1,1.7,2,2.8,0.5,N,NA,only 1/4 of A2
FR47,A2,Pl,1,1.4,2,2.3,0.5,N,NA,only 1/4 of A2
FR47,A2,Pl,1,1.3,2,2.3,0.6,N,NA,only 1/4 of A2
FR47,A2,Pl,1,1.3,2,2.5,0.4,N,NA,only 1/4 of A2
FR47,A2,Pl,1,0.6,3,1.7,0.3,N,NA,only 1/4 of A2
FR47,A2,Pl,1,2,2,2.9,0.4,N,NA,only 1/4 of A2
FR47,A2,Pl,1,0.5,3,1.6,0.2,N,NA,only 1/4 of A2
FR47,A2,Pl,1,1.2,2,2.2,0.6,N,NA,only 1/4 of A2
FR47,A2,Pl,1,1.8,2,2.3,0.7,N,NA,only 1/4 of A2
FR47,A2,Pl,1,1,2,2.2,0.5,N,crook,only 1/4 of A2
FR47,A2,Pl,1,0.8,2,1.7,0.4,N,NA,only 1/4 of A2
FR47,A2,Pl,1,1.7,2,2.6,0.6,N,NA,only 1/4 of A2
FR47,A2,Pl,1,0.5,2,1.7,0.6,N,NA,only 1/4 of A2
FR47,A2,Pl,1,1.6,2,2.5,0.7,N,NA,only 1/4 of A2
FR47,A2,Pl,1,0.5,2,1.7,0.2,N,NA,only 1/4 of A2
FR47,A2,Pl,1,0.6,2,1.9,0.5,N,NA,only 1/4 of A2
FR47,A2,Pl,1,0.8,2,2.1,0.1,N,NA,only 1/4 of A2
FR47,A2,Pl,1,1,2,2.3,0.3,N,NA,only 1/4 of A2
FR47,A2,Pl,1,1,2,2.3,0.8,N,NA,only 1/4 of A2
FR47,A2,Pl,1,0.6,2,1.7,0.5,N,NA,only 1/4 of A2
FR47,A2,Pl,1,1.9,2,2.7,0.5,N,NA,only 1/4 of A2
FR47,A2,Pl,1,0.9,2,2.3,0.2,N,NA,only 1/4 of A2
FR47,A2,Pl,1,1.4,2,2.5,0.1,N,NA,only 1/4 of A2
FR47,A2,Pl,1,1,2,2.5,0.6,N,NA,only 1/4 of A2
FR47,A2,Pl,1,2,2,2.7,0.8,N,NA,only 1/4 of A2
FR47,A2,Pl,1,1.2,2,2.3,0.5,N,NA,only 1/4 of A2
FR47,A2,Pl,1,1.7,2,2.6,0.5,N,NA,only 1/4 of A2
FR47,A2,Pl,1,1.8,2,2.6,0.6,N,NA,only 1/4 of A2
FR47,A2,Pl,1,1.7,2,2.4,0.7,N,NA,only 1/4 of A2
FR47,A2,Pl,1,0.4,2,1.4,0.5,N,NA,only 1/4 of A2
FR47,A2,Pl,1,1.6,2,2.6,0.6,N,NA,only 1/4 of A2
FR47,A2,Pl,1,2.2,2,2.9,0.9,N,NA,only 1/4 of A2
FR47,A2,Pl,1,2.1,2,2.8,0.8,N,NA,only 1/4 of A2
FR47,A2,Pl,1,2.2,2,3.1,0.5,N,NA,only 1/4 of A2
FR47,A2,Pl,1,2,2,2.8,0.6,N,NA,only 1/4 of A2
FR47,A2,Pl,1,0.5,3,1.6,0.6,N,NA,only 1/4 of A2
FR47,A2,Pl,1,2,2,3.2,0.5,N,NA,only 1/4 of A2
FR47,A2,Pl,1,2.6,2,3.5,0.5,N,NA,only 1/4 of A2
FR47,A2,Pl,1,1,2,2.1,0.5,N,competing leads,only 1/4 of A2
FR47,A2,Pl,1,1.5,2,2.5,0.1,N,NA,only 1/4 of A2
FR47,A2,Pl,1,2.3,2,3,0.5,N,NA,only 1/4 of A2
FR47,A2,Pl,1,0.7,2,2.2,0.5,N,NA,only 1/4 of A2
FR47,A2,Pl,1,1.7,2,2.6,0.5,N,NA,only 1/4 of A2
FR47,A2,Pl,1,2.1,2,2.8,0.4,N,NA,only 1/4 of A2
FR47,A2,Pl,1,3.4,2,3.7,0.4,N,NA,only 1/4 of A2
FR47,A2,Pl,1,1,2,2,0.3,N,NA,only 1/4 of A2
FR47,A2,Pl,1,3,2,3.7,0.2,N,NA,only 1/4 of A2
FR47,A2,Pl,1,1,2,2.3,0.6,N,NA,only 1/4 of A2
FR47,A2,Pl,1,1,2,2.3,0.5,N,NA,only 1/4 of A2
FR47,A2,Pl,1,1.7,2,2,0.4,N,broken top,only 1/4 of A2
FR47,A2,Pl,1,1.5,2,2.5,0.7,N,NA,only 1/4 of A2
FR47,A2,Pl,3,1.1,NA,2,NA,N,NA,only 1/4 of A2
FR47,A2,Pl,1,1.8,2,2.7,0.7,N,NA,only 1/4 of A2
FR47,A2,Pl,1,1.6,2,2.5,0.6,N,competing leads,only 1/4 of A2
FR47,A2,Pl,1,1.7,2,2.7,0.6,N,NA,only 1/4 of A2
FR47,A2,Pl,1,1.6,2,2.5,0.5,N,NA,only 1/4 of A2
FR47,A2,Pl,1,1.7,2,2.6,0.6,N,NA,only 1/4 of A2
FR47,A2,Pl,1,1.7,2,2.3,0.5,N,NA,only 1/4 of A2
FR47,A2,Pl,1,0.8,2,2,0.2,N,NA,only 1/4 of A2
FR47,A2,Pl,1,1.2,2,2.3,0.3,N,NA,only 1/4 of A2
FR47,A2,Pl,1,1.4,2,2.3,0.4,N,NA,only 1/4 of A2
FR47,A2,Pl,1,0.8,2,2.1,0.3,N,NA,only 1/4 of A2
FR47,A2,Pl,1,1.8,2,2.9,0.4,N,NA,only 1/4 of A2
FR47,A2,Pl,1,1.5,2,2.7,0.6,N,NA,only 1/4 of A2
FR47,A2,Pl,1,2.6,2,3.3,0.2,N,NA,only 1/4 of A2
FR47,A2,Pl,1,2.7,2,3.1,0.4,N,NA,only 1/4 of A2
FR47,A2,Pl,1,3,2,3.5,0.5,N,NA,only 1/4 of A2
FR47,A2,Pl,1,3,2,3.7,0.6,N,NA,only 1/4 of A2
FR47,A2,Pl,1,3.1,2,3.5,0.3,N,NA,only 1/4 of A2
FR47,A2,Pl,1,0.9,2,2.2,0.6,N,NA,only 1/4 of A2
FR47,A2,Pl,1,2.3,2,2.6,0.7,N,competing leads,only 1/4 of A2
FR47,A2,Pl,1,1.7,2,2.5,0.5,N,NA,only 1/4 of A2
FR48,A1,Pl,1,3.7,1,2.9,0.1,N,NA,NA
FR48,A1,Sx,4,5.4,NA,5.1,NA,N,NA,NA
FR48,A1,Sx,4,9.2,NA,11.4,NA,N,NA,NA
FR48,A1,Sx,4,7.4,NA,8.5,NA,N,forked at DBH,NA
FR48,A1,Sx,4,8.9,NA,9.4,NA,N,forked at DBH,NA
FR48,A1,Sx,4,9.3,NA,9.6,NA,N,forked at base,NA
FR48,A1,Sx,4,6.1,NA,4,NA,N,"forked at base, broken top",NA
FR48,A1,Pl,1,0.9,2,1.6,0.1,N,NA,NA
FR48,A1,Sx,4,8.1,NA,6.8,NA,N,forked at base,NA
FR48,A1,Sx,4,9.1,NA,4,NA,N,"forked at base, broken top",NA
FR48,A1,Pl,1,2.2,2,2.2,0.1,N,NA,NA
FR48,A1,UC,4,3.4,NA,4.5,NA,N,NA,NA
FR48,A1,Pl,1,1.2,2,2.1,0.1,N,NA,NA
FR48,A1,UC,4,8.3,NA,9.6,NA,N,NA,NA
FR48,A1,Sx,4,6.9,NA,4.7,NA,N,NA,NA
FR48,A1,Pl,1,0.7,2,1.5,0.1,N,NA,NA
FR48,A1,Sx,4,5.5,NA,5.7,NA,N,NA,NA
FR48,A1,Sx,4,6.3,NA,4,NA,N,NA,NA
FR48,A1,UC,4,8,NA,5,NA,N,NA,NA
FR48,A1,UC,5,3.9,NA,2.4,NA,N,char,NA
FR48,A1,Sx,4,11,NA,4.2,NA,N,broken top,NA
FR48,A1,Sx,4,9,NA,9.7,NA,N,NA,NA
FR48,A1,Sx,4,11.4,NA,4.9,NA,N,broken top,NA
FR48,A1,Pl,1,0.8,2,1.5,0.1,N,NA,NA
FR48,A1,Pl,1,1.3,2,1.8,0.4,N,NA,NA
FR48,A1,Sx,4,11.7,NA,7.9,NA,NA,NA,NA
FR48,A1,UC,4,5.9,NA,4,NA,N,broken top,NA
FR48,A1,Pl,1,1.5,2,2,0.1,N,NA,NA
FR48,A1,Pl,1,1.2,2,1.6,0.1,N,NA,NA
FR48,A1,UC,4,3.2,NA,3.7,NA,N,NA,NA
FR48,A1,UC,4,2.7,NA,3,NA,N,NA,NA
FR48,A1,UC,5,1.2,NA,1.5,NA,N,NA,NA
FR48,A1,Sx,4,2.2,NA,2.3,NA,N,NA,NA
FR48,A1,Pl,1,4.9,1,3.3,0.1,N,NA,NA
FR48,A1,UC,5,4.1,NA,2.5,NA,N,NA,NA
FR48,A1,Pl,1,1.6,2,2.1,0.1,N,NA,NA
FR48,A1,Sx,4,6.5,NA,8.5,NA,N,NA,NA
FR49,A1,Pl,1,1.3,2,2.1,0.3,N,NA,NA
FR49,A1,Pl,1,3.6,2,3,0.2,N,NA,NA
FR49,A1,Pl,1,2.3,2,2.3,0.2,N,NA,NA
FR49,A1,Pl,1,0.8,2,1.8,0.3,N,NA,NA
FR49,A1,Pl,1,3.5,2,3,0.4,N,NA,NA
FR49,A1,Pl,1,3,2,2.9,0.1,N,NA,NA
FR49,A1,Pl,1,2.8,2,2.6,0.4,N,competing leads,NA
FR49,A1,Pl,1,0.7,2,1.5,0.1,N,NA,NA
FR49,A1,Pl,1,1.5,2,2.1,0.2,N,NA,NA
FR49,A1,Pl,1,1.7,2,2.3,0.1,N,NA,NA
FR49,A1,Pl,1,1.1,2,2.1,0.2,N,NA,NA
FR49,A1,Pl,1,1.3,2,2.1,0.2,N,NA,NA
FR49,A1,Pl,1,0.7,2,1.8,0.3,N,NA,NA
FR49,A1,Pl,1,2.1,2,2.4,0.1,N,mechanical damage,NA
FR49,A1,Pl,1,3.1,2,3.1,0.3,N,NA,NA
FR49,A1,Pl,1,2.2,2,2.4,0.1,N,NA,NA
FR49,A1,Pl,1,1.7,2,2.3,0.1,N,NA,NA
FR49,A1,Pl,1,1.8,2,2.1,0.2,N,NA,NA
FR49,A1,Pl,1,0.8,2,1.5,0.1,N,NA,NA
FR49,A1,Pl,1,0.5,2,1.4,0.1,N,NA,NA
FR49,A1,Pl,1,1,2,1.5,0.3,N,NA,NA
FR49,A1,Pl,1,2.1,2,2.3,0.2,N,NA,NA
FR49,A1,Pl,1,1.4,2,2.1,0.4,N,NA,NA
FR49,A1,Pl,1,1.9,2,2.2,0.2,N,NA,NA
FR49,A1,Pl,1,1,2,1.7,0.1,N,NA,NA
FR49,A1,Pl,1,1.1,2,2,0.5,N,NA,NA
FR49,A1,Pl,1,2.8,2,2.9,0.1,N,NA,NA
FR49,A1,Pl,1,1.2,2,2,0.1,N,NA,NA
FR49,A1,Pl,1,2,2,2.2,0.4,N,NA,NA
FR49,A1,Pl,1,3.5,2,2.7,0.1,N,NA,NA
FR49,A1,Pl,1,4,2,3.6,0.3,N,NA,NA
FR49,A1,Pl,1,4.1,2,3.1,0.1,N,NA,NA
FR49,A1,Pl,1,3.1,2,2.7,0.3,N,NA,NA
FR49,A1,Pl,1,2.3,2,2.4,0.2,N,NA,NA
FR49,A1,Pl,1,3,2,2.9,0.3,N,NA,NA
FR49,A1,Pl,1,0.7,2,1.6,0.3,N,NA,NA
FR49,A1,Pl,1,3.1,2,3.5,0.2,N,NA,NA
FR49,A1,Pl,1,4.2,2,3.7,0.1,N,NA,NA
FR49,A1,Pl,1,2.3,2,2.7,0.2,N,NA,NA
FR49,A1,Pl,1,1.1,2,2.1,0.3,N,NA,NA
FR50,A1,UC,5,8.1,NA,5.4,NA,N,char,NA
FR50,A1,UC,5,5.6,NA,3.5,NA,N,char,NA
FR50,A1,UC,5,10.1,NA,12.5,NA,N,char,NA
FR51,A1,Pl,1,3.2,1,2.5,0.1,N,NA,NA
FR51,A1,Pl,1,1.2,2,1.6,0.1,N,NA,NA
FR51,A1,Pl,1,1,2,1.4,0.1,N,NA,NA
FR51,A1,Pl,1,1.4,2,1.4,0.1,N,NA,NA
FR51,A1,Pl,1,1.2,2,1.5,0.1,N,NA,NA
FR51,A1,Pl,1,1.4,2,1.8,0.1,N,forked,NA
FR51,A1,Pl,1,1.8,2,2.1,0.1,N,NA,NA
FR51,A1,Pl,1,2.4,2,2.1,0.1,N,NA,NA
FR51,A1,Pl,1,2.4,2,2.3,0.1,N,NA,NA
FR51,A1,Pl,1,1.3,2,2,0.1,N,NA,NA
FR51,A1,Pl,1,1.6,2,2.1,0.1,N,NA,NA
FR51,A1,Pl,1,0.8,2,1.4,0.1,N,NA,NA
FR51,A1,Pl,1,1,2,1.6,0.1,N,NA,NA
FR51,A1,Pl,1,0.8,2,1.4,0.1,N,NA,NA
FR51,A1,Pl,1,0.8,2,1.6,0.1,N,NA,NA
FR51,A1,Pl,1,0.4,2,1.5,0.2,N,NA,NA
FR51,A1,Pl,1,0.4,2,1.4,0.2,N,NA,NA
FR51,A1,Pl,1,0.9,2,1.7,0.1,N,NA,NA
FR51,A1,Pl,1,1.3,2,1.9,0.1,N,NA,NA
FR51,A1,Pl,1,0.5,2,1.4,0.1,N,NA,NA
FR51,A1,Pl,1,1.6,2,2.2,0.1,N,NA,NA
FR51,A1,Pl,1,1.4,2,2.2,0.2,N,NA,NA
FR51,A1,Pl,1,1.4,2,2.2,0.1,N,NA,NA
FR51,A1,Pl,1,0.8,2,1.4,0.2,N,NA,NA
FR51,A1,Pl,1,0.8,2,1.4,0.2,N,NA,NA
FR51,A1,Pl,1,0.5,2,1.4,0.1,N,NA,NA
FR51,A1,Pl,1,1,2,2,0.3,N,NA,NA
FR51,A1,Pl,1,0.8,2,1.8,0.1,N,NA,NA
FR51,A1,Pl,1,0.9,2,1.6,0.1,N,NA,NA
FR51,A1,Pl,1,0.6,2,1.5,0.1,N,NA,NA
FR51,A1,Pl,1,1.8,2,2.1,0.3,N,NA,NA
FR51,A1,Pl,1,1.5,2,2.1,0.1,N,NA,NA
FR51,A1,Pl,1,1.1,2,1.8,0.4,N,NA,NA
FR51,A1,Pl,1,1.9,2,2.3,0.4,N,NA,NA
FR51,A1,Pl,1,1.1,2,2,0.1,N,NA,NA
FR51,A1,Pl,1,1.6,2,2.3,0.1,N,NA,NA
FR51,A1,Pl,1,1.6,2,2.2,0.1,N,NA,NA
FR51,A1,Pl,1,1.8,2,2.3,0.1,N,NA,NA
FR51,A1,Pl,1,2,2,2.3,0.2,N,NA,NA
FR51,A1,Pl,1,1.2,2,2,0.2,N,NA,NA
FR51,A1,Pl,1,1.3,2,2.1,0.1,N,forked,NA
FR51,A1,Pl,1,2,2,2.4,0.1,N,NA,NA
FR51,A1,Pl,1,0.8,2,1.5,0.1,N,NA,NA
FR51,A1,Pl,1,1.8,2,2.2,0.2,N,NA,NA
FR51,A1,Pl,1,1.3,2,1.5,0.2,N,NA,NA
FR51,A1,Pl,1,1,2,1.6,0.1,N,NA,NA
FR51,A1,Pl,1,0.9,2,1.6,0.2,N,NA,NA
FR51,A1,Pl,1,1.7,2,2.3,0.1,N,NA,NA
FR51,A1,Pl,1,1,2,1.9,0.2,N,NA,NA
FR51,A1,Pl,1,1.2,2,2,0.1,N,NA,NA
FR51,A1,Pl,1,1.4,2,1.9,0.1,N,NA,NA
FR51,A1,Pl,1,0.7,2,1.6,0.1,N,NA,NA
FR51,A1,Pl,1,2.3,2,2.4,0.1,N,NA,NA
FR51,A1,Pl,1,1,2,1.7,0.1,N,NA,NA
FR51,A1,Pl,1,2.8,2,2.3,0.2,N,NA,NA
FR51,A1,Pl,1,1.4,2,2.1,0.4,N,NA,NA
FR51,A1,Pl,1,1.1,2,1.9,0.4,N,NA,NA
FR51,A1,Pl,1,2.2,2,2.3,0.1,N,NA,NA
FR51,A1,Pl,1,1.1,2,1.7,0.1,N,NA,NA
FR51,A1,Pl,1,1.4,2,2,0.1,N,NA,NA
FR52,A1,Bl,1,1.8,4,1.7,0.5,browse,NA,NA
FR52,A1,Sx,1,10.3,2,9,2,N,NA,NA
FR52,A1,Sx,2,3.9,4,3.8,2.2,N,crook,NA
FR52,A1,Sx,2,1,4,1.9,0.7,N,NA,NA
FR52,A1,Pl,1,11,2,15.2,6.5,N,NA,NA
FR52,A1,Sx,1,3.1,4,3.7,0.7,N,NA,NA
FR52,A1,Sx,1,5.3,3,6.2,0.5,N,NA,NA
FR52,A1,Pl,3,9.3,NA,6.5,NA,N,broken top,NA
FR52,A1,Sx,1,3.3,4,3.8,0.6,N,NA,NA
FR52,A1,Sx,1,8.8,3,9.3,4.2,N,NA,NA
FR52,A1,Pl,1,7.6,3,9.5,4,N,NA,NA
FR52,A1,Pl,1,7.3,3,12.1,7.8,N,NA,NA
FR52,A1,Pl,3,11.2,NA,9,NA,N,broken top,NA
FR52,A1,Pl,2,3.7,4,4,2,N,broken top,NA
FR52,A1,Sx,1,3.7,4,4,1.4,N,NA,NA
FR52,A1,Sx,1,3.3,4,3.8,1,N,NA,NA
FR52,A1,Sx,1,7.6,3,7,3.2,N,NA,NA
FR52,A1,Sx,1,11.3,3,11.6,4.8,N,NA,NA
FR52,A1,Bl,1,9.2,3,10,4,browse,NA,NA
FR52,A1,Sx,1,1.5,4,2.2,1,N,swoop,NA
FR52,A1,Pl,1,9.2,4,9.5,4,N,NA,NA
FR52,A1,Pl,3,5.2,NA,11,NA,N,NA,NA
FR53,A1,Sx,1,3.9,3,4.4,0.8,N,NA,NA
FR53,A1,Sx,1,5.5,3,6.8,3,aphids,NA,NA
FR53,A1,Pl,1,9.4,3,10,4,N,NA,NA
FR53,A1,Sx,1,1.9,3,2.5,0.7,N,NA,NA
FR53,A1,Sx,1,2.9,3,3.7,0.8,N,NA,NA
FR53,A1,Sx,1,1.5,3,2.5,1.1,aphids,NA,NA
FR53,A1,Pl,1,8.8,2,12.3,6.2,N,NA,NA
FR53,A1,Pl,3,5.3,NA,5.3,NA,N,NA,NA
FR53,A1,Pl,2,12,2,11.7,5.7,blister rust,NA,NA
FR53,A1,Sx,1,0.8,4,1.6,0.5,aphids,NA,NA
FR53,A1,Sx,1,9.3,2,11.8,4,aphids,NA,NA
FR53,A1,Sx,1,2.2,4,2.6,0.9,aphids,NA,NA
FR53,A1,Sx,1,3.1,3,4.2,1,aphids,NA,NA
FR53,A1,Sx,1,1.9,4,2.9,0.9,N,NA,NA
FR53,A1,Sx,1,1,4,1.9,0.8,aphids,NA,NA
FR53,A1,Pl,3,6.6,NA,7,NA,NA,NA,NA
FR54,A1,Pl,1,10.1,2,11.1,5.6,N,NA,NA
FR54,A1,Pl,1,11.1,2,13.1,6,N,NA,NA
FR54,A1,Pl,1,11.7,2,13,7.7,gall,NA,NA
FR54,A1,Pl,1,12.3,2,11.8,5.4,N,NA,NA
FR54,A1,Pl,1,12.2,2,13.2,6.4,N,NA,NA
FR54,A1,Pl,1,8.7,2,12.4,6,gall in bole,NA,NA
FR55,A1,Pl,3,8.9,NA,13.6,NA,N,NA,NA
FR55,A1,Pl,3,5.6,NA,10.6,NA,N,NA,NA
FR55,A1,Pl,3,11.6,NA,8.6,NA,N,broken top,NA
FR55,A1,Pl,3,8.4,NA,11,NA,N,NA,NA
FR55,A1,Pl,1,11,2,15.8,8.7,N,scar,NA
FR55,A1,Pl,1,8.2,2,14.2,11.2,N,NA,NA
FR55,A1,Pl,3,7.4,NA,9,NA,N,swoop,NA
FR55,A1,Pl,3,1.5,NA,2.3,NA,N,NA,NA
FR55,A1,Pl,1,11.2,2,13,8,N,NA,NA
FR55,A1,Pl,3,9.5,NA,2.6,NA,N,broken top,NA
FR55,A1,Pl,1,10.9,2,15.7,11.1,N,NA,NA
FR55,A1,Pl,1,7.6,2,12.4,8.9,N,NA,NA
FR55,A1,Pl,1,7.6,2,13,8.9,N,NA,NA
FR55,A1,Pl,2,5.5,3,10,7,N,NA,NA
FR55,A1,Pl,2,7.9,3,10,7,N,NA,NA
FR55,A1,Pl,3,12.1,NA,5,NA,N,broken top,NA
FR55,A1,Pl,3,7.5,NA,2.2,NA,N,broken top,NA
FR55,A1,Pl,2,5.4,3,9.2,6.1,N,NA,NA
FR55,A1,Pl,2,6.5,3,10.2,6.1,N,NA,NA
FR55,A1,Pl,2,6.4,3,8,5,N,dead top,NA
FR55,A1,Pl,3,3.6,NA,6.5,NA,N,NA,NA
FR55,A1,Pl,1,10.8,2,15.4,9.7,N,NA,NA
FR55,A1,Pl,3,3.3,NA,7,NA,N,NA,NA
FR55,A1,Pl,1,5.4,3,11.4,6.4,N,NA,NA
FR55,A1,Pl,1,9.1,3,10,7,N,NA,NA
FR55,A1,Pl,1,8.7,2,11.9,7,N,NA,NA
FR55,A1,Pl,3,11.8,NA,9.5,NA,N,broken top,NA
FR55,A1,Pl,3,6.7,NA,11.2,NA,N,NA,NA
FR55,A1,Pl,3,4.1,NA,8,NA,N,NA,NA
FR55,A1,Pl,2,4.5,3,10,1.5,N,NA,NA
FR55,A1,Pl,1,8.6,3,13.3,6.4,N,NA,NA
FR55,A1,Pl,1,8.4,3,11,9,N,NA,NA
FR55,A1,Pl,1,6.1,3,11.6,7.1,N,NA,NA
FR55,A1,Pl,3,5.4,NA,8.6,NA,N,NA,NA
FR55,A1,Pl,2,10.9,3,11.7,6.9,N,broken top,NA
FR55,A1,Pl,1,11.9,2,14.6,8.1,N,"mechanical damage, forked at base",NA
FR55,A1,Pl,1,9.9,2,15,8.1,N,"mechanical damage, forked at base",NA
FR55,A1,Pl,1,6.5,3,11,6.9,N,NA,NA
FR55,A1,Pl,1,8.3,3,12,8,N,crook,NA
FR55,A1,Pl,3,4.9,NA,12,NA,N,NA,NA
FR55,A1,Pl,2,5.9,3,12,8,N,NA,NA
FR55,A1,Pl,3,4.9,NA,11.5,NA,N,NA,NA
FR55,A1,Pl,2,7.6,3,11,8,N,NA,NA
FR55,A1,Pl,2,6.2,3,11.6,6.4,N,NA,NA
FR55,A1,Pl,1,6.9,3,12.5,6.4,N,NA,NA
FR55,A1,Pl,1,9.9,2,14.6,8.3,N,NA,NA
FR55,A1,Pl,1,10.2,2,15,8.3,N,NA,NA
FR55,A1,Pl,2,9.2,3,11,8.3,"gall, broken top",NA,NA
FR55,A1,Pl,3,7.5,NA,9,NA,N,NA,NA
FR55,A1,Pl,2,3.5,3,4.5,2.1,N,NA,NA
FR56,A1,Pl,1,5.4,2,3.7,0.1,N,mechanical damage,NA
FR56,A1,At,1,0.6,3,2,0.8,LM,NA,NA
FR56,A1,Pl,1,2.5,3,2.8,0.4,N,NA,NA
FR56,A1,UC,5,7.6,NA,7.2,NA,N,NA,NA
FR56,A1,Pl,1,4.5,2,4.2,0.5,N,NA,NA
FR56,A1,Pl,1,3.8,2,3.7,0.5,N,NA,NA
FR56,A1,Pl,1,0.6,3,1.4,0.4,N,NA,NA
FR56,A1,Pl,1,5.2,2,4.4,0.4,N,"mechanical damage, swoop",NA
FR56,A1,Pl,1,3.6,2,3.8,0.4,gall,"mechanical damage, swoop",NA
FR56,A1,Pl,1,0.8,3,1.5,0.3,N,NA,NA
FR56,A1,Pl,1,5.8,2,4.2,0.2,N,NA,NA
FR56,A1,Pl,1,2.4,3,2.8,0.4,N,NA,NA
FR56,A1,Sx,4,11,NA,12.1,NA,N,NA,NA
FR56,A1,Pl,1,8.1,1,5.9,0.5,N,NA,NA
FR56,A1,Pl,1,2.9,3,2.8,0.3,N,NA,NA
FR56,A1,Pl,1,2.1,3,2.7,0.3,N,NA,NA
FR56,A1,Sx,1,0.5,3,1.8,0.1,aphids,NA,NA
FR56,A1,Pl,1,1.2,3,2.1,0.3,N,NA,NA
FR56,A1,UC,5,4.1,NA,4.1,NA,N,char,NA
FR56,A1,Pl,1,1.8,3,2.3,0.1,N,"mechanical damage, swoop",NA
FR56,A1,Pl,1,4.6,2,4.9,0.4,N,NA,NA
FR56,A1,Pl,1,3.9,2,3.1,0.4,N,mechanical damage,NA
FR56,A1,Pl,1,3,3,2.8,0.3,N,"mechanical damage, swoop",NA
FR56,A1,Pl,1,4,2,4.3,0.5,N,NA,NA
FR56,A1,At,1,0.6,3,2.1,0.2,LM,NA,NA
FR56,A1,UC,4,10.7,NA,13.3,NA,N,NA,NA
FR56,A1,Pl,1,0.7,3,1.4,0.3,N,NA,NA
FR56,A1,UC,5,11.2,NA,14.5,NA,N,NA,NA
FR56,A1,Pl,1,3.4,2,2.9,0.4,N,mechanical damage,NA
FR56,A1,Pl,1,3.3,2,3.1,0.3,N,mechanical damage,NA
FR56,A1,Pl,1,4.6,1,4.1,0.3,N,NA,NA
FR56,A1,Pl,1,3,3,2.8,0.5,N,NA,NA
FR56,A1,Pl,1,4.4,2,4.3,0.2,N,NA,NA
FR56,A1,Pl,1,5,1,5.1,0.5,N,NA,NA
FR56,A1,At,1,0.5,3,1.6,0.2,LM,NA,NA
FR57,A1,Pl,1,3.4,2,3.3,0.4,N,NA,only 1/4 of A1
FR57,A1,Pl,1,0.6,3,1.5,0.1,N,NA,only 1/4 of A1
FR57,A1,Pl,3,1,NA,1.6,NA,N,NA,only 1/4 of A1
FR57,A1,Pl,1,3,2,3.2,0.3,N,NA,only 1/4 of A1
FR57,A1,Pl,1,2.7,2,3.2,0.3,N,NA,only 1/4 of A1
FR57,A1,Pl,1,3.4,2,3.4,0.5,N,NA,only 1/4 of A1
FR57,A1,Pl,1,3.7,2,3.4,0.4,N,NA,only 1/4 of A1
FR57,A1,Pl,1,0.5,3,1.4,0.3,LEAM,NA,only 1/4 of A1
FR57,A1,Pl,1,1.5,2,2.2,0.4,N,NA,only 1/4 of A1
FR57,A1,Pl,1,3.9,2,3.5,0.8,N,NA,only 1/4 of A1
FR57,A1,Pl,1,3.2,2,3.5,0.6,N,NA,only 1/4 of A1
FR57,A1,Pl,1,3.2,2,3.3,0.7,N,NA,only 1/4 of A1
FR57,A1,Pl,1,1.6,2,2.3,0.5,N,NA,only 1/4 of A1
FR57,A1,Pl,1,0.9,2,2.5,0.6,N,NA,only 1/4 of A1
FR57,A1,Pl,1,2.1,2,2,0.7,N,mechanical damage,only 1/4 of A1
FR57,A1,Pl,1,1.4,2,2.3,0.7,N,NA,only 1/4 of A1
FR57,A1,Pl,1,2.1,2,2.5,0.6,N,NA,only 1/4 of A1
FR57,A1,Pl,2,0.9,3,1.5,0.4,N,NA,only 1/4 of A1
FR57,A1,Pl,1,0.9,3,1.4,0.4,N,NA,only 1/4 of A1
FR57,A1,Pl,1,2.6,2,3.3,0.6,N,NA,only 1/4 of A1
FR57,A1,Pl,1,3.5,2,3.6,0.6,N,NA,only 1/4 of A1
FR57,A1,Pl,1,2.8,2,3.5,1.2,N,NA,only 1/4 of A1
FR57,A1,Pl,1,3.2,2,3.6,0.9,N,NA,only 1/4 of A1
FR57,A1,Pl,2,1.4,3,2.5,1.3,N,NA,only 1/4 of A1
FR57,A1,Pl,1,1,3,2.2,0.9,N,NA,only 1/4 of A1
FR57,A1,Pl,1,0.8,3,1.9,0.9,N,NA,only 1/4 of A1
FR57,A1,Pl,1,1.6,2,3,0.8,N,NA,only 1/4 of A1
FR57,A1,Pl,1,3,2,3.2,1.2,N,NA,only 1/4 of A1
FR57,A1,Pl,1,2.6,2,3,0.6,N,NA,only 1/4 of A1
FR57,A1,Pl,1,1.5,2,2.8,0.5,N,NA,only 1/4 of A1
FR57,A1,Pl,1,1.9,2,3,0.9,N,NA,only 1/4 of A1
FR57,A1,Pl,3,0.3,NA,1.4,NA,N,NA,only 1/4 of A1
FR57,A1,Pl,1,2.8,2,3.3,1.3,N,NA,only 1/4 of A1
FR57,A1,Pl,1,0.8,3,1.7,0.5,N,NA,only 1/4 of A1
FR57,A1,Pl,1,1.9,2,3.4,0.8,N,NA,only 1/4 of A1
FR57,A1,Pl,1,1.1,3,2.2,0.9,N,NA,only 1/4 of A1
FR57,A1,Pl,1,1.9,2,3,0.8,N,NA,only 1/4 of A1
FR57,A1,Pl,1,1.9,2,2.9,1,N,NA,only 1/4 of A1
FR57,A1,Pl,1,1.6,3,1.8,0.9,N,NA,only 1/4 of A1
FR57,A1,Pl,1,1.6,3,1.8,0.9,N,NA,only 1/4 of A1
FR57,A1,Pl,3,0.8,NA,1.6,NA,N,NA,only 1/4 of A1
FR57,A1,Pl,1,0.9,3,2,1,N,NA,only 1/4 of A1
FR57,A1,Pl,1,1.1,3,2.1,0.7,N,NA,only 1/4 of A1
FR57,A1,Pl,1,3.5,2,3.4,1,N,NA,only 1/4 of A1
FR57,A1,Pl,1,0.7,3,1.9,0.9,N,NA,only 1/4 of A1
FR57,A1,Pl,1,2.6,2,3,1.3,N,NA,only 1/4 of A1
FR57,A1,Pl,3,0.5,NA,1.5,NA,N,NA,only 1/4 of A1
FR57,A1,Pl,1,2.4,2,2.8,0.6,N,NA,only 1/4 of A1
FR57,A1,Pl,2,1.4,3,2.2,0.4,N,crook,only 1/4 of A1
FR57,A1,Pl,2,1.2,3,2.2,0.8,N,crook,only 1/4 of A1
FR57,A1,Pl,1,0.6,3,1.7,0.7,N,NA,only 1/4 of A1
FR57,A1,Pl,1,1.4,3,2.3,0.7,N,NA,only 1/4 of A1
FR57,A1,Pl,2,0.7,3,1.6,0.5,N,NA,only 1/4 of A1
FR57,A1,Pl,1,1.5,2,2.8,1.2,N,NA,only 1/4 of A1
FR57,A1,Pl,1,1.6,2,2.7,1.2,N,NA,only 1/4 of A1
FR57,A1,Pl,1,1.4,2,2.5,0.9,N,NA,only 1/4 of A1
FR57,A1,Pl,1,2.1,2,2.9,1.1,N,NA,only 1/4 of A1
FR57,A1,Pl,1,1.7,2,2.7,1,N,NA,only 1/4 of A1
FR57,A1,Pl,1,2.8,2,3.2,0.7,N,NA,only 1/4 of A1
FR57,A1,Pl,1,1.3,3,1.9,1.2,N,NA,only 1/4 of A1
FR57,A1,Pl,1,0.6,3,1.6,0.5,N,NA,only 1/4 of A1
FR57,A1,Pl,3,1.3,NA,1.4,NA,N,broken top,only 1/4 of A1
FR57,A1,Pl,1,3.3,2,3.8,0.7,N,NA,only 1/4 of A1
FR57,A1,Pl,1,1.4,3,2,0.3,N,NA,only 1/4 of A1
FR57,A1,Pl,1,3.6,2,3.7,0.4,N,NA,only 1/4 of A1
FR57,A1,Pl,1,2.3,2,2.9,0.3,N,NA,only 1/4 of A1
FR57,A1,Pl,1,0.7,3,1.5,0.3,N,NA,only 1/4 of A1
FR57,A1,Pl,1,3.9,2,4,0.4,N,NA,only 1/4 of A1
FR57,A1,Pl,1,2.4,2,2.4,0.4,N,NA,only 1/4 of A1
FR57,A1,Pl,1,2.8,2,2.7,0.3,N,NA,only 1/4 of A1
FR57,A1,Pl,1,0.7,2,1.7,0.3,N,NA,only 1/4 of A1
FR57,A1,Pl,1,2.3,2,2.5,0.3,N,NA,only 1/4 of A1
FR58,A1,Pl,1,2.8,2,4,1,N,NA,only 1/4 of A1
FR58,A1,Pl,1,1.9,3,2.4,0.7,N,NA,only 1/4 of A1
FR58,A1,Pl,1,3.5,2,4.3,0.6,N,NA,only 1/4 of A1
FR58,A1,Pl,1,2.4,2,2.7,0.8,N,NA,only 1/4 of A1
FR58,A1,Pl,1,1.2,3,1.9,0.7,N,NA,only 1/4 of A1
FR58,A1,Pl,1,1.5,3,2.4,0.6,N,NA,only 1/4 of A1
FR58,A1,Pl,1,2.1,2,2.7,0.8,N,NA,only 1/4 of A1
FR58,A1,Pl,1,2,3,2.4,0.6,N,NA,only 1/4 of A1
FR58,A1,Pl,1,1.3,3,2.2,0.8,N,NA,only 1/4 of A1
FR58,A1,Pl,1,2.3,2,3.7,0.6,N,NA,only 1/4 of A1
FR58,A1,Pl,1,2.4,2,3.9,0.8,N,NA,only 1/4 of A1
FR58,A1,Pl,1,4.2,2,4.6,0.8,N,NA,only 1/4 of A1
FR58,A1,Pl,1,1.8,3,2.2,0.7,N,NA,only 1/4 of A1
FR58,A1,Pl,1,3,2,4.2,1.2,N,NA,only 1/4 of A1
FR58,A1,Pl,2,0.6,3,1.7,0.7,N,NA,only 1/4 of A1
FR58,A1,Pl,1,3.4,2,4.2,1.3,N,NA,only 1/4 of A1
FR58,A1,Pl,1,1.8,3,2.4,0.7,N,NA,only 1/4 of A1
FR58,A1,Pl,1,3,2,3.5,0.9,N,NA,only 1/4 of A1
FR58,A1,Pl,1,1.5,2,2.5,1.2,N,NA,only 1/4 of A1
FR58,A1,Pl,1,2.1,2,2.9,1.2,N,NA,only 1/4 of A1
FR58,A1,Pl,2,4,3,4.3,1.3,N,NA,only 1/4 of A1
FR58,A1,Pl,1,3.5,2,4,0.8,N,NA,only 1/4 of A1
FR58,A1,Pl,1,4.1,2,4.5,0.7,N,mechanical damage,only 1/4 of A1
FR58,A1,Pl,1,5,2,4.8,1.2,N,swoop,only 1/4 of A1
FR58,A1,Pl,1,1.5,2,2.9,1.2,N,NA,only 1/4 of A1
FR58,A1,Pl,2,1.7,3,2.6,1.2,N,NA,only 1/4 of A1
FR58,A1,Pl,1,5.6,2,5.6,1.3,N,NA,only 1/4 of A1
FR58,A1,Pl,1,2.6,2,3.3,0.8,N,NA,only 1/4 of A1
FR58,A1,Pl,2,3.3,3,3.9,0.9,N,NA,only 1/4 of A1
FR58,A1,Pl,1,1.3,3,2.4,0.6,N,NA,only 1/4 of A1
FR58,A1,Pl,1,5,2,5.4,1.3,N,NA,only 1/4 of A1
FR58,A1,Pl,1,1.9,3,2.8,0.5,N,NA,only 1/4 of A1
FR58,A1,Pl,1,3.9,2,5,1.2,N,NA,only 1/4 of A1
FR58,A1,Pl,1,1.9,2,2.8,1.2,N,NA,only 1/4 of A1
FR58,A1,Pl,1,2.2,2,3.5,1,N,NA,only 1/4 of A1
FR58,A1,Pl,1,2.6,2,3.8,0.8,N,NA,only 1/4 of A1
FR58,A1,Pl,2,2.2,3,1.5,0.7,N,broken top,only 1/4 of A1
FR58,A1,Pl,1,2.2,2,3.3,1,N,NA,only 1/4 of A1
FR58,A1,Pl,1,2.3,2,3.5,0.9,N,NA,only 1/4 of A1
FR58,A1,Pl,1,2.2,2,3.3,1.2,N,NA,only 1/4 of A1
FR58,A1,Pl,1,0.4,3,1.4,0.5,N,NA,only 1/4 of A1
FR58,A1,Pl,1,0.9,3,2.1,1.2,N,NA,only 1/4 of A1
FR58,A1,Pl,1,1.4,3,2.3,1,N,NA,only 1/4 of A1
FR58,A1,Pl,1,3.2,2,3.5,1,N,NA,only 1/4 of A1
FR58,A1,Pl,1,2.7,2,3.6,0.9,N,NA,only 1/4 of A1
FR58,A1,Pl,1,2.1,2,3.2,1.2,N,NA,only 1/4 of A1
FR58,A1,Pl,1,2.5,2,3.9,1,N,NA,only 1/4 of A1
FR58,A1,Pl,1,2,2,3.3,1.1,N,NA,only 1/4 of A1
FR58,A1,Pl,1,1,3,2.7,0.1,gall,NA,only 1/4 of A1
FR59,A1,Pl,1,2.8,2,2.6,0.4,N,competing leads,NA
FR59,A1,Pl,1,3.5,2,3.2,0.5,N,mechanical damage,NA
FR59,A1,Pl,1,2.1,2,2.7,0.3,N,NA,NA
FR59,A1,Pl,1,1.9,2,2.3,0.2,N,NA,NA
FR59,A1,Pl,1,6.4,1,4.6,0.1,N,NA,NA
FR59,A1,Pl,1,2.2,2,2.6,0.1,N,NA,NA
FR59,A1,Pl,1,0.9,3,1.6,0.2,N,NA,NA
FR59,A1,Pl,1,2.2,2,2.3,0.3,N,NA,NA
FR59,A1,Pl,1,2.4,2,2.5,0.4,N,NA,NA
FR59,A1,Pl,1,0.9,3,1.7,0.1,N,NA,NA
FR59,A1,Pl,1,3.6,2,3.5,0.1,N,NA,NA
FR59,A1,Pl,1,4.6,1,4.1,0.4,N,NA,NA
FR59,A1,Pl,1,4,2,3.5,0.2,N,NA,NA
FR59,A1,Pl,1,2.6,2,2.9,0.1,N,NA,NA
FR59,A1,Sx,1,1.2,2,2,0.3,N,NA,NA
FR59,A1,Pl,1,1.7,2,2.1,0.3,N,NA,NA
FR59,A1,Pl,1,2.6,2,2.3,0.4,N,NA,NA
FR59,A1,Pl,1,1.8,2,2.2,0.4,N,NA,NA
FR59,A1,Pl,1,2.5,2,2.7,0.4,N,NA,NA
FR59,A1,Pl,1,5.7,1,4.5,0.1,N,NA,NA
FR59,A1,Pl,1,3.4,2,3.6,0.2,N,NA,NA
FR59,A1,Pl,1,0.7,3,1.4,0.1,N,NA,NA
FR59,A1,Pl,1,3.6,2,3.2,0.4,N,NA,NA
FR60,A1,Pl,1,1.5,4,2.1,0.5,N,NA,NA
FR60,A1,Pl,2,10.5,3,8,6,N,mechanical damage,NA
FR60,A1,Pl,1,1.7,4,2,0.4,N,NA,NA
FR60,A1,Pl,1,11.4,2,13.7,10.1,N,NA,NA
FR60,A1,Pl,1,11.3,2,14,11.5,N,broken top,NA
FR61,A1,Pl,1,11.3,2,14.8,10.7,N,"fire scar, mechanical damage",NA
FR61,A1,Pl,4,7.8,NA,7.9,NA,N,NA,NA
FR61,A1,Sx,1,6.5,3,6.5,2.5,N,NA,NA
FR61,A1,Sx,1,10.8,2,8,2.5,N,mechanical damage,NA
FR61,A1,Pl,4,6.9,NA,6.7,NA,N,mechanical damage,NA
FR61,A1,Sx,1,8.9,2,9.2,3,N,NA,NA
FR61,A1,Pl,1,11.2,2,11.1,5.4,N,"fire scar, mechanical damage",NA
FR61,A1,Pl,2,9.1,2,10.3,6.6,N,"fire scar, mechanical damage",NA
FR61,A1,Pl,1,11.7,2,14.1,8.7,N,mechanical damage,NA
FR61,A1,Sx,1,8.7,2,8.8,2.4,N,NA,NA
FR61,A1,Pl,3,11,NA,3,NA,N,NA,NA
FR61,A1,Sx,1,10.3,2,10.6,1.6,N,NA,NA
FR61,A1,UC,3,3.9,NA,6.3,NA,N,NA,NA
FR61,A1,Sx,3,12.2,NA,12.6,NA,N,NA,NA
FR61,A1,Sx,1,5.1,3,7.6,1.4,N,NA,NA
FR61,A1,Pl,1,10.6,2,11.6,8,N,fire scar,NA
FR61,A1,Pl,1,11.5,2,11.7,6,N,NA,NA
FR61,A1,UC,4,6.7,NA,8.2,NA,N,mechanical damage,NA
FR61,A1,Pl,1,10,3,9.6,4.6,N,fire scar,NA
FR61,A1,UC,4,4.5,NA,6.7,NA,N,NA,NA
FR61,A1,Pl,1,10.5,2,10.9,5.3,N,NA,NA
FR62,A1,Pl,1,9.1,2,12.2,5.3,N,NA,NA
FR62,A1,Pl,1,8.1,2,11.4,7,N,NA,NA
FR62,A1,Pl,2,2.8,3,3.9,1.4,N,NA,NA
FR62,A1,Pl,1,4,3,8,2,N,NA,NA
FR62,A1,Pl,2,2.2,3,3.6,2.5,N,NA,NA
FR62,A1,Pl,1,10.5,2,13.5,6.2,N,NA,NA
FR62,A1,Pl,1,11.9,2,11.8,6,N,NA,NA
FR62,A1,Pl,1,12.4,2,13.3,6,N,NA,NA
FR62,A1,Pl,1,10.5,2,10.8,5,N,NA,NA
FR62,A1,Pl,2,3,3,3,1.8,N,dead top,NA
FR62,A1,Pl,2,11.2,2,10.6,4.1,gall in bole,NA,NA
FR62,A1,Pl,1,12.5,2,12.4,5.4,N,NA,NA
FR62,A1,Pl,1,12.3,2,12.3,6.6,N,NA,NA
FR62,A1,Pl,1,12,2,11.5,4.6,N,NA,NA
FR62,A1,Pl,1,9.8,2,10.3,1.5,gall in bole,NA,NA
FR62,A1,Pl,1,12.4,2,11.2,3.2,N,NA,NA
FR62,A1,Pl,1,9.2,2,11,3.2,N,NA,NA
FR62,A1,Pl,1,11,2,11.2,6,N,NA,NA
FR63,A1,Pl,1,5.7,2,10.4,5.9,blister rust,NA,only 1/4 of A1
FR63,A1,Pl,1,6.8,2,8.4,6,blister rust,NA,only 1/4 of A1
FR63,A1,Pl,1,6.5,2,10,5.5,N,NA,only 1/4 of A1
FR63,A1,Pl,1,11.7,2,11.9,5.5,N,NA,only 1/4 of A1
FR63,A1,Pl,1,4,3,6.9,4.9,N,NA,only 1/4 of A1
FR63,A1,Pl,3,2.6,NA,5,NA,N,NA,only 1/4 of A1
FR63,A1,Pl,3,1.4,NA,3,NA,N,NA,only 1/4 of A1
FR63,A1,Pl,3,2.6,NA,5,NA,N,NA,only 1/4 of A1
FR63,A1,Pl,1,9.7,2,11.9,5.5,N,NA,only 1/4 of A1
FR63,A1,Pl,1,5.5,3,5.9,4,blister rust,NA,only 1/4 of A1
FR63,A1,Pl,1,4.7,3,8.3,4.9,N,NA,only 1/4 of A1
FR63,A1,Pl,1,5.8,2,9.3,5,N,NA,only 1/4 of A1
FR63,A1,Pl,3,3,NA,5,NA,N,NA,only 1/4 of A1
FR63,A1,Pl,3,1.3,NA,3.5,NA,N,NA,only 1/4 of A1
FR63,A1,Pl,2,3.1,3,6.4,4.5,N,NA,only 1/4 of A1
FR63,A1,Pl,1,3.7,2,8.3,6.3,N,NA,only 1/4 of A1
FR63,A1,Pl,3,2,NA,3.5,NA,N,NA,only 1/4 of A1
FR63,A1,Pl,1,6.9,2,10.2,5.3,N,NA,only 1/4 of A1
FR63,A1,Pl,3,3.2,NA,5.3,NA,N,NA,only 1/4 of A1
FR63,A1,Pl,1,5.2,2,10,5.2,blister rust,NA,only 1/4 of A1
FR63,A1,Pl,1,7.3,2,10.1,5.3,N,NA,only 1/4 of A1
FR63,A1,Pl,1,7.1,2,9.9,5.5,N,NA,only 1/4 of A1
FR63,A1,Pl,3,2.8,NA,4,NA,N,NA,only 1/4 of A1
FR63,A1,Pl,1,8.2,2,10.7,5.6,blister rust,NA,only 1/4 of A1
FR63,A1,Pl,3,3.3,NA,5.8,NA,N,NA,only 1/4 of A1
FR63,A1,Pl,1,4.5,2,8.9,5.6,blister rust,NA,only 1/4 of A1
FR63,A1,Pl,3,3,NA,7.3,NA,N,NA,only 1/4 of A1
FR63,A1,Pl,1,9.8,2,10.3,5.5,N,NA,only 1/4 of A1
FR63,A1,Pl,3,1,NA,2.6,NA,N,NA,only 1/4 of A1
FR63,A1,Pl,1,8.9,2,10.4,5.5,blister rust,NA,only 1/4 of A1
FR63,A1,Pl,1,5.3,2,9.1,5.5,N,NA,only 1/4 of A1
FR63,A1,Pl,1,2.3,3,6.8,4.6,N,NA,only 1/4 of A1
FR63,A1,Pl,2,2,3,4.6,4.4,N,NA,only 1/4 of A1
FR63,A1,Pl,2,3.7,3,6.8,4.6,blister rust,NA,only 1/4 of A1
FR64,A1,Pl,2,4.6,2,8.6,6,N,NA,only 1/4 of A1
FR64,A1,Pl,2,5.2,2,10,6,N,NA,only 1/4 of A1
FR64,A1,Pl,1,8.6,2,12,9.1,N,NA,only 1/4 of A1
FR64,A1,Pl,3,2,NA,4,NA,N,NA,only 1/4 of A1
FR64,A1,Pl,1,6.3,2,9.5,6.5,N,NA,only 1/4 of A1
FR64,A1,Pl,3,1.2,NA,2.1,NA,N,NA,only 1/4 of A1
FR64,A1,Pl,1,6.6,2,10.8,8.1,N,NA,only 1/4 of A1
FR64,A1,Pl,1,6.8,2,10.9,8.1,N,NA,only 1/4 of A1
FR64,A1,Pl,3,3.2,NA,5.6,NA,N,NA,only 1/4 of A1
FR64,A1,Pl,3,2,NA,4,NA,N,NA,only 1/4 of A1
FR64,A1,Pl,1,10.9,1,13.4,9,N,mechanical damage,only 1/4 of A1
FR64,A1,Pl,1,7.7,2,10,8,N,NA,only 1/4 of A1
FR64,A1,Pl,2,4.2,3,9.4,6.7,N,NA,only 1/4 of A1
FR64,A1,Pl,2,4.5,3,6.8,5.2,N,NA,only 1/4 of A1
FR64,A1,Pl,1,7.9,2,12,9.1,N,NA,only 1/4 of A1
FR64,A1,Pl,1,6.7,2,9.9,7.2,N,NA,only 1/4 of A1
FR64,A1,Pl,3,3.6,NA,6.7,NA,N,NA,only 1/4 of A1
FR64,A1,Pl,3,1.3,NA,3.5,NA,N,NA,only 1/4 of A1
FR64,A1,Pl,3,1.7,NA,3.5,NA,N,NA,only 1/4 of A1
FR64,A1,Pl,2,5.4,3,9,6.2,N,swoop,only 1/4 of A1
FR64,A1,Pl,3,2.9,NA,6,NA,N,NA,only 1/4 of A1
FR64,A1,Pl,1,6,2,10,6.7,N,NA,only 1/4 of A1
FR64,A1,Pl,3,3.7,NA,6.5,NA,N,NA,only 1/4 of A1
FR64,A1,Pl,3,3.8,3,8.5,6.5,N,NA,only 1/4 of A1
FR64,A1,Pl,1,8.5,2,12.7,8.4,N,NA,only 1/4 of A1
FR64,A1,Pl,3,3.4,NA,8.4,NA,N,NA,only 1/4 of A1
FR64,A1,Pl,1,6.9,2,12.8,8.9,N,NA,only 1/4 of A1
FR64,A1,Pl,1,10,1,13.8,9.4,N,NA,only 1/4 of A1
FR64,A1,Pl,2,3.6,3,6.5,4.5,N,NA,only 1/4 of A1
FR64,A1,Pl,3,2.3,NA,3.4,NA,N,NA,only 1/4 of A1
FR64,A1,Pl,2,4.9,3,8.7,6.4,N,NA,only 1/4 of A1
FR64,A1,Pl,3,3.3,NA,7.9,NA,N,NA,only 1/4 of A1
FR64,A1,Sx,1,1.6,3,2,0.7,N,NA,only 1/4 of A1
FR64,A1,Pl,3,3.3,NA,7.5,NA,N,NA,only 1/4 of A1
FR64,A1,Pl,2,4.5,3,8.5,6.5,N,NA,only 1/4 of A1
FR64,A1,Pl,1,4.9,2,9.5,6.5,N,NA,only 1/4 of A1
FR64,A1,Pl,3,3.8,NA,7.5,NA,N,NA,only 1/4 of A1
FR64,A1,Pl,1,6.7,2,11.2,8.9,N,NA,only 1/4 of A1
FR65,A1,Pl,1,5.3,3,8.1,4.9,N,NA,NA
FR65,A1,Pl,1,8.9,2,9.8,4,blister rust,NA,NA
FR65,A1,Pl,1,11.6,2,11.1,3.8,blister rust,NA,NA
FR65,A1,Pl,3,2.9,NA,4,NA,N,NA,NA
FR65,A1,Pl,1,11.8,2,11.6,3.8,N,NA,NA
FR65,A1,Pl,1,4.5,3,7,4,N,NA,NA
FR65,A1,Pl,3,2.3,NA,4,NA,N,NA,NA
FR65,A1,Pl,3,2.1,NA,4.3,NA,N,NA,NA
FR65,A1,Pl,1,8.9,2,11.5,4.5,N,NA,NA
FR65,A1,Pl,1,12.1,2,11.8,4.9,N,NA,NA
FR65,A1,Pl,1,12.1,2,12,4.9,N,NA,NA
FR65,A1,Sx,1,9.2,2,10,1,N,NA,NA
FR65,A1,Pl,1,7.6,2,8.6,4.9,N,NA,NA
FR65,A1,Pl,1,11.3,2,9.5,4.9,N,NA,NA
FR65,A1,Pl,2,11.9,2,9.9,3.4,blister rust,NA,NA
FR65,A1,Pl,2,12.5,2,9.9,4,N,NA,NA
FR65,A1,Sx,1,1.7,3,2.3,0.4,N,NA,NA
FR65,A1,Pl,2,9.8,2,12.4,4.1,blister rust,NA,NA
FR65,A1,Pl,3,4.9,NA,6,NA,N,NA,NA
FR65,A1,Pl,3,3,NA,4.8,NA,N,NA,NA
FR65,A1,Pl,1,12.4,2,13.2,3.8,blister rust,NA,NA
FR65,A1,Pl,3,3.5,NA,5.4,NA,N,NA,NA
FR65,A1,Pl,1,8,2,11.3,4.7,blister rust,NA,NA
FR65,A1,Pl,1,11.4,2,9.9,4,N,NA,NA
FR65,A1,Pl,1,6.5,2,10.5,4.3,blister rust,NA,NA
FR65,A1,Pl,1,11.5,2,11.1,5.2,blister rust,NA,NA
FR65,A1,Pl,1,12.1,2,10.8,3.8,gall,NA,NA
FR66,A1,Pl,2,3.4,3,6.8,4.3,N,NA,only 1/4 of A1
FR66,A1,Pl,3,4.4,NA,4.3,NA,N,NA,only 1/4 of A1
FR66,A1,Pl,1,10.3,2,14.5,6.5,N,mechanical damage,only 1/4 of A1
FR66,A1,Pl,1,11.2,2,14.5,6.5,N,NA,only 1/4 of A1
FR66,A1,Pl,3,2.5,NA,4,NA,N,NA,only 1/4 of A1
FR66,A1,Pl,1,7.2,2,11.8,7.5,N,NA,only 1/4 of A1
FR66,A1,Pl,2,2.6,3,4.3,3.2,N,NA,only 1/4 of A1
FR66,A1,Pl,1,10.6,2,14.3,7.4,N,NA,only 1/4 of A1
FR66,A1,Pl,2,3.3,3,6.4,4,N,NA,only 1/4 of A1
FR66,A1,Pl,2,4,3,6,4,N,NA,only 1/4 of A1
FR66,A1,Pl,1,5.2,2,11.5,7.3,N,NA,only 1/4 of A1
FR66,A1,Pl,3,2.8,NA,6.4,NA,N,NA,only 1/4 of A1
FR66,A1,Pl,1,7.7,2,12.5,8.7,N,NA,only 1/4 of A1
FR66,A1,Pl,1,9,2,12.8,8.7,N,NA,only 1/4 of A1
FR66,A1,Pl,3,3.3,NA,6,NA,N,NA,only 1/4 of A1
FR66,A1,Pl,2,4.1,3,7.3,5.6,N,NA,only 1/4 of A1
FR66,A1,Pl,2,4.3,3,8.5,5.8,N,NA,only 1/4 of A1
FR66,A1,Pl,1,8.4,2,13.9,8.5,N,mechanical damage,only 1/4 of A1
FR66,A1,Pl,1,8.8,2,13.8,8.6,N,NA,only 1/4 of A1
FR66,A1,Pl,1,5,2,11.6,8.4,N,NA,only 1/4 of A1
FR66,A1,Pl,1,7.7,2,12.9,7.6,N,NA,only 1/4 of A1
FR66,A1,Pl,2,5.2,3,7.6,7,N,NA,only 1/4 of A1
FR67,A1,Sx,1,5.8,3,6.5,0.1,N,NA,NA
FR67,A1,Pl,1,10.3,2,10.5,3.7,N,NA,NA
FR67,A1,Sx,1,2.2,3,3.2,0.9,N,NA,NA
FR67,A1,Sx,1,3.3,3,4,0.7,N,NA,NA
FR67,A1,Pl,1,10.3,2,10.3,5.6,N,NA,NA
FR67,A1,Sx,1,6.2,3,6.6,2.1,aphids,NA,NA
FR67,A1,Sx,1,3.8,3,5.8,1.4,N,NA,NA
FR67,A1,Sx,1,5,3,7.5,2.2,N,NA,NA
FR67,A1,Sx,1,2.4,3,4,1.3,N,NA,NA
FR67,A1,Sx,1,5.5,3,7.1,1.8,N,NA,NA
FR67,A1,Sx,1,4.6,3,6.5,2.1,N,NA,NA
FR67,A1,Sx,1,4.9,3,8.2,1.6,N,NA,NA
FR67,A1,Pl,1,6.4,2,9.1,3.5,N,NA,NA
FR67,A1,Pl,1,9.5,2,10.7,3.5,N,forked at base,NA
FR67,A1,Pl,1,12.1,2,11.8,3.5,N,forked at base,NA
FR67,A1,Sx,1,7.5,3,6.9,0.5,N,NA,NA
FR67,A1,Pl,1,10.9,2,10.7,3.7,N,NA,NA
FR67,A1,Pl,1,10.7,2,10.7,3.5,N,NA,NA
FR67,A1,Sx,1,5.1,3,5.9,1.5,N,NA,NA
FR67,A1,Sx,1,4.4,3,5.6,1.5,N,NA,NA
FR67,A1,Sx,1,5.2,3,6,1.2,N,NA,NA
FR67,A1,Sx,1,0.8,4,2.2,0.7,N,NA,NA
FR67,A1,Sx,1,4.3,3,5.9,1.2,N,NA,NA
FR67,A1,Pl,1,10.2,2,9.8,4.1,N,NA,NA
FR67,A1,Sx,1,1.5,4,2.7,0.7,N,NA,NA
FR67,A1,Sx,1,6.3,3,6,2.2,aphids,NA,NA
FR67,A1,Pl,1,10.7,2,9.8,4.9,gall,NA,NA
FR67,A1,Sx,1,0.7,4,1.5,0.7,N,NA,NA
FR67,A1,Sx,1,8.4,3,7.9,1.5,N,NA,NA
FR67,A1,Pl,2,8.4,2,8.9,3.5,gall in bole,NA,NA
FR67,A1,Sx,1,5.1,3,5,0.5,N,NA,NA
FR67,A1,Sx,1,6,3,6.4,0.3,aphids,NA,NA
FR67,A1,Pl,1,11.4,2,10.7,3.9,gall,NA,NA
FR67,A1,Sx,1,4.8,3,4.5,0.6,aphids,NA,NA
FR67,A1,Sx,1,9.3,3,9.4,1.2,broom rust,NA,NA
FR67,A1,Sx,1,5.5,3,4.5,0.4,aphids,NA,NA
FR67,A1,Pl,1,11.5,2,11.1,4.5,N,NA,NA
FR67,A1,Sx,1,0.3,4,1.6,0.5,N,NA,NA
FR67,A1,Sx,1,4.5,3,5.7,1.3,N,NA,NA
FR67,A1,Sx,1,6.3,3,4.4,0.8,N,crook,NA
FR67,A1,Sx,1,7.6,2,9.9,1,N,NA,NA
FR67,A1,Pl,1,11.9,2,11.5,5,N,NA,NA
FR67,A1,Sx,1,6.4,3,5.7,0.5,N,NA,NA
FR67,A1,Pl,1,8.5,2,10.2,4.7,gall in bole,NA,NA
FR68,A1,Pl,1,12.5,2,14.3,7.3,N,NA,only 1/2 of A1
FR68,A1,Pl,1,8.9,2,12.7,7.3,N,NA,only 1/2 of A1
FR68,A1,Pl,1,7.3,2,11.7,7.3,N,NA,only 1/2 of A1
FR68,A1,Pl,1,6.3,2,10.9,7.3,N,NA,only 1/2 of A1
FR68,A1,Pl,3,2.8,NA,4.5,NA,N,NA,only 1/2 of A1
FR68,A1,Pl,1,10,2,12.7,7.3,N,NA,only 1/2 of A1
FR68,A1,Pl,2,3.5,3,7.3,6.3,N,NA,only 1/2 of A1
FR68,A1,Pl,1,12.3,2,13.7,7.9,N,NA,only 1/2 of A1
FR68,A1,Pl,1,7.2,2,12,7.9,N,NA,only 1/2 of A1
FR68,A1,Pl,1,8,2,12.2,7.9,N,NA,only 1/2 of A1
FR68,A1,Pl,1,4.5,2,9.9,7.9,N,NA,only 1/2 of A1
FR68,A1,Pl,1,7.6,2,13,7.5,N,NA,only 1/2 of A1
FR68,A1,Pl,3,2.3,NA,5.4,NA,N,NA,only 1/2 of A1
FR68,A1,Pl,1,4.8,2,10.2,6.8,N,NA,only 1/2 of A1
FR68,A1,Pl,1,6.3,2,10.2,6.8,N,NA,only 1/2 of A1
FR68,A1,Pl,3,3.4,NA,8,NA,N,NA,only 1/2 of A1
FR68,A1,Pl,2,3.5,3,6.8,4.8,N,NA,only 1/2 of A1
FR68,A1,Pl,1,5.2,3,7.8,5.8,N,NA,only 1/2 of A1
FR68,A1,Pl,1,8.8,2,13,6.5,N,NA,only 1/2 of A1
FR68,A1,Pl,1,5.9,2,11.5,5.5,N,NA,only 1/2 of A1
FR68,A1,Pl,1,4.7,2,10.8,5.5,N,NA,only 1/2 of A1
FR68,A1,Pl,3,1.2,NA,3.2,NA,N,NA,only 1/2 of A1
FR68,A1,Pl,1,5.5,2,11.5,5.5,N,NA,only 1/2 of A1
FR68,A1,Pl,1,12.4,2,14.1,7.6,N,NA,only 1/2 of A1
FR68,A1,Pl,2,4.3,3,8.9,6.9,N,NA,only 1/2 of A1
FR68,A1,Pl,1,9.3,2,12.8,6.7,N,NA,only 1/2 of A1
FR68,A1,Pl,1,5.9,2,12.3,7.9,N,NA,only 1/2 of A1
FR68,A1,Pl,1,10.2,2,13.3,7.6,N,NA,only 1/2 of A1
FR68,A1,Pl,1,4.9,2,12,7.5,N,NA,only 1/2 of A1
FR68,A1,Pl,1,8,2,11.6,6.4,N,NA,only 1/2 of A1
FR68,A1,Pl,3,6,NA,7.9,NA,N,NA,only 1/2 of A1
FR68,A1,Pl,1,6.1,3,10.4,6.4,N,NA,only 1/2 of A1
FR68,A1,Pl,3,2,NA,3.8,NA,N,NA,only 1/2 of A1
FR68,A1,Pl,3,6.5,NA,7.9,NA,N,NA,only 1/2 of A1
FR68,A1,Pl,3,2.8,NA,6,NA,N,NA,only 1/2 of A1
FR68,A1,Pl,2,3.5,3,6.9,5.9,N,NA,only 1/2 of A1
FR68,A1,Pl,2,3.9,3,7.3,5.9,N,NA,only 1/2 of A1
FR68,A1,Pl,2,4.7,3,8.2,5.9,N,scar,only 1/2 of A1
FR68,A1,Pl,1,7.6,2,12,7.4,gall,NA,only 1/2 of A1
FR68,A1,Pl,1,3.7,3,7.6,6.1,N,NA,only 1/2 of A1
FR68,A1,Pl,1,7.5,2,12.3,6.5,gall in bole,NA,only 1/2 of A1
FR68,A1,Pl,2,3.2,3,6.3,5,N,NA,only 1/2 of A1
FR68,A1,Pl,1,6.2,2,10.8,7.2,N,NA,only 1/2 of A1
FR68,A1,Pl,3,6.3,NA,8.9,NA,galleries,NA,only 1/2 of A1
FR68,A1,Pl,2,3.4,3,7.8,7,gall in bole,NA,only 1/2 of A1
FR68,A1,Pl,1,5.6,2,10.3,7.8,N,NA,only 1/2 of A1
FR69,A1,Pl,1,10.7,2,14.5,11.4,N,mechanical damage,NA
FR69,A1,Pl,1,9,2,14,12,N,mechanical damage,NA
FR69,A1,Pl,3,6.9,NA,12,NA,N,NA,NA
FR69,A1,Pl,1,6.4,2,12.9,8.9,gall,forked at DBH,NA
FR69,A1,Pl,3,3.9,NA,6.3,NA,gall,forked at DBH,NA
FR69,A1,Pl,3,4.6,NA,4.5,NA,N,NA,NA
FR69,A1,Pl,3,7.7,NA,10.9,NA,N,NA,NA
FR69,A1,Pl,2,9.7,2,12,10.9,N,forked,NA
FR69,A1,Pl,3,9.1,NA,12,NA,N,NA,NA
FR69,A1,Pl,3,12.3,NA,11.1,NA,N,broken top,NA
FR69,A1,Pl,3,11.4,NA,10.6,NA,N,broken top,NA
FR69,A1,Pl,1,10.3,2,15.5,10.5,N,NA,NA
FR69,A1,Pl,1,10.1,2,15.5,10.3,N,NA,NA
FR69,A1,Pl,1,8.1,2,15.5,10.3,N,NA,NA
FR69,A1,Pl,1,9.8,2,15.5,10.3,N,NA,NA
FR69,A1,Pl,3,11.5,NA,11,NA,N,broken top,NA
FR69,A1,Pl,1,10,2,15.7,10.6,N,NA,NA
FR69,A1,Pl,1,11.7,2,15.8,12.1,N,NA,NA
FR69,A1,Pl,1,11.2,2,15.1,10.9,N,NA,NA
FR69,A1,Pl,3,6.8,NA,14,NA,N,NA,NA
FR69,A1,Pl,1,6.6,3,10.7,6.7,N,NA,NA
FR69,A1,Pl,3,5.8,NA,10,NA,N,NA,NA
FR69,A1,Pl,1,11.4,2,14.6,8.5,N,NA,NA
FR70,A1,Pl,1,2,2,2.6,0.2,N,NA,only 1/4 of A1
FR70,A1,Pl,1,0.7,2,1.7,0.4,N,NA,only 1/4 of A1
FR70,A1,Pl,1,3.5,2,3.7,0.4,N,NA,only 1/4 of A1
FR70,A1,Pl,1,1.6,2,2.2,0.4,N,NA,only 1/4 of A1
FR70,A1,Pl,1,1.7,2,2.2,0.4,N,NA,only 1/4 of A1
FR70,A1,Pl,1,0.7,2,1.7,0.3,N,NA,only 1/4 of A1
FR70,A1,Pl,1,0.9,2,2,0.4,N,NA,only 1/4 of A1
FR70,A1,Pl,1,0.9,2,1.9,0.8,N,NA,only 1/4 of A1
FR70,A1,Pl,1,2.6,2,2.9,0.5,N,NA,only 1/4 of A1
FR70,A1,Pl,1,0.6,2,1.7,0.6,N,NA,only 1/4 of A1
FR70,A1,Pl,1,1.9,2,2.5,0.6,N,NA,only 1/4 of A1
FR70,A1,Pl,1,1.1,2,2.1,0.4,N,NA,only 1/4 of A1
FR70,A1,Pl,1,1.8,2,2.2,0.2,N,NA,only 1/4 of A1
FR70,A1,Pl,1,0.7,2,2,0.5,N,NA,only 1/4 of A1
FR70,A1,Pl,1,2.5,2,2.9,0.7,N,NA,only 1/4 of A1
FR70,A1,Pl,1,3.1,2,2.9,0.3,N,NA,only 1/4 of A1
FR70,A1,Pl,1,3.2,2,3.1,0.5,N,NA,only 1/4 of A1
FR70,A1,Pl,1,2.5,2,3.1,0.4,N,NA,only 1/4 of A1
FR70,A1,Pl,1,2.9,2,3,0.3,N,NA,only 1/4 of A1
FR70,A1,Pl,3,2,NA,2.5,NA,N,NA,only 1/4 of A1
FR70,A1,Pl,1,1.4,2,2.1,0.3,N,NA,only 1/4 of A1
FR70,A1,Pl,1,1.1,2,2,0.4,N,NA,only 1/4 of A1
FR70,A1,Pl,1,0.7,2,1.6,0.4,N,NA,only 1/4 of A1
FR70,A1,Pl,1,0.9,2,1.6,0.3,N,NA,only 1/4 of A1
FR70,A1,Pl,1,0.5,2,1.4,0.3,N,NA,only 1/4 of A1
FR70,A1,Pl,1,1.6,2,1.6,0.3,N,NA,only 1/4 of A1
FR70,A1,Pl,1,2.3,2,2.5,0.3,N,competing leads,only 1/4 of A1
FR70,A1,Pl,1,3.5,2,3.1,0.5,N,NA,only 1/4 of A1
FR70,A1,Sx,1,0.4,2,1.6,0.2,N,NA,only 1/4 of A1
FR70,A1,Pl,1,2.8,2,2.5,0.3,N,NA,only 1/4 of A1
FR70,A1,Pl,1,0.7,2,1.5,0.5,N,NA,only 1/4 of A1
FR70,A1,Pl,1,1.8,2,2.4,0.4,N,mechanical damage,only 1/4 of A1
FR70,A1,Sx,4,7.6,NA,8,NA,N,NA,only 1/4 of A1
FR70,A1,Pl,1,3.2,2,3.9,0.5,N,NA,only 1/4 of A1
FR70,A1,Pl,1,2.4,2,2.6,0.4,N,NA,only 1/4 of A1
FR70,A1,Sx,1,0.5,2,1.9,0.3,N,NA,only 1/4 of A1
FR70,A1,Pl,1,2.1,2,2.5,0.3,N,NA,only 1/4 of A1
FR70,A1,Pl,1,0.9,2,2.2,0.4,N,NA,only 1/4 of A1
FR70,A1,Pl,1,1.7,2,2.4,0.2,N,NA,only 1/4 of A1
FR70,A1,Pl,2,2.9,2,3.2,0.2,N,NA,only 1/4 of A1
FR70,A1,Pl,1,1.9,2,2.3,0.5,N,NA,only 1/4 of A1
FR70,A1,Pl,1,0.7,2,1.6,0.4,N,NA,only 1/4 of A1
FR70,A1,Pl,1,2.4,2,3.2,0.5,N,NA,only 1/4 of A1
FR70,A1,Pl,1,3.6,2,2.9,0.4,N,NA,only 1/4 of A1
FR70,A1,Pl,1,0.9,2,1.6,0.4,N,NA,only 1/4 of A1
FR70,A1,Pl,1,0.9,2,1.8,0.4,N,NA,only 1/4 of A1
FR70,A1,Pl,1,1.4,2,2.2,0.3,N,NA,only 1/4 of A1
FR70,A1,Pl,1,2.3,2,2.9,0.4,N,NA,only 1/4 of A1
FR70,A1,Pl,1,2.1,2,2.8,0.6,N,NA,only 1/4 of A1
FR70,A1,Pl,1,1.7,2,2.1,0.5,N,NA,only 1/4 of A1
FR70,A1,Pl,1,0.5,2,1.5,0.4,N,NA,only 1/4 of A1
FR70,A1,Pl,1,0.7,2,1.9,0.5,N,NA,only 1/4 of A1
FR70,A1,Pl,1,2.7,2,3.2,0.5,N,NA,only 1/4 of A1
FR70,A1,Pl,1,1.1,2,1.7,0.5,N,NA,only 1/4 of A1
FR71,A1,At,1,1.5,2,2.9,0.5,LM,NA,only 1/4 of A1
FR71,A1,At,1,1.1,2,2.2,0.8,LM,NA,only 1/4 of A1
FR71,A1,At,1,1.6,2,2.9,0.9,LM,NA,only 1/4 of A1
FR71,A1,At,1,1.2,2,2.1,0.5,LM,NA,only 1/4 of A1
FR71,A1,At,1,1,2,2.1,0.8,LM,NA,only 1/4 of A1
FR71,A1,At,1,1.3,2,2.3,0.9,LM,NA,only 1/4 of A1
FR71,A1,At,1,0.6,2,1.7,0.8,LM,NA,only 1/4 of A1
FR71,A1,At,1,0.4,2,1.5,0.7,LM,NA,only 1/4 of A1
FR71,A1,At,1,0.6,2,1.7,1,LM,NA,only 1/4 of A1
FR71,A1,At,1,0.2,2,1.4,0.5,LM,NA,only 1/4 of A1
FR71,A1,At,1,0.6,2,1.6,1.2,LM,NA,only 1/4 of A1
FR71,A1,At,1,0.7,2,1.7,1.1,LM,NA,only 1/4 of A1
FR71,A1,At,1,1.1,2,2,0.9,LM,NA,only 1/4 of A1
FR71,A1,At,1,1.3,2,2.4,1,LM,NA,only 1/4 of A1
FR71,A1,At,1,1.9,2,2.4,1.3,LM,NA,only 1/4 of A1
FR71,A1,At,1,1,2,2.1,0.6,LM,NA,only 1/4 of A1
FR71,A1,At,1,1.2,2,2.4,0.6,LM,NA,only 1/4 of A1
FR71,A1,At,1,0.6,2,2.1,1,LM,NA,only 1/4 of A1
FR71,A1,At,1,1.1,2,2.3,0.9,LM,NA,only 1/4 of A1
FR71,A1,At,1,0.3,2,1.4,0.7,LM,NA,only 1/4 of A1
FR71,A1,At,1,1.5,2,2.4,0.5,LM,NA,only 1/4 of A1
FR71,A1,At,1,1.1,2,2,0.9,LM,NA,only 1/4 of A1
FR71,A1,At,1,0.6,2,1.8,0.8,LM,NA,only 1/4 of A1
FR71,A1,At,3,0.5,NA,1.9,NA,LM,NA,only 1/4 of A1
FR71,A1,At,1,0.3,2,1.5,0.9,LM,NA,only 1/4 of A1
FR71,A1,At,1,0.7,2,2.1,0.5,LM,NA,only 1/4 of A1
FR71,A1,Sx,4,4.6,NA,5.6,NA,N,NA,only 1/4 of A1
FR71,A1,At,1,1.3,2,2.6,0.7,LM,NA,only 1/4 of A1
FR71,A1,At,1,1.4,2,2.9,0.9,LM,NA,only 1/4 of A1
FR72,A1,NA,NA,NA,NA,NA,NA,NA,no trees,NA
FR73,A1,Pl,1,9.4,1,11.6,4.9,N,NA,NA
FR73,A1,Bl,1,3.9,4,3.8,0.6,N,NA,NA
FR73,A1,Pl,1,12.5,1,13,4.7,N,mechanical damage,NA
FR73,A1,Bl,1,6.9,2,7.8,1.7,N,NA,NA
FR73,A1,At,1,5.7,2,7.2,5.6,N,NA,NA
FR73,A1,At,1,2.8,3,4.8,4.4,N,NA,NA
FR73,A1,Pl,1,10.2,1,12.1,5.9,N,mechanical damage,NA
FR73,A1,Ep,1,4.7,2,7.9,5.5,N,NA,NA
FR73,A1,Ep,1,1.7,4,3.3,3,N,forked at base,NA
FR73,A1,Ep,3,1.2,NA,3.8,NA,N,forked at base,NA
FR73,A1,Pl,1,7.9,2,10.3,6.3,N,NA,NA
FR73,A1,Ep,1,4.6,2,6.4,4.8,N,NA,NA
FR73,A1,Sx,1,2,3,3,0.8,N,NA,NA
FR73,A1,Ep,1,3.5,2,6.3,4.8,N,NA,NA
FR73,A1,Pl,1,11.9,1,12,5.9,N,NA,NA
FR73,A1,Ep,1,6.5,3,4.5,4.5,N,NA,NA
FR73,A1,Sx,1,6.9,2,9.9,1.5,N,NA,NA
FR73,A1,At,1,2,3,4.4,4,N,NA,NA
FR73,A1,Sx,1,1.2,4,2.5,0.8,N,NA,NA
FR73,A1,Bl,1,3,4,3.4,1.1,N,NA,NA
FR73,A1,Pl,2,3.1,3,4.5,2.8,N,NA,NA
FR73,A1,Bl,1,4.9,2,6,0.7,N,NA,NA
FR73,A1,Ep,1,4.9,2,7.2,4.8,N,NA,NA
FR73,A1,Ep,1,5.6,2,7.3,5.2,N,NA,NA
FR73,A1,Pl,2,4.5,2,7.2,4.1,N,NA,NA
FR73,A1,Bl,1,3.3,3,3.9,1,N,NA,NA
FR73,A1,Sx,1,1.4,4,2.2,0.8,aphids,NA,NA
FR73,A1,Bl,1,3.5,4,3.3,0.5,N,NA,NA
FR73,A1,Sx,1,1.1,4,1.7,0.5,N,NA,NA
FR73,A1,At,1,2.4,3,3.4,2.7,N,NA,NA
FR73,A1,Ep,1,5.2,2,6.3,4.8,N,NA,NA
FR73,A1,Bl,1,8.8,2,6.9,0.9,N,NA,NA
FR73,A1,Bl,1,3.2,3,3.6,1.3,N,NA,NA
FR73,A1,Sx,1,1.1,4,1.7,0.6,N,NA,NA
FR73,A1,Bl,1,6.5,2,7.1,4.3,N,NA,NA
FR73,A1,Sx,1,2,4,3,1.1,N,NA,NA
FR73,A1,Ep,1,5.2,2,8.6,5,N,NA,NA
FR73,A1,Sx,1,0.9,4,1.6,0.8,aphids,NA,NA
FR73,A1,Ep,1,1.6,3,3.9,2.4,N,NA,NA
FR73,A1,Bl,1,10.7,2,10.8,1.5,N,NA,NA
FR73,A1,Sx,1,1.5,4,2,0.8,N,NA,NA
FR73,A1,Sx,1,5.1,3,4.5,0.9,N,NA,NA
FR73,A1,Bl,1,12.2,2,9.4,1.8,N,mechanical damage,NA
FR73,A1,Sx,1,0.7,4,1.7,0.5,N,NA,NA
FR73,A1,Ep,1,8,2,9.9,7,N,NA,NA
FR73,A1,Ep,1,9.9,2,10.3,5.4,N,NA,NA
FR73,A1,Ep,1,3.2,2,6.3,4.3,N,NA,NA
FR73,A1,Ep,1,6.8,2,9.2,4.4,N,NA,NA
FR73,A1,Sx,1,3.2,3,3.3,0.8,N,NA,NA
FR73,A1,Sx,1,2.1,4,2.9,0.5,N,NA,NA
FR73,A1,Sx,1,0.9,4,1.6,0.7,aphids,NA,NA
FR73,A1,At,1,2.9,3,5.1,4.4,LM,NA,NA
FR73,A1,Ep,1,6.1,2,7.3,4.6,N,NA,NA
FR73,A1,Ep,1,5.1,2,7.4,5.3,N,NA,NA
FR73,A1,Ep,1,1.5,3,3.6,3.2,N,NA,NA
FR73,A1,Sx,1,1,4,2,0.5,N,NA,NA
FR73,A1,Ep,1,1.8,3,3.9,3.2,N,NA,NA
FR74,A1,Pl,1,10.2,2,13.3,6.1,N,NA,NA
FR74,A1,Pl,3,6.1,NA,7.8,NA,N,NA,NA
FR74,A1,Pl,3,4.6,NA,5.4,NA,N,NA,NA
FR74,A1,Pl,1,12.4,2,14.6,8,N,NA,NA
FR74,A1,Pl,1,11.8,2,12.6,7,N,swoop,NA
FR74,A1,Pl,1,11.2,2,12,6.4,N,NA,NA
FR74,A1,Pl,1,9.7,2,11.6,7.8,N,NA,NA
FR74,A1,Pl,2,7,2,10.7,7.2,N,NA,NA
FR74,A1,At,4,3.9,NA,7.3,NA,N,NA,NA
FR74,A1,At,1,5.6,2,11,7.1,LM,NA,NA
FR74,A1,At,2,3,3,5.9,5.1,LM,NA,NA
FR74,A1,At,1,4.7,3,7.1,6.1,LM,NA,NA
FR74,A1,At,1,5.3,3,8.7,6.7,LM,NA,NA
FR74,A1,At,1,6.6,2,12.4,8.5,LM,NA,NA
FR75,A1,Pl,4,2.6,NA,5.9,NA,N,NA,NA
FR75,A1,Bl,1,5.6,2,7.8,1.2,N,NA,NA
FR75,A1,Pl,1,9.5,2,11.8,6.5,N,NA,NA
FR75,A1,Pl,1,5.9,2,9.2,5.7,N,NA,NA
FR75,A1,Pl,1,6.8,2,10,5.6,N,NA,NA
FR75,A1,Pl,4,4.1,NA,7.3,NA,N,NA,NA
FR75,A1,Pl,1,9.4,2,10.1,6.4,N,NA,NA
FR75,A1,Pl,3,3.3,NA,6,NA,N,NA,NA
FR75,A1,Pl,1,11.5,2,10.8,7,N,NA,NA
FR75,A1,Fd,1,5.7,3,7.6,0.7,N,NA,NA
FR75,A1,Pl,3,8.7,NA,9.2,NA,N,NA,NA
FR75,A1,Pl,1,10.8,2,10.7,6.1,N,NA,NA
FR75,A1,Fd,1,1.2,4,2.1,0.3,N,NA,NA
FR75,A1,Sx,1,1.2,4,2.2,0.9,N,NA,NA
FR75,A1,Pl,1,5.5,2,7.7,4.7,N,NA,NA
FR75,A1,Pl,1,8.9,2,10.1,6.2,blister rust,NA,NA
FR75,A1,Pl,4,9.5,NA,10.3,NA,N,NA,NA
FR75,A1,Fd,1,2.7,3,4,1.3,N,NA,NA
FR75,A1,Pl,4,3.2,NA,6,NA,N,NA,NA
FR75,A1,Pl,1,10.4,2,11.2,5.7,N,NA,NA
FR75,A1,Pl,1,9.2,2,10.8,5.7,N,NA,NA
FR75,A1,Pl,1,12,2,10.6,5.7,N,NA,NA
FR75,A1,Pl,1,9.8,2,10.2,5.8,blister rust,NA,NA
FR75,A1,Pl,1,8,2,10.3,5.8,N,NA,NA
FR75,A1,Pl,1,9.9,2,10.6,5.2,blister rust,NA,NA
FR75,A1,Pl,4,6.2,NA,6.8,NA,N,NA,NA
FR75,A1,Pl,1,10.8,2,11.4,6.9,N,NA,NA
FR75,A1,Pl,1,10.9,2,10.6,5.6,N,NA,NA
FR75,A1,Fd,1,4.5,3,5.8,0.5,N,NA,NA
FR75,A1,Fd,1,5.9,3,5.7,1.5,N,NA,NA
FR75,A1,Pl,1,12.1,2,11.6,6.4,N,NA,NA
FR75,A1,Fd,1,7,3,7.7,1.2,N,NA,NA
FR75,A1,Pl,1,8.7,3,8.3,6,N,NA,NA
FR75,A1,Pl,3,2.3,NA,5.8,NA,N,NA,NA
FR75,A1,Pl,2,5.2,3,8.7,8,N,NA,NA
FR75,A1,Pl,1,7.3,3,8.5,5.7,N,NA,NA
FR75,A1,Pl,1,11.7,2,12.1,5.4,N,NA,NA
FR75,A1,Pl,3,1.6,NA,5,NA,N,NA,NA
FR75,A1,Pl,1,7,2,10.4,4.7,blister rust,NA,NA
FR75,A1,Pl,1,4.4,3,8,4.7,N,NA,NA
FR75,A1,Fd,1,2.8,4,3,1.1,N,NA,NA
