PlotID,Sub-plot,Species,Tree_class,DBH,Height_class,Height,Crown_base_height,Insect,Comments
FR01,B1,NA,NA,NA,NA,NA,NA,NA,no trees
FR02,B1,Pl,1,13.6,NA,13.7,7.7,N,NA
FR02,B1,Pl,1,14.9,NA,13.6,6.1,N,NA
FR03,B1,NA,NA,NA,NA,NA,NA,NA,no trees
FR04,B1,Pl,1,14.5,1,12.8,9.1,N,NA
FR04,B1,Pl,2,16.8,1,13.9,8.2,blister rust,NA
FR04,B1,Pl,1,14.6,1,15.1,8.6,N,NA
FR04,B1,Pl,1,17.7,1,13.9,7.5,N,NA
FR04,B1,Pl,1,14.2,1,14.2,7.2,N,NA
FR04,B1,Pl,1,16.7,1,14,8,N,NA
FR04,B1,Pl,1,14.5,1,14.5,8,N,NA
FR04,B1,Pl,1,14.8,1,13,8,N,NA
FR04,B1,Pl,1,20.6,1,15,9,N,forked
FR04,B1,Pl,1,16.8,1,14,9,N,forked
FR04,B1,Pl,2,12.9,1,12.5,7,gall,NA
FR04,B1,Pl,1,19,1,15,8,N,NA
FR04,B1,Pl,1,15.1,1,13.8,7,N,NA
FR04,B1,Pl,1,16.4,1,14.5,7,N,NA
FR04,B1,Pl,1,13.5,1,13,7,N,NA
FR04,B1,Pl,1,16.3,1,15,9,N,NA
FR04,B1,Pl,1,16,1,15,8,N,NA
FR04,B1,Pl,1,14.2,1,14,8,N,NA
FR04,B1,Pl,1,16.4,1,14,8,N,NA
FR04,B1,Pl,1,14.1,1,12.2,8,N,NA
FR04,B1,Pl,1,13.2,1,13,9,N,NA
FR04,B1,Pl,1,14.9,1,13,9,N,NA
FR04,B1,Pl,1,12.9,1,12.9,6,N,NA
FR04,B1,Pl,1,15.6,1,13,8,N,NA
FR04,B1,Pl,1,14.8,1,14,7,N,NA
FR04,B1,Pl,1,14.5,1,12.5,7,N,NA
FR04,B1,Pl,1,15,1,12.5,8,N,NA
FR04,B1,Pl,1,12.7,1,12,8,N,forked
FR04,B1,Pl,1,14.6,1,12,6,N,NA
FR04,B1,Pl,1,17.6,1,15,8,N,NA
FR04,B1,Pl,1,14.6,1,14,6,N,NA
FR04,B1,Pl,2,15.9,1,14,7,gall,forked
FR04,B1,Pl,1,15.1,1,15,7,N,NA
FR04,B1,Pl,1,17.2,1,15,6,N,NA
FR04,B1,Pl,1,17.8,1,13,6,N,NA
FR04,B1,Pl,1,19.9,1,14,7,N,NA
FR04,B1,Pl,1,15.3,1,15,8,N,NA
FR04,B1,Pl,1,14.8,1,13.5,6,N,NA
FR04,B1,Pl,1,14,1,14,8,N,NA
FR04,B1,Pl,1,14.5,1,14,9,N,NA
FR04,B1,Pl,1,15.5,1,14,8,N,NA
FR04,B1,Pl,1,16.3,1,15,8,N,NA
FR04,B1,Pl,1,15,1,14.5,7,N,NA
FR04,B1,Pl,1,12.7,1,13,6,N,NA
FR04,B1,Pl,1,13,1,13,6,N,NA
FR04,B1,Pl,1,13.1,1,13,5,N,forked
FR04,B1,Pl,1,16.9,1,14,8,N,NA
FR04,B1,Pl,1,16.1,1,14,9,N,NA
FR04,B1,Pl,1,15.7,1,14,8,N,NA
FR04,B1,Pl,1,12.8,1,13,8,N,NA
FR04,B1,Pl,1,13.7,1,13.5,7,gall,NA
FR04,B1,Pl,1,14.4,1,15,7,N,NA
FR04,B1,Pl,1,13.7,1,13,7,gall,NA
FR04,B1,Pl,1,14.3,1,14,6,N,NA
FR04,B1,Pl,1,14.9,1,14,7,N,NA
FR04,B1,Pl,1,15.6,1,14.5,7,N,NA
FR04,B1,Pl,1,16.5,1,15,8,N,NA
FR04,B1,Pl,1,16,1,15,6,N,NA
FR04,B1,Pl,1,12.8,1,13,7,N,NA
FR04,B1,Ac,1,15.8,1,13.5,7,N,NA
FR04,B1,Pl,1,20.8,1,15,8,N,NA
FR04,B1,Pl,1,16,1,15,9,N,NA
FR04,B1,Pl,1,14.1,1,14,8,N,NA
FR04,B1,Pl,1,15.9,1,14.5,9,N,NA
FR04,B1,Pl,1,15.9,1,14.5,7,N,NA
FR04,B1,Pl,1,14.5,1,14,8,N,NA
FR04,B1,Pl,1,16.7,1,15,8,N,NA
FR04,B1,Pl,1,13.6,1,13,8,N,NA
FR04,B1,Pl,1,14.3,1,14,9,N,NA
FR04,B1,Pl,1,14.9,1,14,9,N,NA
FR04,B1,Pl,1,14,1,14,7,N,NA
FR04,B1,Pl,1,13.7,1,14,7,gall,NA
FR04,B1,Pl,1,14.2,1,14,9,N,NA
FR04,B1,Pl,1,15.3,1,13,8,N,NA
FR04,B1,Pl,1,13.7,1,13,8,N,NA
FR04,B1,Pl,1,13,1,14,8,N,NA
FR04,B1,Pl,1,16.3,1,15,9,N,NA
FR05,B1,Sx,5,23.2,NA,20.5,NA,N,char
FR05,B1,Sx,5,25.2,NA,23.1,NA,N,char
FR05,B1,Sx,5,41.6,NA,28.4,NA,N,char
FR05,B1,Sx,5,20.7,NA,18.6,NA,N,char
FR05,B1,Sx,5,20.7,NA,15.5,NA,N,burnt
FR05,B1,Sx,5,17.8,NA,14.9,NA,N,char
FR05,B1,Sx,5,17,NA,15,NA,N,burnt
FR05,B1,Sx,5,14.9,NA,9,NA,N,char
FR05,B1,Sx,5,41.6,NA,16.2,NA,N,broken top
FR05,B1,Sx,5,14,NA,12.2,NA,N,char
FR05,B1,Sx,5,15.5,NA,15.2,NA,N,char
FR05,B1,Sx,5,19.3,NA,15.8,NA,N,burnt
FR05,B1,Sx,5,14.3,NA,13.1,NA,N,burnt
FR05,B1,Sx,8,18.1,NA,14,NA,N,char
FR05,B1,Sx,5,74.9,NA,38.5,NA,N,burnt
FR05,B1,Sx,5,17.3,NA,15,NA,N,burnt
FR05,B1,UC,8,14,NA,5,NA,N,char
FR05,B1,UC,5,13.4,NA,13,NA,N,char
FR05,B1,UC,5,22.4,3,16,NA,N,burnt
FR06,B1,NA,NA,NA,NA,NA,NA,NA,no trees
FR07,B1,NA,NA,NA,NA,NA,NA,NA,no trees
FR08,B1,Pl,1,14.5,2,11.3,6,N,NA
FR08,B1,Pl,1,15.6,2,12.4,6,N,NA
FR08,B1,Pl,1,19.1,2,11.9,6,N,NA
FR08,B1,Pl,1,15.7,2,11.2,8,N,NA
FR08,B1,Pl,1,17.5,2,13,8,N,NA
FR08,B1,Pl,1,17,2,12.5,7,N,NA
FR08,B1,Pl,1,16.3,2,13,7,N,NA
FR08,B1,Pl,1,15.7,2,12,8,N,NA
FR08,B1,Pl,1,16.4,2,12,8,N,NA
FR08,B1,Pl,1,14,2,11.5,6,N,NA
FR08,B1,Pl,1,19.6,2,12.5,8,N,NA
FR08,B1,Pl,1,18,2,12.5,6,N,NA
FR08,B1,Pl,1,13.9,2,11,6,N,NA
FR08,B1,Pl,1,13.2,2,11,6,N,NA
FR08,B1,Pl,2,17.7,2,12.5,6,gall,forked
FR08,B1,Pl,1,16.2,2,12,7,N,NA
FR08,B1,Pl,1,16.8,2,11.5,6,N,NA
FR08,B1,Pl,1,15.3,2,11,5,N,forked
FR08,B1,Pl,1,19.5,2,13,7,N,NA
FR08,B1,Pl,1,15.6,2,12,7,N,NA
FR08,B1,Pl,1,13.9,2,12,6,N,crook
FR08,B1,Pl,1,14.2,2,12,6,N,NA
FR08,B1,Pl,1,14,2,12,7,N,NA
FR08,B1,Pl,1,15.4,2,12.5,7,N,NA
FR08,B1,Pl,1,17.6,2,12.2,7,N,NA
FR08,B1,Pl,1,18.7,2,12.5,7,gall,NA
FR08,B1,Pl,2,14.4,2,10,5,blister rust,broken top
FR08,B1,Pl,2,18.3,2,12.5,6,N,forked
FR08,B1,Pl,1,15.9,2,12.2,7,N,NA
FR08,B1,Pl,2,14.1,2,11.8,6,gall,NA
FR08,B1,Pl,1,18.7,2,12,6,gall,NA
FR08,B1,Sx,1,15.5,2,12,0.5,N,browse
FR08,B1,Pl,1,16.6,2,12.5,7,N,NA
FR08,B1,Pl,1,13.8,2,7,5,N,broken top
FR08,B1,Pl,1,15.5,2,12,6,N,NA
FR08,B1,Pl,2,15.3,2,12,6,gall,NA
FR08,B1,Pl,1,15.8,2,12,7,N,NA
FR08,B1,Pl,1,14.4,2,11.5,7,N,NA
FR08,B1,Pl,1,19.7,2,13,7,N,NA
FR08,B1,Pl,1,15.5,2,11.5,6,N,NA
FR08,B1,Pl,1,15.5,2,11.5,6,N,NA
FR08,B1,Pl,2,15.8,2,9,4,N,broken top
FR08,B1,Pl,1,14.8,2,10.5,5,N,NA
FR08,B1,Pl,1,19,2,11.5,6,N,NA
FR08,B1,Pl,1,20.5,2,13,6,N,forked
FR08,B1,Pl,1,15.1,2,12,6,N,NA
FR08,B1,Pl,1,14.2,2,11,5,N,NA
FR08,B1,Pl,1,21.1,2,13,5,N,NA
FR08,B1,Pl,1,17.5,2,12.5,6,N,NA
FR08,B1,Sx,2,15.6,2,11,0.5,N,"broken fork, crook"
FR09,B1,NA,NA,NA,NA,NA,NA,NA,no trees
FR10,B1,Sx,5,33.3,NA,26.8,NA,N,burnt
FR10,B1,UC,5,17,NA,18.7,NA,N,char
FR10,B1,Sx,5,23.9,NA,23.6,NA,N,burnt
FR10,B1,Sx,5,27.7,NA,22.2,NA,N,burnt
FR10,B1,Sx,5,39,NA,29.6,NA,N,burnt
FR10,B1,Sx,5,19.3,NA,15.6,NA,N,burnt
FR10,B1,Sx,6,46.1,NA,3,NA,N,burnt
FR10,B1,Sx,5,24.8,NA,24.2,NA,N,burnt
FR10,B1,Sx,5,19.9,NA,17.6,NA,N,char
FR10,B1,Sx,5,42.6,NA,25.4,NA,N,burnt
FR10,B1,Sx,5,26.5,NA,23,NA,N,burnt
FR10,B1,Sx,5,24,NA,24.9,NA,N,burnt
FR10,B1,Sx,5,35,NA,25,NA,N,burnt
FR10,B1,Sx,5,20.8,NA,23,NA,N,burnt
FR10,B1,Sx,5,21.7,NA,23,NA,N,burnt
FR10,B1,Sx,5,12.8,NA,25,NA,N,burnt
FR10,B1,Sx,5,16.5,NA,18,NA,N,burnt
FR10,B1,Sx,7,14.6,NA,2.5,NA,N,char
FR10,B1,Sx,5,24.6,NA,21.5,NA,N,burnt
FR10,B1,Sx,7,18.1,NA,3.5,NA,N,burnt
FR10,B1,Sx,5,20.2,NA,20,NA,N,burnt
FR10,B1,Sx,5,17.9,NA,19,NA,N,burnt
FR10,B1,Sx,5,19,NA,21,NA,N,burnt
FR10,B1,Sx,5,20.7,NA,20,NA,N,burnt
FR10,B1,Sx,5,16.1,NA,14,NA,N,char
FR10,B1,Sx,5,13.1,NA,21,NA,N,char
FR10,B1,Sx,7,16.1,NA,2.5,NA,N,char
FR10,B1,Sx,5,25.7,NA,26,NA,N,burnt
FR10,B1,Sx,5,18.2,NA,25,NA,N,burnt
FR10,B1,Sx,5,17.8,NA,21,NA,N,burnt
FR10,B1,Sx,5,33,NA,27.9,NA,N,burnt
FR10,B1,Sx,5,24.5,NA,25,NA,N,burnt
FR10,B1,Sx,5,27.6,NA,24.5,NA,N,burnt
FR10,B1,Sx,5,29.4,NA,27,NA,N,burnt
FR10,B1,Sx,6,15.6,NA,8,NA,N,char
FR10,B1,Sx,5,13.5,NA,16.5,NA,N,char
FR10,B1,Sx,5,21,NA,16.5,NA,N,burnt
FR10,B1,Sx,5,17.3,NA,16.5,NA,N,burnt
FR10,B1,Sx,5,19.1,NA,18,NA,N,burnt
FR10,B1,Sx,5,25.5,NA,19.5,NA,N,burnt
FR11,B1,UC,5,24.7,NA,12.9,NA,N,char
FR11,B1,Pl,2,19.6,2,10.7,0.1,N,forked below DBH
FR11,B1,Pl,2,19.5,2,10.5,0.1,N,forked below DBH
FR11,B1,Pl,1,23.8,2,13.7,0.5,N,NA
FR11,B1,Pl,1,16.8,2,13.8,1,blister rust,NA
FR11,B1,UC,6,17.2,NA,7.6,NA,N,char
FR11,B1,Pl,1,20.2,2,13.7,0.3,N,NA
FR11,B1,Pl,1,24,1,15.2,0.2,N,NA
FR11,B1,Pl,1,27.8,1,15.5,0.3,N,NA
FR12,B1,UC,6,24,NA,10.6,NA,N,char
FR12,B1,Sx,4,17.6,NA,7.2,NA,N,NA
FR12,B1,Sx,4,17,2,11.5,NA,N,NA
FR12,B1,Sx,6,20.4,NA,9.3,NA,N,char
FR12,B1,Sx,5,14.7,NA,10.7,NA,N,NA
FR12,B1,Sx,4,17.5,NA,13.7,NA,N,NA
FR12,B1,Sx,4,16.5,NA,11.4,NA,N,NA
FR12,B1,Sx,4,14,NA,8.5,NA,N,NA
FR12,B1,Sx,6,37.1,NA,15.1,NA,N,NA
FR12,B1,Sx,4,18.5,NA,10,NA,N,NA
FR12,B1,Sx,4,27.3,NA,14,NA,N,NA
FR12,B1,Sx,5,25.7,NA,17.3,NA,N,char
FR12,B1,Sx,4,24.3,NA,14,NA,N,NA
FR12,B1,UC,5,18.7,NA,14,NA,N,char
FR12,B1,Sx,4,25.1,NA,16.8,NA,N,NA
FR12,B1,Sx,4,14.8,NA,8,NA,N,NA
FR12,B1,Sx,7,15.5,NA,6,NA,N,NA
FR12,B1,UC,7,23.5,NA,9.3,NA,N,NA
FR12,B1,Sx,5,19.5,NA,14,NA,N,NA
FR12,B1,UC,7,28.2,NA,11,NA,N,char
FR12,B1,UC,8,20.5,NA,2.5,NA,N,char
FR12,B1,Sx,4,28.9,NA,18,NA,N,NA
FR12,B1,UC,6,28.8,NA,12,NA,N,char
FR12,B1,Sx,4,34.3,NA,18,NA,N,NA
FR13,B1,NA,NA,NA,NA,NA,NA,NA,no trees
FR14,B1,UC,8,25.1,NA,4.3,NA,N,char
FR14,B1,UC,8,43.8,NA,4.8,NA,N,char
FR14,B1,UC,8,25.1,NA,1.8,NA,N,char
FR15,B1,UC,6,24.6,NA,15.8,NA,N,NA
FR15,B1,UC,5,53.8,NA,35.7,NA,N,char
FR15,B1,UC,5,12.8,NA,2.5,NA,N,char
FR15,B1,UC,8,41.1,NA,8.5,NA,N,char
FR15,B1,UC,6,63.9,NA,23.6,NA,N,char
FR15,B1,UC,5,49.9,NA,27.9,NA,N,NA
FR15,B1,UC,5,15.2,NA,14.5,NA,N,NA
FR15,B1,UC,5,16.6,NA,14.2,NA,N,char
FR15,B1,UC,5,40,NA,30,NA,N,NA
FR15,B1,UC,6,18.9,NA,12,NA,N,char
FR15,B1,UC,8,38.3,NA,4.2,NA,N,char
FR16,B1,Pl,1,15.7,2,12.3,3,N,NA
FR16,B1,Pl,1,19.9,2,12.4,3.3,N,forked
FR16,B1,Pl,1,15.8,2,10.6,3.9,N,NA
FR16,B1,Pl,1,17.9,3,8.4,3.1,N,forked
FR16,B1,Pl,1,18.1,2,10.8,3.8,N,NA
FR16,B1,Pl,1,14.9,3,8.8,3.9,N,NA
FR16,B1,Pl,1,16.7,2,10.4,3.6,gall,NA
FR16,B1,Pl,1,13.5,2,12.6,4.5,N,NA
FR16,B1,Pl,1,20.3,2,12.6,4,gall,NA
FR16,B1,Pl,1,18.7,2,12.1,6,N,forked
FR16,B1,Pl,1,20,2,12,4,N,forked
FR16,B1,Pl,1,15.4,2,12,4,N,NA
FR16,B1,Pl,1,18.3,2,12,3.5,N,NA
FR16,B1,Pl,1,19.7,2,12,4,N,NA
FR16,B1,Pl,1,18.2,2,11.5,4,N,NA
FR16,B1,Pl,1,19.8,2,12,4,N,NA
FR16,B1,Pl,1,17.2,2,12,5,N,NA
FR16,B1,Pl,1,14.1,2,10,5,N,NA
FR16,B1,Pl,1,18.2,2,12,6,N,NA
FR16,B1,Pl,2,22.9,2,13,6,gall,NA
FR16,B1,Pl,1,19.3,2,12,4,N,NA
FR16,B1,Pl,1,18.5,2,12,6,N,NA
FR16,B1,Pl,1,19.8,2,11.3,5,N,NA
FR16,B1,Pl,2,20.5,2,12,6,gall,NA
FR16,B1,Pl,1,17.5,2,12,5,N,NA
FR16,B1,Pl,1,17.8,2,12,6,N,NA
FR16,B1,Pl,1,18.4,2,11,5,N,crook
FR16,B1,Pl,1,19,2,13,5,N,NA
FR16,B1,Pl,2,15.6,2,12.5,4.5,gall,crook
FR16,B1,Pl,1,21.7,2,13,4.5,N,NA
FR16,B1,Pl,1,15.5,2,12,6,N,NA
FR16,B1,Pl,1,18.3,2,12,4,N,forked
FR16,B1,Pl,2,17.7,3,9,5,blister rust,forked
FR16,B1,Pl,2,18.6,2,11,4,N,forked
FR16,B1,Pl,2,13.2,3,8.5,4,N,"forked, crook"
FR16,B1,Pl,2,20.7,2,11,5,N,forked
FR16,B1,Pl,1,18.4,2,12,6,N,NA
FR16,B1,Pl,1,18.5,2,12,6,N,NA
FR16,B1,Pl,1,20.2,2,12,5,N,NA
FR16,B1,Pl,2,15.8,2,11,4.5,blister rust,NA
FR16,B1,Pl,1,19.8,2,12,5,N,NA
FR16,B1,Pl,1,20.8,2,12,4,N,forked
FR16,B1,Pl,1,14.1,2,10,3,N,forked
FR16,B1,Pl,1,16.4,2,10,5,N,NA
FR16,B1,Pl,1,14.8,2,11,6,N,NA
FR16,B1,Pl,1,17.1,2,11.5,3,N,NA
FR17,B1,Pl,1,15.4,2,11.6,6,N,NA
FR17,B1,Pl,1,15.6,2,11.6,6,N,NA
FR17,B1,Pl,1,14.8,2,11.5,7,N,NA
FR17,B1,Pl,1,15.2,2,12,6,N,NA
FR17,B1,Pl,1,14.2,2,10.3,4,N,NA
FR17,B1,Pl,1,14,2,12,7,N,NA
FR17,B1,Pl,7,12.7,NA,4,NA,N,broken top
FR17,B1,Pl,1,13.3,2,11.5,5,N,NA
FR17,B1,Pl,1,14.3,2,11.5,7,N,NA
FR17,B1,Pl,1,15.7,2,11.5,5,N,NA
FR17,B1,Pl,1,13.1,2,11.5,8,N,NA
FR17,B1,Pl,1,14.8,2,11.5,7,N,NA
FR17,B1,Pl,1,16.8,2,12.9,6,N,forked at base
FR17,B1,Pl,1,14.1,2,12.9,6,N,forked at base
FR17,B1,Pl,1,15.2,2,10.8,6,N,NA
FR17,B1,Pl,1,14.8,2,11.2,6,N,NA
FR17,B1,Pl,1,12.8,2,9.3,6,N,NA
FR17,B1,Pl,1,15.6,1,14.6,5,N,NA
FR17,B1,Pl,1,14.4,2,11.7,6,N,forked at base
FR17,B1,Pl,1,13.5,2,11.7,6,N,forked at base
FR17,B1,Pl,1,15.2,2,10.9,5,N,NA
FR17,B1,Pl,1,17.3,2,9.8,5,N,NA
FR17,B1,Pl,1,16.2,2,11.6,7,N,NA
FR17,B1,Pl,1,17.5,2,12.1,5,N,crook
FR17,B1,Pl,1,18.2,2,11.3,4,N,crook
FR17,B1,Pl,1,16.1,2,7.6,6,N,NA
FR17,B1,Pl,1,15.3,2,11.4,5,N,NA
FR17,B1,Pl,1,16.5,2,12.1,7,N,NA
FR17,B1,Pl,1,12.9,2,11.2,7,N,forked at base
FR17,B1,Pl,1,13.2,2,10.7,6,N,forked at base
FR17,B1,Pl,1,12.9,2,10.4,7,gall,NA
FR17,B1,Pl,1,15.6,2,12,6,N,NA
FR17,B1,Pl,1,12.7,2,10.8,5,gall,NA
FR17,B1,Pl,1,15.3,2,11.6,6,N,NA
FR17,B1,Pl,1,16.8,2,11.2,5,N,NA
FR17,B1,Pl,1,13.2,2,11.3,5,gall,NA
FR17,B1,Pl,1,15.2,2,11.5,6,N,NA
FR17,B1,Pl,1,16.3,2,11.3,6,N,forked at base
FR17,B1,Pl,1,14.4,2,11.3,6,N,forked at base
FR17,B1,Pl,1,15,2,10.5,5,N,NA
FR17,B1,Pl,1,13.2,2,20,6,N,NA
FR17,B1,Pl,1,15.8,2,12.4,6,N,NA
FR17,B1,Pl,1,15.4,2,11.5,7,N,NA
FR17,B1,Pl,1,14.2,2,12,6.5,N,NA
FR17,B1,Pl,1,12.6,2,11.5,5,N,NA
FR17,B1,Pl,1,13.5,2,12.5,5,gall,NA
FR17,B1,Pl,1,13.7,2,11.5,5,N,NA
FR17,B1,Pl,1,15.4,2,12,6,N,NA
FR17,B1,Pl,1,15.4,2,10.7,5,blister rust,crook
FR17,B1,Pl,1,14.2,2,11,5,N,NA
FR17,B1,Pl,1,16.7,2,11,5,N,NA
FR17,B1,Pl,1,14.4,2,11.5,6,N,NA
FR17,B1,Pl,1,15.9,2,12,6,N,NA
FR17,B1,Pl,1,12.9,2,11.5,6,N,forked at base
FR17,B1,Pl,1,13.4,2,12,6,gall,NA
FR17,B1,Pl,1,15.8,2,11.8,6,gall,NA
FR17,B1,Pl,1,14.4,2,11.5,6,N,NA
FR17,B1,Pl,1,15.9,2,12.1,6,N,NA
FR17,B1,Pl,1,14.6,2,11.5,5,N,crook
FR17,B1,Pl,1,14,2,11,5,blister rust,NA
FR17,B1,Pl,1,15.1,2,11.5,5,N,NA
FR17,B1,Pl,1,15.1,2,11.5,5,N,NA
FR17,B1,Pl,1,14.7,2,11,5,blister rust,NA
FR17,B1,Pl,1,13.8,2,11.5,6,N,NA
FR17,B1,Pl,1,14.2,2,11.5,6,N,NA
FR17,B1,Pl,1,14.2,2,12,7,N,NA
FR17,B1,Pl,1,14.2,2,12,7,N,NA
FR17,B1,Pl,1,14.9,2,11.5,7,N,crook
FR17,B1,Pl,1,14.1,2,12,6,gall,NA
FR17,B1,Pl,1,13.2,2,11.5,6,N,NA
FR17,B1,Pl,1,13.4,2,11.5,6,N,NA
FR17,B1,Pl,1,14.6,2,12,6,N,NA
FR17,B1,Pl,1,17.4,2,12,6,gall,NA
FR17,B1,Pl,1,17.9,2,12,7,N,NA
FR17,B1,Pl,1,16.2,2,12.5,6,blister rust,NA
FR17,B1,Pl,1,14,2,12,6,N,NA
FR18,B1,Sx,3,42.7,NA,26.5,NA,N,burnt
FR18,B1,Sx,3,28,NA,27.2,NA,N,burnt
FR18,B1,Sx,4,14.5,NA,14.2,NA,galleries,NA
FR18,B1,UC,8,13.6,NA,2.5,NA,N,char
FR18,B1,Bl,4,13.7,NA,8.2,NA,N,burnt
FR18,B1,UC,8,22.6,NA,3.5,NA,N,char
FR18,B1,Sx,3,28.8,NA,26.3,NA,N,burnt
FR18,B1,UC,5,21,NA,14.1,NA,N,char
FR18,B1,UC,4,15.6,NA,20,NA,N,char
FR18,B1,Sx,5,14.7,NA,15,NA,N,burnt
FR18,B1,Sx,4,28.5,NA,21,NA,N,burnt
FR18,B1,Sx,4,31.1,NA,23.4,NA,N,burnt
FR18,B1,Sx,4,33.6,NA,23,NA,N,burnt
FR18,B1,Sx,4,23.3,NA,23,NA,galleries,burnt
FR18,B1,Sx,5,14.3,NA,17.2,NA,N,char
FR18,B1,Sx,4,26.5,NA,23,NA,N,burnt
FR18,B1,Bl,4,26.7,NA,23,NA,N,burnt
FR18,B1,Sx,5,17.4,NA,11.3,NA,N,char
FR18,B1,Bl,4,18.9,NA,13,NA,N,burnt
FR18,B1,Bl,5,24.1,NA,27,NA,N,burnt
FR18,B1,Bl,5,14.1,NA,12,NA,N,burnt
FR18,B1,Sx,5,28.2,NA,25,NA,N,burnt
FR18,B1,UC,8,14.9,NA,1.7,NA,N,NA
FR19,B1,Pl,1,16.7,2,12.2,2.1,N,NA
FR19,B1,Pl,1,14,2,10.6,2.5,N,NA
FR19,B1,Pl,1,17.5,2,12.5,2.6,N,NA
FR19,B1,Pl,1,22.9,2,13.4,2.8,N,NA
FR19,B1,Pl,1,15.1,2,9.8,1.6,N,forked
FR19,B1,Pl,1,17.3,2,12.2,1.9,N,NA
FR19,B1,Pl,1,14.4,2,12.2,2.1,N,NA
FR19,B1,Pl,1,16.3,2,11.5,2.1,N,NA
FR19,B1,Pl,1,15.2,2,11.7,2.1,N,NA
FR19,B1,Pl,1,14.8,2,11.8,2.3,N,NA
FR19,B1,Pl,1,13.5,2,10.6,2.6,N,NA
FR19,B1,Pl,1,13.4,2,11.2,2.5,N,NA
FR19,B1,Pl,1,12.7,2,10.4,1.8,N,forked at base
FR19,B1,Pl,1,13.4,2,12,2.6,gall,forked at base
FR19,B1,Pl,1,15.7,2,12.8,1.8,N,forked at base
FR19,B1,Pl,1,15.5,2,12.2,1.8,N,NA
FR19,B1,Pl,1,13.1,2,9.8,2.4,N,NA
FR19,B1,Pl,1,15.3,2,10.1,2.3,N,NA
FR19,B1,Pl,1,13.7,2,10,2.5,N,NA
FR19,B1,Pl,1,12.8,2,10.6,3.3,N,forked
FR19,B1,Pl,1,19.2,2,13.7,2.6,N,NA
FR19,B1,Pl,1,25,1,16.9,2.8,gall,NA
FR19,B1,Pl,1,23.8,1,15.2,2.2,N,NA
FR19,B1,Pl,1,13.8,2,11.1,1.8,gall,NA
FR19,B1,Pl,1,17,2,11.5,1.8,blister rust,NA
FR19,B1,Pl,1,16.6,2,11.5,1.8,N,NA
FR19,B1,Pl,2,16.6,2,11.2,2,"blister rust, gall",NA
FR19,B1,Pl,1,14.2,2,11,2,N,NA
FR19,B1,Pl,2,14.3,2,12,2.1,blister rust,NA
FR19,B1,Pl,1,13,2,9.4,2.2,N,forked
FR20,B1,At,1,13.7,2,13.1,7.4,N,NA
FR20,B1,Pl,1,25.4,1,19.6,3.9,N,fire scar?
FR20,B1,Pl,1,20.5,1,14.4,1.5,N,NA
FR20,B1,Pl,1,21.5,1,14.9,2.5,N,NA
FR20,B1,UC,8,26.4,NA,6,NA,N,char
FR20,B1,At,1,13.4,2,12.3,8.4,N,ungulate rub
FR20,B1,At,1,15.2,2,11,8.5,N,NA
FR20,B1,At,1,13.7,2,12.2,8.5,N,NA
FR21,B1,NA,NA,NA,NA,NA,NA,NA,no trees
FR22,B1,Pl,1,39,1,15.1,2,N,fire scar?
FR22,B1,Pl,1,25.6,1,14.8,2.2,N,NA
FR22,B1,Sx,1,15.6,2,13.1,0.5,N,NA
FR22,B1,Sx,1,16.2,2,13.7,1,N,NA
FR22,B1,Sx,1,18.9,2,12.7,0.5,N,mechanical damage
FR22,B1,UC,6,20.3,NA,8.1,NA,N,char
FR22,B1,Pl,2,15.5,2,9.5,1.5,N,NA
FR22,B1,UC,8,22.7,NA,1.5,NA,N,char
FR22,B1,Pl,1,15.8,2,11.1,1.9,N,NA
FR22,B1,Pl,1,13.1,2,12.4,2.5,N,NA
FR22,B1,Sx,1,19.5,2,13.5,2,N,NA
FR22,B1,Sx,1,25.3,2,12,1.4,misltoe,NA
FR22,B1,Pl,1,25.8,2,13.5,2,N,forked at base
FR22,B1,Pl,1,16.1,2,13.5,2,N,forked at base
FR22,B1,Pl,1,23.7,2,13.5,2,N,forked at base
FR22,B1,Pl,1,23.9,2,13.5,2,N,forked at base
FR22,B1,Sx,1,18.7,2,16.4,1.3,N,NA
FR22,B1,Sx,1,18.9,3,11,1,N,NA
FR22,B1,UC,7,20.3,NA,5,NA,N,char
FR22,B1,Sx,1,18,2,13.1,0.5,N,NA
FR22,B1,Sx,1,14.8,2,11.1,1.5,N,NA
FR22,B1,UC,7,23.6,NA,5,NA,N,char
FR22,B1,Sx,1,18.2,2,13.5,1,N,NA
FR22,B1,UC,8,22.8,NA,1.3,NA,N,char
FR23,B1,Pl,1,23.7,2,13.2,4.9,N,NA
FR23,B1,Pl,1,20.7,2,14.5,6,N,NA
FR23,B1,Sx,1,13.1,2,10.7,4.2,N,NA
FR23,B1,Pl,1,18.3,2,13.9,5.3,N,NA
FR23,B1,Sx,1,14.2,2,10.6,4.8,N,NA
FR23,B1,Pl,1,15.9,2,12.4,6.9,N,NA
FR23,B1,Pl,1,20.6,2,13,6,N,NA
FR23,B1,Pl,1,21.2,2,13.8,5.3,N,NA
FR23,B1,Pl,1,21.7,2,14.2,5.8,N,NA
FR23,B1,Pl,2,18.2,2,12.1,6,N,broken top
FR23,B1,Pl,1,19.3,2,14,5.5,N,NA
FR23,B1,Sx,1,15.7,2,14,4.5,N,NA
FR23,B1,Pl,1,20.1,2,13,6,N,swoop
FR23,B1,Pl,1,21.1,2,13.5,6.5,N,NA
FR23,B1,Pl,1,17.5,2,12,4,N,NA
FR23,B1,Pl,2,14.9,2,11.5,6,blister rust,NA
FR23,B1,Sx,1,14.5,2,11.6,5.2,N,NA
FR23,B1,Pl,1,15.7,2,12.5,6,N,NA
FR23,B1,Sx,1,14.4,2,11.5,5,N,NA
FR23,B1,Pl,1,16.7,2,12,6,N,NA
FR23,B1,Sx,1,16.5,2,12,4,N,NA
FR23,B1,Pl,1,19.4,2,13.3,6.3,N,NA
FR23,B1,Pl,1,20.3,2,13,6.3,N,forked
FR23,B1,Pl,1,15.2,2,13,6,N,NA
FR23,B1,Pl,1,22.3,2,14,6.7,N,NA
FR23,B1,Pl,1,20.4,2,14,6,gall,NA
FR23,B1,Pl,1,19.4,2,13,6.2,N,forked at base
FR23,B1,Pl,1,19.6,2,13,6,N,forked at base
FR23,B1,Pl,1,22.4,2,13,5,N,NA
FR23,B1,Pl,1,21.1,2,12.6,6,blister rust,forked
FR23,B1,Pl,1,20,2,13,6,N,forked
FR23,B1,Sx,1,15,2,13,6.6,N,forked at base
FR23,B1,Sx,1,12.9,2,13,6.6,N,forked at base
FR23,B1,Pl,1,19.1,2,13.2,6.1,N,NA
FR23,B1,Pl,1,18.7,2,13.5,6.2,N,NA
FR23,B1,Pl,1,18.8,2,13.5,6.2,N,NA
FR23,B1,Pl,1,19.4,2,13.5,6.6,N,NA
FR23,B1,Pl,1,21.4,2,15.1,6.5,N,forked
FR23,B1,Pl,1,20,2,14.5,6.5,N,forked
FR23,B1,Sx,1,15.4,2,10.1,5,N,NA
FR23,B1,Pl,1,21.1,2,14,6.2,N,NA
FR23,B1,Pl,1,18.2,2,14.5,6.5,N,NA
FR23,B1,Sx,1,16.8,2,13.5,5.5,N,NA
FR23,B1,Pl,1,15.3,2,13,5,N,NA
FR23,B1,Pl,1,20.1,2,13,6.5,N,NA
FR23,B1,Pl,1,17.3,2,13,6,N,NA
FR23,B1,Sx,1,16,2,12.5,4,N,NA
FR23,B1,Pl,1,18.7,2,13.5,6,N,forked
FR23,B1,Pl,1,20,2,14,6,N,NA
FR23,B1,Sx,2,16,2,12,5.5,N,NA
FR23,B1,Pl,2,16.5,2,12.5,6,N,forked
FR23,B1,Pl,1,18.4,2,13,6,N,NA
FR23,B1,Pl,1,14.2,2,12.5,5.5,N,forked at base
FR23,B1,Pl,1,18.5,2,12.5,5.5,N,forked at base
FR24,B1,UC,5,17.8,NA,8.1,NA,N,char
FR25,B1,NA,NA,NA,NA,NA,NA,NA,no trees
FR26,B1,Pl,5,21.1,NA,12.5,NA,MPB,char
FR26,B1,Pl,4,14.2,NA,13.9,NA,MPB,NA
FR27,B1,NA,NA,NA,NA,NA,NA,NA,no trees
FR28,B1,Pl,5,29.1,NA,14.5,NA,MPB,char
FR28,B1,Pl,4,15.8,NA,16.2,NA,N,NA
FR28,B1,UC,4,26.3,NA,21.8,NA,N,NA
FR28,B1,UC,5,21.4,NA,15.6,NA,N,char
FR28,B1,UC,5,32.3,NA,26.1,NA,N,char
FR29,B1,NA,NA,NA,NA,NA,NA,NA,no trees
FR30,B1,NA,NA,NA,NA,NA,NA,NA,no trees
FR31,B1,NA,NA,NA,NA,NA,NA,NA,no trees
FR32,B1,NA,NA,NA,NA,NA,NA,NA,no trees
FR33,B1,NA,NA,NA,NA,NA,NA,NA,no trees
FR34,B1,Pl,1,13.7,2,8.8,2,N,fire scar?
FR34,B1,Pl,1,13.2,2,9.8,1.6,N,NA
FR34,B1,Pl,1,12.6,2,9.6,1.6,N,NA
FR34,B1,Pl,1,14.3,2,9.2,1.9,N,fire scar?
FR34,B1,Pl,1,13,1,10.1,2.3,N,fire scar?
FR34,B1,Pl,1,12.8,2,8.6,2.1,N,fire scar? Swoop
FR34,B1,Pl,1,13,2,9,2.2,N,NA
FR34,B1,Pl,1,13.3,1,10.4,2.4,gall,NA
FR34,B1,Pl,1,13.3,2,9,1.9,N,NA
FR34,B1,Pl,1,13.5,2,9,1.7,N,NA
FR34,B1,Pl,1,13.6,2,9.9,2.5,N,NA
FR35,B1,UC,4,14.8,NA,10.1,NA,N,NA
FR35,B1,UC,6,36.8,NA,13.4,NA,N,char
FR35,B1,UC,6,15.8,NA,10.3,NA,N,char
FR35,B1,UC,6,19.3,NA,8.6,NA,N,char
FR35,B1,UC,6,13.5,NA,8.4,NA,N,char
FR35,B1,UC,6,27,NA,11.8,NA,N,char
FR35,B1,UC,6,33.2,NA,13.9,NA,N,char
FR35,B1,UC,6,29.3,NA,13.6,NA,N,char
FR35,B1,UC,5,13.2,NA,14.3,NA,N,NA
FR35,B1,UC,6,15.1,NA,5.9,NA,N,char
FR36,B1,Pl,4,22.2,NA,15.2,NA,galleries,NA
FR36,B1,Sx,1,13.8,2,9.6,0.4,N,NA
FR36,B1,Pl,4,14,NA,10.2,NA,galleries,NA
FR36,B1,Sx,1,21.1,2,12.4,0.2,misltoe,NA
FR36,B1,Pl,4,17.8,NA,14.8,NA,N,NA
FR36,B1,Pl,1,18,1,15,8.5,N,fire scar
FR36,B1,Pl,1,13.7,2,13.5,8,N,NA
FR36,B1,Pl,4,13.7,NA,10,NA,N,fire scar
FR36,B1,Pl,4,18.9,NA,15.5,NA,N,fire scar
FR36,B1,Pl,1,12.7,2,14.7,10.4,N,NA
FR36,B1,Pl,1,12.6,2,14,9.6,N,NA
FR36,B1,Pl,2,14.2,2,13.3,9.9,N,fire scar
FR36,B1,Pl,4,22.7,NA,13.4,NA,N,fire scar
FR36,B1,Pl,4,20.8,NA,18.3,NA,galleries,NA
FR36,B1,Pl,4,18.5,NA,18.2,NA,N,NA
FR36,B1,Pl,1,18.5,1,15.2,4.4,N,fire scar
FR36,B1,Pl,4,25.9,NA,15.2,NA,N,fire scar
FR36,B1,Sx,1,28.5,1,14.7,0.9,N,fire scar
FR37,B1,At,1,23.9,1,18.7,14.9,LM,fire scar
FR37,B1,At,1,23.4,1,19.7,14.4,LM,fire scar
FR37,B1,At,6,24,NA,3,NA,LM,broken top
FR37,B1,At,1,28.8,1,22.3,16.6,LM,fire scar
FR37,B1,At,1,25.4,1,21,15,LM,fire scar
FR37,B1,At,1,28.2,1,22,16.5,LM,fire scar
FR37,B1,At,1,32.2,1,24,16.6,LM,fire scar
FR38,B1,NA,NA,NA,NA,NA,NA,NA,no trees
FR39,B1,UC,5,33.4,NA,18.9,NA,N,char
FR39,B1,UC,7,20,NA,2.2,NA,N,char
FR40,B1,NA,NA,NA,NA,NA,NA,NA,no trees
FR41,B1,UC,5,30.1,NA,17.8,NA,galleries,char
FR41,B1,UC,5,16.1,NA,13.5,NA,N,char
FR41,B1,UC,7,19.8,NA,2,NA,N,char
FR41,B1,UC,5,12.7,NA,10.5,NA,N,char
FR42,B1,Pl,1,17.6,2,15.8,7.7,gall,NA
FR42,B1,Pl,1,13.1,2,13.3,7.5,N,forked
FR42,B1,Pl,1,17.3,2,15.9,8.6,gall,NA
FR42,B1,Pl,1,16.2,2,15.2,8,gall,NA
FR42,B1,Pl,1,19.4,2,15.5,7.6,gall,NA
FR42,B1,Pl,1,17.4,2,15.8,8.2,gall,NA
FR42,B1,Pl,1,16.7,2,15,6.5,gall,NA
FR42,B1,Pl,1,15.4,2,13.1,7.3,gall,NA
FR42,B1,Pl,1,13.9,2,14.3,7.9,gall,NA
FR42,B1,Pl,1,14.9,2,14.5,7.8,gall,NA
FR42,B1,Pl,2,14.8,2,12.7,6.9,"gall, crook",NA
FR42,B1,Pl,1,19.1,2,14.9,6.2,N,forked
FR42,B1,Pl,6,15.3,NA,4.2,NA,N,broken top
FR42,B1,Pl,1,16.4,2,15.2,8,gall,NA
FR42,B1,Pl,1,17.6,2,15.8,7.7,gall,NA
FR42,B1,Pl,1,21.4,2,16,7.9,gall,NA
FR42,B1,Pl,1,23,2,16,6,N,NA
FR42,B1,Pl,1,16.6,2,15.8,7.5,gall,NA
FR42,B1,Pl,1,21,2,16,7.6,gall,NA
FR42,B1,Pl,1,19.9,2,15.8,8.7,gall,NA
FR42,B1,Pl,1,16.8,2,15.7,7.5,gall,NA
FR42,B1,Pl,1,19.1,2,16.1,9.7,N ,forked
FR42,B1,Pl,1,18.6,2,15.8,8,gall,NA
FR42,B1,Pl,1,16.9,2,14.6,8.2,gall,NA
FR42,B1,Pl,1,13.5,2,14.6,8,gall,NA
FR42,B1,Pl,1,16.3,2,14.5,8,gall,NA
FR42,B1,Pl,1,19.1,2,16.8,8.6,N,NA
FR42,B1,Pl,1,18.3,2,15.8,8,N,NA
FR42,B1,Pl,1,17.7,2,15.6,8,gall,NA
FR42,B1,Pl,1,13.5,2,15.6,7.4,N,forked below DBH
FR42,B1,Pl,1,14.5,2,15.7,7.4,gall,forked below DBH
FR42,B1,Pl,1,17.9,2,16.7,8.5,gall,NA
FR42,B1,Pl,1,14.7,2,15.5,8.3,N,NA
FR42,B1,Pl,1,16.9,2,17.4,9.3,gall,NA
FR42,B1,Pl,1,17.2,2,17,9,gall,NA
FR42,B1,Pl,1,15.3,2,16,8.5,gall,NA
FR42,B1,Pl,1,15,2,15.3,9.1,gall,NA
FR42,B1,Pl,1,19.5,2,16.2,9,gall,NA
FR42,B1,Pl,1,18.4,2,16.9,8.5,gall,NA
FR42,B1,Pl,1,17.3,2,17.4,8.4,N,NA
FR42,B1,Pl,1,14.6,2,15,7.5,gall,NA
FR42,B1,Pl,1,18,2,17,8.9,gall,NA
FR42,B1,Pl,1,19,2,17.5,8.9,gall,NA
FR42,B1,Pl,1,20.9,2,17.6,8.9,gall,NA
FR42,B1,Pl,1,17.4,2,14.8,8.3,gall,NA
FR42,B1,Pl,1,17.7,2,14.8,8.2,gall,NA
FR42,B1,Pl,1,13.8,2,14.3,8,gall,forked at base
FR42,B1,Pl,1,13.9,2,14.2,8,gall,NA
FR42,B1,Pl,1,13.5,2,12.6,6.2,gall,NA
FR42,B1,Pl,1,20.7,2,16,6.9,N,NA
FR42,B1,Pl,1,22.6,2,15.2,7.5,gall,NA
FR43,B1,Pl,1,16.5,2,10.5,2.3,N,forked
FR43,B1,Pl,1,17.1,2,11.6,3.4,gall,NA
FR43,B1,Bl,1,12.6,2,11.4,0.8,N,forked at base
FR43,B1,Pl,1,15.8,2,12.3,3.5,N,NA
FR43,B1,Pl,1,15.1,2,12.1,4.4,N,NA
FR43,B1,Pl,1,16.2,2,11.9,3.4,gall,NA
FR43,B1,Pl,1,14.4,2,11.8,3.5,N,NA
FR43,B1,Pl,1,14.6,2,12.8,2.7,N,NA
FR43,B1,Pl,1,19.4,2,12.8,3,N,NA
FR43,B1,Pl,1,12.9,2,12,3.4,N,NA
FR43,B1,Pl,1,14.7,2,11.8,3.2,N,NA
FR43,B1,Pl,1,16,2,12.3,4.2,N,NA
FR43,B1,Pl,1,14.1,2,12.8,4.3,N,NA
FR43,B1,Pl,1,18.1,2,11.1,3.2,N,NA
FR43,B1,Pl,1,14.4,2,10.2,3.6,N,NA
FR43,B1,Sx,1,13.3,2,10.4,2.5,N,forked at base
FR43,B1,Pl,1,21.1,2,12.8,3.8,N,NA
FR43,B1,Sx,1,18.1,2,11.2,2.2,aphids,NA
FR43,B1,Sx,1,16.7,2,12.2,3,aphids,NA
FR43,B1,Pl,1,23.4,2,13.2,3.4,N,NA
FR43,B1,Pl,1,14.2,2,11.8,3.8,N,NA
FR43,B1,Sx,1,14.7,2,12.2,2,aphids,NA
FR43,B1,Pl,1,13.3,2,11.4,4,N,NA
FR43,B1,Pl,1,20.2,2,14,4.5,gall,NA
FR43,B1,Sx,1,16.6,2,11.8,2.6,aphids,NA
FR43,B1,Pl,1,19.7,2,12.9,3.8,N,NA
FR43,B1,Pl,1,15.8,2,14.2,3.2,N,NA
FR43,B1,Pl,1,18.7,2,11.2,3.5,N,NA
FR43,B1,Pl,1,16.6,2,12.2,3.6,N,NA
FR43,B1,Pl,1,15.3,2,12,3.6,N,NA
FR43,B1,Pl,1,16.2,2,12,3.7,gall,NA
FR43,B1,Pl,1,14.6,2,12,3.6,gall,NA
FR43,B1,Pl,1,16.7,2,12,3.6,N,NA
FR43,B1,Pl,1,17.7,2,12.6,3.5,gall,NA
FR43,B1,Pl,1,21.2,2,11.4,3.4,gall,NA
FR43,B1,Pl,1,14.1,2,10.4,3,N,NA
FR43,B1,Pl,1,14.6,2,11.9,4,N,NA
FR43,B1,Pl,1,18.2,2,12.1,3.6,gall,NA
FR43,B1,Pl,1,17.4,2,11.4,4,N,NA
FR43,B1,Pl,1,14.3,2,11.3,3.8,gall,NA
FR43,B1,Sx,1,13,2,12,1.3,aphids,NA
FR43,B1,Pl,1,14,2,12.2,3.5,N,NA
FR43,B1,Pl,1,17.4,2,12.4,3.4,N,NA
FR43,B1,Pl,1,13.2,2,11.2,2.5,N,NA
FR44,B1,Pl,1,17.3,2,15.6,4.1,N,NA
FR44,B1,Pl,1,14.9,2,12.3,4.2,gall,NA
FR44,B1,Pl,1,15.1,2,12.9,4.4,gall,NA
FR44,B1,Pl,1,16.8,2,12.9,4.9,gall,NA
FR44,B1,Pl,1,14.4,2,11.9,4.7,N,NA
FR44,B1,Pl,1,17.3,2,13.3,5.4,N,NA
FR44,B1,Pl,1,19.9,2,11.7,4.9,N,NA
FR44,B1,Pl,1,14.5,2,12.5,5,gall,forked at base
FR44,B1,Pl,1,14.6,2,13.5,5,gall,forked at base
FR44,B1,Pl,1,18.7,2,12.7,4.8,N,NA
FR44,B1,Pl,1,17,2,13.3,4.7,N,NA
FR44,B1,Pl,1,20.2,2,12.5,4,N,NA
FR44,B1,Pl,1,20.5,2,13.6,4,N,NA
FR44,B1,Pl,1,17.1,2,12.5,3,N,NA
FR44,B1,Pl,1,13.7,2,9.4,3.7,gall,NA
FR44,B1,Pl,1,18.3,2,11.7,3.4,gall,NA
FR44,B1,Pl,1,12.7,2,10.8,4.1,N,NA
FR44,B1,Pl,1,14.7,2,11,4.2,N,NA
FR44,B1,Pl,1,17.9,2,11.2,4.6,N,NA
FR44,B1,Pl,1,15.9,2,11.1,4.6,N,NA
FR44,B1,Pl,1,15.9,2,11.1,4.6,N,NA
FR44,B1,Pl,1,14.5,2,12.7,4.6,N,NA
FR44,B1,Pl,1,14.7,2,11.7,2.9,N,NA
FR44,B1,Pl,1,16.6,2,11.6,3,N,NA
FR44,B1,Pl,1,16.2,2,11.6,3,N,NA
FR44,B1,Pl,1,16,2,12.2,3.6,N,NA
FR44,B1,Pl,1,13.5,2,11.3,2.7,gall,NA
FR44,B1,Pl,1,16.8,2,11.6,2.7,N,NA
FR44,B1,Pl,1,18,2,12,2.7,gall,NA
FR44,B1,Pl,1,17.1,2,11.9,3.7,gall,NA
FR44,B1,Pl,1,17.3,2,12.3,3.9,N,NA
FR44,B1,Pl,1,16.3,2,12.6,2.8,N,forked
FR44,B1,Pl,1,16.4,2,12.6,3.5,N,NA
FR44,B1,Pl,1,16.5,2,12.7,4.2,N,NA
FR44,B1,Pl,1,19.2,2,13.8,3.4,N,NA
FR44,B1,Pl,1,16.7,2,12.7,4,N,NA
FR44,B1,Pl,1,13.5,2,13.1,5.2,N,NA
FR44,B1,Pl,1,15.4,2,13.3,5.1,N,NA
FR44,B1,Pl,1,19.1,2,12.7,4.4,N,NA
FR44,B1,Pl,1,13.6,2,12.6,5,N,NA
FR44,B1,Pl,1,18.5,2,13.8,3.4,N,NA
FR44,B1,Pl,1,16.7,2,13.8,4,gall,NA
FR44,B1,Pl,1,14.9,2,12.5,4.3,N,NA
FR44,B1,Pl,1,18,2,13.6,4.6,N,NA
FR44,B1,Pl,1,17.3,2,12.9,4,N,NA
FR44,B1,Pl,1,19.5,2,13.7,4.2,N,forked
FR44,B1,Pl,1,16.7,2,13.5,4.5,gall,NA
FR44,B1,Pl,1,14.5,2,11.3,2.5,N,NA
FR44,B1,Pl,1,14.9,2,12.1,3.6,N,NA
FR44,B1,Pl,1,16.7,2,13.5,4.2,N,NA
FR45,B1,Pl,1,12.8,2,13.3,7.5,N,NA
FR45,B1,Pl,1,13.6,2,12.7,7.4,N,mechanical damage
FR45,B1,Pl,1,13,2,12.7,7.5,N,NA
FR45,B1,Pl,1,13.2,2,12.6,7.5,N,NA
FR45,B1,Pl,1,16.9,2,15,6.7,N,NA
FR45,B1,Pl,1,17.9,2,16.5,8.4,N,fire scar?
FR45,B1,Pl,1,12.7,2,12.6,7.5,N,NA
FR45,B1,Pl,1,13.9,2,13.9,7.4,N,mechanical damage
FR45,B1,Pl,1,15.1,2,14.3,8,N,NA
FR45,B1,Pl,1,14.2,2,13.8,6.1,N,mechanical damage
FR45,B1,Pl,1,15.9,2,14.6,6.6,N,mechanical damage
FR45,B1,Pl,1,16.2,2,16.1,8.5,N,fire scar?
FR45,B1,Pl,1,13.3,2,13.5,7.9,N,mechanical damage
FR45,B1,Pl,1,14.3,2,13.9,6.5,N,mechanical damage
FR45,B1,Pl,1,16.1,2,15,8,N,mechanical damage
FR45,B1,Pl,1,14.5,2,14.6,7.8,N,mechanical damage
FR45,B1,Pl,1,13.9,2,14.3,7.5,N,NA
FR45,B1,Pl,1,17.6,2,16.6,6.3,N,mechanical damage
FR45,B1,Pl,1,17,2,16,8,N,NA
FR45,B1,Pl,1,14.9,2,15.2,6.2,N,NA
FR45,B1,Pl,1,15.1,2,15.4,6.6,gall,mechanical damage
FR45,B1,Pl,1,17.8,2,16.8,8.3,N,mechanical damage
FR45,B1,Pl,1,13.6,2,16.1,10,N,NA
FR45,B1,Pl,1,16.7,2,16.8,7.6,N,mechanical damage
FR45,B1,Pl,1,12.8,2,15.8,7.4,N,"mechanical damage, fire scar"
FR45,B1,Pl,1,15.7,2,16.2,7.5,N,fire scar?
FR45,B1,Pl,1,15.2,2,16,7,blister rust,mechanical damage
FR45,B1,Pl,1,13.8,2,14.7,8.3,N,"mechanical damage, swoop"
FR45,B1,Pl,1,14.6,2,16.6,8.2,N,mechanical damage
FR45,B1,Pl,1,15.9,2,13.9,7.5,N,NA
FR46,B1,Pl,1,13.3,2,12.1,8.7,gall,NA
FR46,B1,Pl,1,13.5,2,13.3,8,gall,NA
FR46,B1,Pl,1,15.3,2,14.1,8.6,N,NA
FR46,B1,Pl,1,14.1,2,13.5,7.4,N,NA
FR46,B1,Pl,1,13.7,2,12.6,7.1,gall,NA
FR46,B1,Pl,1,17.8,2,11.9,5.8,gall,NA
FR46,B1,Pl,1,13.8,2,13.1,7.2,N,NA
FR46,B1,Pl,1,13.9,2,12.6,7,gall,NA
FR46,B1,Pl,1,18.7,2,13,6.9,N,NA
FR46,B1,Pl,1,15.6,2,10,5.3,N,NA
FR46,B1,Pl,1,15.5,2,13,5.3,N,NA
FR46,B1,Pl,1,18.3,2,14.5,7.5,N,NA
FR46,B1,Pl,1,14.4,2,10,6,N,forked at base
FR46,B1,Pl,1,14.7,2,13,7.5,blister rust,NA
FR46,B1,Pl,1,15.3,2,14.1,7,"blister rust, gall",NA
FR46,B1,Pl,1,16.5,2,14.2,7.3,gall,NA
FR46,B1,Pl,1,13.3,2,13.3,6.8,N,NA
FR46,B1,Pl,1,18.3,2,12.7,6.4,N,forked
FR46,B1,Pl,1,18.2,2,10.6,6,N,crook
FR46,B1,Pl,1,13.6,2,10.6,6.7,N,NA
FR46,B1,Pl,1,15.3,2,10.6,7,N,NA
FR46,B1,Pl,1,15.3,2,10.8,7,N,NA
FR46,B1,Pl,1,18.5,2,15.2,6.9,gall,NA
FR46,B1,Pl,1,16.6,2,15.2,6.7,gall,NA
FR46,B1,Pl,1,19.4,2,12.1,6.4,gall,NA
FR46,B1,Pl,1,16,2,12.4,6.4,gall,NA
FR46,B1,Pl,1,17.1,2,12.4,6.2,N,NA
FR46,B1,Pl,1,14.6,2,13.1,7.8,N,NA
FR46,B1,Pl,1,14,2,11.7,6.2,blister rust,NA
FR46,B1,Pl,1,14.7,2,13.1,7.5,N,NA
FR46,B1,Pl,1,15.9,2,13.3,7.3,N,NA
FR46,B1,Pl,1,15.9,2,11.9,6.4,gall,NA
FR46,B1,Pl,1,13.9,2,11.5,6.3,gall,NA
FR46,B1,Pl,1,16.6,2,9.7,5.1,N,broken top
FR46,B1,Pl,1,13.7,2,12.2,6,N,forked at base
FR46,B1,Pl,1,14.8,2,14.6,7.5,gall,NA
FR46,B1,Pl,1,13,2,14.4,7.5,N,NA
FR46,B1,Pl,1,14.4,2,13.1,5.9,N,NA
FR46,B1,Pl,1,15.1,2,12.1,0.2,gall,NA
FR46,B1,Pl,1,13.7,2,13.2,6.3,gall,NA
FR46,B1,Pl,1,13.3,2,12.8,6.7,N,NA
FR46,B1,Pl,1,16.9,2,13.5,6.3,N,NA
FR46,B1,Pl,1,16.8,2,13.5,7.3,gall,NA
FR46,B1,Pl,1,15.7,2,12.8,7.9,N,NA
FR46,B1,Pl,1,13.2,2,12.6,7.5,N,NA
FR46,B1,Pl,1,15.3,2,13.1,7.9,N,NA
FR46,B1,Pl,1,14.8,2,14.5,6.8,N,NA
FR46,B1,Pl,1,12.9,2,13.9,7,N,NA
FR46,B1,Pl,1,15,2,13.1,7,N,NA
FR46,B1,Pl,1,15.6,2,13.3,8,N,NA
FR46,B1,Pl,1,15.9,2,13.2,7.6,N,NA
FR46,B1,Pl,1,14.6,2,12.8,7.4,N,NA
FR46,B1,Pl,1,17,2,14.1,8,N,NA
FR47,B1,UC,5,28.7,NA,20.7,NA,N,char
FR47,B1,UC,5,23.3,NA,18.7,NA,N,char
FR47,B1,UC,5,23,NA,21.1,NA,N,char
FR47,B1,UC,5,21.2,NA,19.4,NA,N,char
FR47,B1,UC,5,26.8,NA,15.8,NA,N,char
FR47,B1,UC,5,23.8,NA,19.8,NA,N,char
FR47,B1,UC,5,13.3,NA,8.9,NA,N,char
FR47,B1,UC,5,22.5,NA,20.6,NA,N,char
FR47,B1,UC,5,24.1,NA,23.4,NA,N,char
FR47,B1,UC,5,20.6,NA,19.8,NA,N,char
FR47,B1,UC,5,24.1,NA,19.9,NA,N,char
FR47,B1,UC,5,23.1,NA,20.6,NA,N,NA
FR47,B1,UC,5,16.6,NA,10.4,NA,N,char
FR47,B1,UC,5,14.2,NA,7.9,NA,N,char
FR48,B1,Pl,4,14.6,NA,15,NA,galleries,NA
FR48,B1,Pl,4,31.2,NA,15.2,NA,N,char
FR48,B1,Pl,4,15,NA,12.8,NA,galleries,NA
FR48,B1,Sx,4,13.5,NA,10,NA,N,NA
FR48,B1,Sx,4,17.4,NA,9.4,NA,N,NA
FR48,B1,Sx,4,14.2,NA,14,NA,N,NA
FR48,B1,Sx,4,18.6,NA,14.5,NA,N,NA
FR48,B1,Pl,4,13.3,NA,8.5,NA,galleries,NA
FR48,B1,UC,5,22.5,NA,12,NA,N,char
FR48,B1,Sx,4,16.3,NA,11.5,NA,galleries,NA
FR48,B1,Sx,4,16.3,NA,11.5,NA,galleries,NA
FR48,B1,Pl,4,21.2,NA,11.1,NA,galleries,NA
FR49,B1,NA,NA,NA,NA,NA,NA,NA,no trees
FR50,B1,Pl,5,27.7,NA,22.4,NA,N,char
FR50,B1,UC,5,22,NA,18.3,NA,N,char
FR50,B1,UC,5,17.5,NA,14,NA,N,char
FR50,B1,UC,5,14.9,NA,13,NA,N,char
FR50,B1,UC,5,16.1,NA,18.1,NA,N,char
FR50,B1,UC,5,17.8,NA,16.2,NA,N,char
FR50,B1,UC,5,16.9,NA,17.1,NA,N,char
FR50,B1,UC,5,12.9,NA,12.8,NA,N,char
FR50,B1,UC,5,17.4,NA,16.6,NA,N,char
FR50,B1,UC,5,17.8,NA,14.7,NA,N,char
FR50,B1,UC,5,14.5,NA,14.7,NA,N,char
FR50,B1,UC,5,21,NA,17.5,NA,N,char
FR50,B1,UC,5,13.6,NA,16.8,NA,N,char
FR50,B1,UC,5,16.2,NA,13.4,NA,N,char
FR50,B1,UC,5,14,NA,15.5,NA,N,char
FR50,B1,UC,5,20.2,NA,16,NA,N,char
FR50,B1,Pl,5,21.1,NA,18,NA,N,char
FR50,B1,UC,5,18.7,NA,17,NA,N,char
FR50,B1,UC,5,12.6,NA,16.3,NA,N,char
FR50,B1,UC,5,12.7,NA,13,NA,N,char
FR50,B1,UC,5,12.8,NA,13,NA,N,char
FR50,B1,UC,5,14.8,NA,12.5,NA,N,char
FR50,B1,UC,5,20.1,NA,17.5,NA,N,char
FR50,B1,UC,5,18.7,NA,18.5,NA,N,char
FR50,B1,UC,5,20.8,NA,19.7,NA,N,char
FR50,B1,UC,5,17.3,NA,19.5,NA,N,char
FR50,B1,UC,5,21.1,NA,19.7,NA,N,char
FR50,B1,UC,5,15.3,NA,17,NA,N,char
FR50,B1,UC,5,16.4,NA,18.2,NA,N,char
FR50,B1,UC,5,15.1,NA,19.5,NA,N,char
FR51,B1,NA,NA,NA,NA,NA,NA,NA,no trees
FR52,B1,Sx,1,12.9,2,14.1,1.6,N,NA
FR52,B1,Pl,3,19.4,NA,14.4,NA,N,NA
FR52,B1,Pl,1,15.6,2,18.7,9.7,N,NA
FR52,B1,Pl,1,18.2,2,18.2,7,N,mechanical damage
FR52,B1,Pl,1,19.7,1,19.5,8.7,N,NA
FR52,B1,Pl,2,12.9,NA,7.3,NA,N,"scar at base, broken top"
FR52,B1,Pl,3,14,NA,9.8,NA,N,broken top
FR52,B1,Pl,1,17.2,1,19.5,10,N,NA
FR52,B1,Pl,1,19.7,1,19.5,9.5,N,NA
FR52,B1,Pl,1,16.3,2,13.9,6.7,N,broken top
FR52,B1,Pl,1,20.5,1,19.4,9.9,N,NA
FR52,B1,Pl,1,15,2,18.7,9,N,NA
FR52,B1,Pl,1,19,2,18.5,9,Y,NA
FR52,B1,Pl,1,18.7,2,18.8,9,N,NA
FR52,B1,Pl,1,14.5,2,17.8,8.2,N,NA
FR52,B1,Pl,1,17.8,2,18.9,8.2,N,NA
FR52,B1,Pl,3,13.7,NA,14.1,NA,N,NA
FR52,B1,Pl,1,13.7,2,15.2,6.3,N,scar at base
FR52,B1,Pl,1,18.1,2,18.5,5.9,N,NA
FR52,B1,Pl,3,18,NA,12.6,NA,galleries,NA
FR52,B1,Pl,1,24.2,1,20.8,8.9,N,scar at base
FR52,B1,Pl,2,19.5,2,15.4,5.3,N,"scar at base, dead top"
FR52,B1,Pl,3,13.3,NA,10,NA,galleries,broken top
FR52,B1,Pl,1,19.3,2,18.9,10.2,N,NA
FR52,B1,Pl,3,15.1,NA,9,NA,N,broken top
FR52,B1,Pl,1,14.7,1,19.3,10.4,N,NA
FR52,B1,Pl,1,18.7,1,19.5,10,N,NA
FR52,B1,Pl,1,12.7,2,18.3,9.5,N,NA
FR52,B1,Pl,1,14.2,2,18.5,9.5,N,NA
FR52,B1,Pl,3,22.3,NA,19.3,NA,N,NA
FR52,B1,Pl,1,17.6,1,19.1,9.5,N,NA
FR52,B1,Pl,1,17.3,2,17.7,10.1,N,"scare at base, forked"
FR52,B1,Pl,3,22,NA,13,NA,N,broken top
FR52,B1,Pl,2,16.4,2,13.7,5.8,N,scar at base
FR52,B1,Sx,1,15,2,15.3,4,N,NA
FR52,B1,Pl,1,18.8,2,19.7,8.8,N,NA
FR52,B1,Pl,1,16,2,16.3,9.7,N,forked
FR52,B1,Pl,1,19.4,2,16.5,9.7,N,NA
FR52,B1,Sx,1,14.4,2,13.2,5,N,NA
FR52,B1,Pl,1,16,2,18.8,9.3,N,NA
FR52,B1,Pl,3,12.7,NA,15,NA,N,NA
FR52,B1,Pl,1,18.4,1,19.1,10,N,NA
FR52,B1,Pl,1,14.7,2,16,9.3,N,mechanical damage
FR52,B1,Pl,1,14.3,1,19.2,11.2,N,NA
FR52,B1,Pl,1,13.2,2,16.8,9.2,N,NA
FR52,B1,Sx,1,13.3,2,15.2,7,N,scar at base
FR52,B1,Sx,1,16.8,2,17,8.8,N,NA
FR52,B1,Pl,3,14.7,NA,8,NA,N,NA
FR52,B1,Pl,1,17.3,2,18.2,8.8,N,NA
FR52,B1,Sx,1,18,2,15,4,N,NA
FR52,B1,Sx,1,12.8,3,13,4,N,NA
FR52,B1,Pl,1,27.7,2,18.4,7,N,NA
FR52,B1,Sx,1,19.3,2,17.8,5.4,N,NA
FR52,B1,Sx,1,12.8,3,11,7,N,NA
FR52,B1,Sx,1,14.1,2,15,6,N,NA
FR52,B1,Pl,1,14.3,2,16.1,9.4,N,scar at base
FR52,B1,Pl,1,24,2,16.5,6.7,gall,NA
FR52,B1,Pl,1,18.4,2,18.5,9,N,NA
FR52,B1,Pl,1,20.1,2,17.5,9.5,N,NA
FR52,B1,Pl,1,15.6,2,16.8,10,N,NA
FR52,B1,Pl,1,15.3,2,16.8,10,N,NA
FR52,B1,Pl,1,15.7,2,16.8,9.6,N,NA
FR52,B1,Pl,3,20.4,NA,15,NA,N,NA
FR52,B1,Pl,1,12.6,2,15.3,10,N,NA
FR52,B1,Pl,3,19,NA,12,NA,N,scar at base
FR52,B1,Pl,1,21.3,2,18.3,10,N,NA
FR52,B1,Pl,1,13.6,2,15,9.3,N,NA
FR52,B1,Pl,1,21.9,2,18.7,10,N,NA
FR52,B1,Pl,1,18.6,2,18.2,8.5,N,forked
FR52,B1,Pl,1,19.4,2,18.5,9,N,scar at base
FR52,B1,Pl,1,23.7,1,19,8.3,N,scar at base
FR52,B1,Pl,1,21.1,1,19.5,9.9,N,NA
FR53,B1,Pl,1,20.2,2,13.6,5.3,gall,NA
FR53,B1,Pl,1,14.7,2,12.5,6,N,NA
FR53,B1,Pl,1,16.9,2,13.1,6.4,N,NA
FR53,B1,Pl,1,16.9,2,14.5,6.4,N,forked
FR53,B1,Pl,1,19.1,2,13.8,6.5,N,NA
FR53,B1,Sx,1,12.6,3,9.5,2.3,N,NA
FR53,B1,Pl,1,15.3,2,13.1,5.5,Y,NA
FR53,B1,Pl,1,17.7,2,13.9,5.2,blister rust,NA
FR53,B1,Pl,1,17.2,2,13.5,5.3,blister rust,NA
FR53,B1,Pl,1,15,2,13.2,5.9,N,forked
FR53,B1,Pl,1,21,2,14.2,5.3,blister rust,forked
FR53,B1,Pl,2,12.8,2,11.3,5.1,blister rust,NA
FR53,B1,Pl,1,13,2,13,6.3,N,NA
FR53,B1,Pl,1,13.2,2,13.6,5.2,N,NA
FR53,B1,Pl,1,19.2,2,12.7,6.2,N,NA
FR53,B1,Pl,1,16.8,2,13,5.9,N,NA
FR53,B1,Pl,1,14.3,2,13.4,6.2,N,NA
FR53,B1,Pl,1,22.3,2,14.7,4.3,blister rust,NA
FR53,B1,Pl,1,20.4,2,14.6,4.6,gall,NA
FR53,B1,Sx,1,19.5,2,13.5,1.3,aphids,NA
FR53,B1,Pl,1,15.8,2,12.9,5.7,N,NA
FR53,B1,Pl,1,17.2,2,13.5,6.3,N,NA
FR53,B1,Pl,1,16.7,2,14.2,6.5,N,forked
FR53,B1,Pl,1,17.2,2,14.1,6.5,N,NA
FR53,B1,Pl,1,18.7,2,13.9,6.4,N,forked
FR53,B1,Pl,1,14,2,12.5,5.8,N,NA
FR53,B1,Pl,1,18.3,2,14.1,6.4,N,NA
FR53,B1,Pl,1,15.6,2,13.4,6,N,NA
FR53,B1,Pl,1,16.1,2,12.7,6,N,NA
FR53,B1,Pl,1,17.5,2,13.4,6,N,NA
FR53,B1,Pl,1,13.6,2,11.7,6.4,blister rust,forked
FR53,B1,Pl,1,20.4,2,14.9,6.4,"gall, blister rust",NA
FR53,B1,Pl,1,16,2,13.9,6.3,gall,NA
FR53,B1,Pl,1,17.7,2,14.9,6.4,gall,NA
FR53,B1,Pl,1,16.3,2,13.4,6,N,NA
FR53,B1,Pl,1,15.5,2,13.3,6,N,"forked, swoop"
FR53,B1,Pl,1,21.6,2,15.8,5.7,gall,NA
FR53,B1,Sx,1,13.3,2,11.8,1.2,aphids,NA
FR53,B1,Pl,2,15.3,2,12.2,5.7,blister rust,NA
FR53,B1,Sx,1,17.1,2,12.3,3.8,aphids,NA
FR53,B1,Pl,1,22.7,2,14.4,6.4,gall,NA
FR53,B1,Pl,1,13.6,2,11.2,6.2,N,NA
FR53,B1,Pl,1,13,2,13.8,6.3,blister rust,NA
FR53,B1,Sx,1,17.2,2,11.3,3.2,aphids,NA
FR53,B1,Pl,1,14.8,2,13,5.7,gall,NA
FR53,B1,Bl,1,13.8,2,12.5,2.9,N,ungulate browse
FR53,B1,Sx,1,17.9,2,12,2.9,aphids,NA
FR53,B1,Sx,1,14.8,3,9.3,2.5,aphids,NA
FR53,B1,Pl,1,17.8,2,12.7,4.9,blister rust,NA
FR53,B1,Pl,1,13.1,2,13.3,5,N,NA
FR53,B1,Pl,1,18.5,2,13.5,6.2,N,NA
FR54,B1,Pl,1,16.3,2,13.1,6.7,N,NA
FR54,B1,Pl,1,15.5,2,13.4,7.5,gall,NA
FR54,B1,Pl,2,13.3,2,11.3,7,"gall, blister rust",NA
FR54,B1,Pl,1,17.4,2,13.3,7,N,NA
FR54,B1,Pl,1,15,2,13.1,6.3,gall,NA
FR54,B1,Pl,1,17.4,2,13.2,7,gall,NA
FR54,B1,Pl,1,16,2,13.1,6.8,gall,NA
FR54,B1,Pl,1,14.7,2,13.1,4.6,gall,forked
FR54,B1,Pl,1,15,2,12.7,6.6,N,NA
FR54,B1,Pl,1,17,2,13.2,6.2,gall,NA
FR54,B1,Pl,1,14.4,2,15.2,6.8,gall,NA
FR54,B1,Pl,1,14.3,2,12,6.8,N,NA
FR54,B1,Pl,1,12.8,2,13,7.3,N,NA
FR54,B1,Pl,1,15.7,2,13,7,N,NA
FR54,B1,Pl,1,13.2,2,12.8,6.8,N,NA
FR54,B1,Pl,1,13.6,2,13,5.8,gall,NA
FR54,B1,Pl,1,12.6,2,12.2,5.4,gall,NA
FR54,B1,Pl,1,17,2,13.9,5,N,NA
FR54,B1,Pl,1,18.3,2,13.5,5.8,N,NA
FR54,B1,Pl,1,18.7,2,13.6,5,N,NA
FR54,B1,Pl,1,14.3,2,12.7,5.7,N,NA
FR54,B1,Pl,1,12.6,2,12.7,6.5,N,NA
FR54,B1,Pl,1,13.9,2,14,5.9,N,NA
FR54,B1,Pl,1,15,2,13.7,6,N,forked at base
FR54,B1,Pl,1,13.6,2,12.3,7.4,N,NA
FR54,B1,Pl,2,12.7,2,9.6,6,N,broken top
FR54,B1,Pl,1,14.8,2,13,6.3,N,NA
FR54,B1,Pl,1,14.6,2,12.7,5.5,N,NA
FR54,B1,Pl,1,13.3,2,12.7,5.5,N,NA
FR54,B1,Pl,1,15.6,2,13.1,5.5,N,NA
FR54,B1,Pl,1,17.4,2,14.1,5.6,N,NA
FR54,B1,Pl,1,15.8,2,13.8,5.6,N,NA
FR54,B1,Pl,1,12.8,2,13.6,6.1,N,forked
FR54,B1,Pl,1,15.4,2,13,5.6,N,NA
FR54,B1,Pl,1,13.5,2,13.6,5.3,N,NA
FR54,B1,Pl,1,16.4,2,13.6,5,N,NA
FR54,B1,Pl,1,13,2,13.3,5,N,NA
FR54,B1,Pl,1,13.8,2,13.5,6,N,NA
FR54,B1,Pl,1,14.5,2,13.3,6.5,N,NA
FR54,B1,Pl,1,17.6,2,13.7,6.3,blister rust,NA
FR54,B1,Pl,1,14.1,2,11.7,4.8,N,forked at base
FR54,B1,Pl,1,17.6,2,13.7,4.1,N,forekd at top
FR54,B1,Pl,1,15.1,2,14.3,6.3,N,scar
FR54,B1,Pl,1,14.6,2,14,6,N,NA
FR54,B1,Pl,1,13.6,2,14.3,6.3,N,NA
FR54,B1,Pl,1,13.7,2,13.9,6.6,N,forked
FR54,B1,Pl,1,18.1,2,13.7,6.6,N,NA
FR54,B1,Pl,1,14,2,13.3,6.7,N,NA
FR54,B1,Pl,1,19.3,2,13.7,6.4,N,NA
FR54,B1,Pl,1,13.7,2,12.7,5.4,N,NA
FR55,B1,Pl,1,13.1,2,17.1,11,N,NA
FR55,B1,Pl,1,13.4,2,18.3,12.7,N,NA
FR55,B1,Pl,1,13.1,2,18.6,12.1,N,NA
FR55,B1,Pl,1,16.7,2,18.7,12.1,N,NA
FR55,B1,Pl,1,14.9,2,15,11,N,NA
FR55,B1,Pl,3,12.9,NA,2.7,NA,N,broken top
FR55,B1,Pl,1,15.3,2,20.3,10.9,N,scar
FR55,B1,Pl,1,20.6,2,20.3,11,N,forked at base
FR55,B1,Pl,1,13,2,19,10.5,N,NA
FR55,B1,Pl,2,15.2,2,18.8,10.2,Y,NA
FR55,B1,Pl,1,18.9,2,20,10.6,N,NA
FR55,B1,Pl,1,16.4,2,19,10,N,NA
FR55,B1,Pl,1,15.2,2,18.6,8,N,NA
FR55,B1,Pl,1,15.7,2,18.7,10,N,NA
FR55,B1,Pl,1,16.1,2,18.7,12.4,N,NA
FR55,B1,Pl,1,13.7,2,18,10.7,N,NA
FR55,B1,Pl,1,16.7,2,18.6,10,N,NA
FR55,B1,Pl,1,12.6,2,15.4,11.3,N,NA
FR55,B1,Pl,1,12.8,2,16.5,10.3,N,NA
FR55,B1,Pl,1,13.4,2,16.3,9.7,N,NA
FR55,B1,Pl,1,13.7,2,15.4,9.7,N,NA
FR55,B1,Pl,1,13.5,2,16.8,9.6,N,NA
FR55,B1,Pl,1,15,2,16.8,9.5,N,NA
FR55,B1,Pl,1,15.3,2,18.1,9.2,N,NA
FR55,B1,Pl,1,14.6,2,17.8,10.5,N,NA
FR55,B1,Pl,1,17.1,2,18.9,10.5,N,NA
FR55,B1,Pl,1,13.9,2,17.9,10.5,N,NA
FR55,B1,Pl,1,18.6,2,16.8,8.1,N,NA
FR55,B1,Pl,1,14.6,2,15.1,8.4,N,scar
FR55,B1,Pl,1,13.7,2,17.9,11.2,N,NA
FR55,B1,Pl,1,15.9,2,16.5,9,N,NA
FR55,B1,Pl,1,13.5,2,16.5,10,N,NA
FR55,B1,Pl,1,13.7,2,17.4,8.4,N,NA
FR55,B1,Pl,1,16.9,2,17.1,8.1,N,forked
FR55,B1,Pl,1,13.1,2,17,8.4,N,scar
FR55,B1,Pl,1,12.8,2,14.4,7.9,N,mechanical damage
FR55,B1,Pl,1,19.2,2,18.5,9.3,N,NA
FR55,B1,Pl,1,15.5,2,16.7,9.3,N,NA
FR55,B1,Pl,1,16,2,18.5,9.3,N,NA
FR55,B1,Pl,1,16,2,17.5,9.4,N,NA
FR55,B1,Pl,1,14,2,16.8,9.4,N,NA
FR55,B1,Pl,1,16.9,2,17,9.6,N,NA
FR55,B1,Pl,1,18.5,2,17.7,10.1,N,scar
FR55,B1,Pl,1,13,2,15.8,10.1,N,NA
FR55,B1,Pl,1,14.8,2,15.9,10.1,N,NA
FR55,B1,Pl,1,15,2,15.5,10,N,NA
FR55,B1,Pl,1,15.8,2,18.8,9.6,N,NA
FR55,B1,Pl,1,16.7,2,18.8,9.6,N,NA
FR55,B1,Pl,1,13.1,2,17.8,12.4,N,mechanical damage
FR55,B1,Pl,1,13.8,2,17.8,10.6,N,NA
FR55,B1,Pl,1,15.5,2,16.7,10.1,N,NA
FR55,B1,Pl,1,13.4,2,16.7,10.1,gall,NA
FR55,B1,Pl,1,13.1,2,16.5,10,N,NA
FR55,B1,Pl,1,14.9,2,17.5,10.4,N,NA
FR55,B1,Pl,1,13.9,2,16.5,10.3,N,NA
FR55,B1,Pl,1,14.6,2,16.5,9.6,N,mechanical damage
FR55,B1,Pl,1,15.2,2,16.5,10,N,NA
FR55,B1,Pl,1,14.5,2,17.9,10.1,N,NA
FR56,B1,UC,5,17.2,NA,15.9,NA,N,char
FR57,B1,Pl,5,21.6,NA,20.8,NA,N,char
FR57,B1,Pl,5,17.8,NA,15.9,NA,N,char
FR57,B1,Pl,5,23.1,NA,16.5,NA,N,char
FR58,B1,UC,6,14.1,NA,4.3,NA,N,char
FR58,B1,Pl,5,14.4,NA,15.7,NA,N,NA
FR58,B1,Pl,6,12.9,NA,11.7,NA,N,char
FR58,B1,Pl,4,17.6,NA,17.3,NA,N,NA
FR58,B1,Pl,4,17.7,NA,18.3,NA,N,NA
FR58,B1,Pl,4,16.2,NA,17.3,NA,N,NA
FR58,B1,Pl,4,22.1,NA,18.4,NA,N,char
FR58,B1,Pl,4,13.1,NA,15.4,NA,N,char
FR58,B1,Pl,4,15.8,NA,13.3,NA,N,char
FR58,B1,Pl,4,13.8,NA,18.4,NA,N,char
FR58,B1,Pl,4,14,NA,7,NA,N,char
FR58,B1,Pl,4,16.7,NA,18.7,NA,N,char
FR58,B1,Pl,4,14.9,NA,15.5,NA,N,char
FR58,B1,Pl,4,23.7,NA,18.8,NA,N,char
FR58,B1,Pl,4,20.7,NA,18.5,NA,N,char
FR59,B1,Pl,6,16.9,NA,2.2,NA,N,char
FR59,B1,Pl,4,23.6,NA,23.7,NA,galleries,NA
FR60,B1,Pl,1,14.4,2,13.7,10.6,N,broken top
FR60,B1,Pl,1,14,2,13.2,8.6,N,mechanical damage
FR60,B1,Pl,1,17.1,2,16.7,11,N,NA
FR60,B1,Pl,1,16.6,2,16.6,12.3,N,NA
FR60,B1,Pl,1,20.4,1,19.2,12.3,N,mechanical damage
FR60,B1,Pl,1,13.7,2,11.6,7.6,N,mechanical damage
FR60,B1,Sx,1,12.8,3,8.2,0.9,aphids,NA
FR60,B1,Pl,1,13.3,2,15.7,11.6,N,mechanical damage
FR60,B1,Pl,1,14.9,2,15.9,10.9,N,mechanical damage
FR60,B1,Sx,1,15.5,3,8,2.2,aphids,mechanical damage
FR60,B1,Pl,1,16.2,2,15.4,11.5,N,mechanical damage
FR60,B1,Pl,4,14.3,NA,17.5,NA,N,NA
FR60,B1,Pl,1,17.4,2,15.5,11.9,N,NA
FR60,B1,Pl,1,15.3,2,15.4,11.5,N,NA
FR60,B1,Pl,1,17.4,2,15.5,5.2,N,mechanical damage
FR60,B1,Sx,1,21.6,2,16.2,0.8,aphids,NA
FR60,B1,Pl,1,13,2,13.7,10.1,N,NA
FR60,B1,Pl,4,13.2,NA,13.5,NA,N,NA
FR60,B1,Sx,1,24.4,2,13.7,2.8,N,mechanical damage
FR60,B1,Pl,4,16.2,NA,13.4,NA,galleries,NA
FR60,B1,Pl,1,17.7,2,14.8,3.8,N,mechanical damage
FR61,B1,Sx,1,13.4,2,13.2,3,N,NA
FR61,B1,Pl,1,18.1,2,13,4.1,N,fire scar
FR61,B1,Pl,1,14.1,2,13.2,7,N,fire scar
FR61,B1,Pl,1,13,2,12.3,6.6,N,"fire scar, mechanical damage"
FR61,B1,Pl,4,12.7,NA,11.5,NA,N,NA
FR61,B1,Pl,1,12.8,2,11.6,6.1,N,NA
FR61,B1,Pl,4,14.8,NA,13.4,NA,N,NA
FR61,B1,Pl,1,12.6,2,11.4,6.1,N,fire scar
FR61,B1,UC,4,12.6,NA,13.3,NA,N,NA
FR61,B1,Pl,1,13.9,2,12.8,4.9,N,fire scar
FR61,B1,Pl,1,14.4,2,14.5,6.8,N,fire scar
FR61,B1,Pl,4,14.2,NA,14.3,NA,N,NA
FR61,B1,Pl,4,18,NA,13.5,NA,N,NA
FR62,B1,Pl,1,13.8,2,12.9,5.4,N,NA
FR62,B1,Pl,1,14.6,2,13.6,6.2,N,NA
FR62,B1,Pl,1,14.3,2,12.3,4.9,N,scar
FR62,B1,Pl,1,15.2,2,12.2,4.5,N,NA
FR62,B1,Pl,1,13.9,2,11.4,4.5,N,NA
FR62,B1,Pl,1,15.6,2,14.1,5.7,N,NA
FR62,B1,Pl,1,14.9,2,13.4,7.1,N,NA
FR62,B1,Pl,1,14.5,2,13.2,7.1,N,NA
FR62,B1,Pl,1,14.2,2,12.5,6.4,N,NA
FR62,B1,Pl,1,15.2,2,12.6,6.3,N,NA
FR62,B1,Pl,1,13,2,13.3,6,N,NA
FR62,B1,Pl,1,13.1,2,13.9,6.1,N,NA
FR62,B1,Pl,1,13.3,2,12.9,5.7,N,NA
FR62,B1,Pl,1,12.7,2,12.7,6.5,gall,NA
FR62,B1,Pl,1,15.5,2,13.3,6.6,gall,NA
FR62,B1,Pl,1,13.1,2,13.1,6.4,gall,NA
FR62,B1,Pl,1,15,2,14.8,4.6,gall,NA
FR62,B1,Pl,1,14.8,2,12.8,4.4,N,NA
FR62,B1,Pl,1,13.9,2,13,5.8,N,NA
FR62,B1,Pl,1,13.1,2,10.5,3,N,NA
FR62,B1,Pl,1,15.9,2,13.4,6.1,N,NA
FR62,B1,Pl,1,13.2,2,13,6,N,NA
FR62,B1,Pl,1,15.7,2,13.4,3,N,NA
FR62,B1,Pl,1,14.9,2,11.8,3.5,N,NA
FR62,B1,Pl,1,12.7,2,10.5,3,gall,NA
FR62,B1,Pl,1,13.4,2,10.2,3,N,NA
FR62,B1,Pl,1,14.3,2,12,5.6,N,NA
FR62,B1,Pl,1,13.8,2,10,4,N,NA
FR63,B1,Pl,1,12.6,2,9.9,4,N,forked
FR63,B1,Pl,1,13.4,2,12.4,4.9,N,NA
FR63,B1,Pl,1,13.7,2,12.4,4.9,N,NA
FR63,B1,Pl,1,12.7,2,13.5,5.7,N,NA
FR63,B1,Pl,1,13.8,2,13.5,4.7,N,NA
FR63,B1,Pl,1,13.8,2,11.6,4.4,blister rust,NA
FR63,B1,Pl,1,15.3,2,13.9,5.9,N,NA
FR63,B1,Pl,1,12.8,2,11.6,5.3,N,forked
FR63,B1,Pl,1,13.1,2,10.4,5.7,N,NA
FR64,B1,Pl,1,12.7,2,12.9,8.4,N,NA
FR64,B1,Pl,1,13.5,1,14.5,8.9,N,mechanical damage
FR64,B1,Pl,1,14.1,1,17.1,10,N,NA
FR64,B1,Pl,1,13.5,1,15.5,9.6,N,scar
FR64,B1,Pl,1,13,1,17.1,10,N,NA
FR64,B1,Pl,1,16.7,1,18.6,8.9,N,NA
FR64,B1,Pl,1,13.8,1,17.2,9.9,N,NA
FR64,B1,Pl,1,15.5,1,16.9,8.3,N,NA
FR64,B1,Pl,1,13.5,1,15.3,8.3,N,NA
FR65,B1,Pl,1,12.8,2,11.3,4.1,N,NA
FR65,B1,Pl,1,14,2,12.8,4,N,NA
FR65,B1,Pl,1,13.7,2,12.6,3.8,N,NA
FR65,B1,Pl,1,12.6,2,11.9,4.1,Y,NA
FR65,B1,Pl,1,16.9,2,12,4,N,NA
FR65,B1,Pl,1,13.9,2,13.5,4.4,N,NA
FR65,B1,Pl,1,15.6,2,11.9,4.6,N,NA
FR65,B1,Pl,1,15.5,2,12,4.6,gall,NA
FR65,B1,Pl,1,14,2,12,4.5,N,NA
FR65,B1,Pl,1,12.7,2,11.8,4.4,blister rust,NA
FR65,B1,Pl,1,14.3,2,10.7,4.2,N,NA
FR65,B1,Pl,1,13.9,2,12.1,4.6,N,NA
FR65,B1,Pl,1,12.7,2,12.2,3.6,blister rust,NA
FR65,B1,Pl,1,16.8,2,13.5,3.8,N,NA
FR65,B1,Pl,1,18.9,2,12.5,4.5,blister rust,NA
FR65,B1,Pl,2,14.1,2,10.9,3.2,blister rust,NA
FR65,B1,Pl,1,16.2,2,14.2,3.8,N,NA
FR65,B1,Pl,1,18.1,2,13.7,3.9,N,NA
FR65,B1,Pl,1,14,2,13.7,4,N,NA
FR65,B1,Pl,1,15.5,2,13.1,2.4,N,NA
FR65,B1,Pl,1,18.1,2,13.3,3.6,N,NA
FR65,B1,Pl,1,21.2,2,13,2.6,gall,NA
FR65,B1,Pl,1,15,2,13.1,2.8,N,NA
FR65,B1,Pl,1,20.5,2,12.4,2.4,blister rust,NA
FR65,B1,Pl,1,20.1,2,14.6,3,N,NA
FR66,B1,Pl,1,12.6,2,15.1,8.4,N,NA
FR66,B1,Pl,1,12.7,2,15.6,8.9,N,NA
FR66,B1,Pl,1,13.6,2,14.5,8.1,N,NA
FR66,B1,Pl,1,14.4,2,14.8,7.8,N,NA
FR66,B1,Pl,1,12.9,2,15.5,9.2,N,NA
FR66,B1,Pl,1,13.6,2,15.2,9.2,N,scar
FR66,B1,Pl,1,16.3,2,16.8,8.9,N,NA
FR66,B1,Pl,1,13.2,2,14.3,8.3,N,NA
FR67,B1,Pl,1,14.6,2,9.7,2.7,N,NA
FR67,B1,Pl,1,13.8,2,9.8,3,N,NA
FR67,B1,Pl,1,12.7,2,12.4,3.6,N,NA
FR67,B1,Pl,1,12.6,2,11.3,4.5,N,NA
FR67,B1,Pl,1,12.7,2,10.3,4.6,N,NA
FR67,B1,Pl,1,13.9,2,9.3,4.5,gall,NA
FR67,B1,Pl,1,12.7,2,8.4,4,N,NA
FR67,B1,Pl,1,14.2,2,10.6,4.5,N,NA
FR67,B1,Pl,1,13.4,2,10.6,4.7,gall,NA
FR67,B1,Pl,1,13,2,13.3,5.4,gall,NA
FR67,B1,Pl,1,14.8,2,12.8,5.4,N,NA
FR67,B1,Pl,1,15.6,2,12.9,5.4,N,NA
FR67,B1,Pl,1,13,2,13.3,5.6,gall,NA
FR67,B1,Pl,1,14,2,12,5.3,N,NA
FR67,B1,Pl,1,12.8,2,13.4,7.1,gall,NA
FR67,B1,Pl,1,14.5,2,13.7,7.1,gall,NA
FR67,B1,Pl,1,15.2,2,13.3,5.3,blister rust,NA
FR67,B1,Pl,1,15.1,2,12.8,5.3,gall,NA
FR67,B1,Pl,1,15,2,12.4,4.8,N,NA
FR67,B1,Pl,1,13.4,2,11.8,4.8,N,NA
FR67,B1,Pl,1,13.6,2,12.5,5.7,gall,NA
FR67,B1,Pl,1,14,2,12.4,5.7,N,NA
FR67,B1,Pl,1,14,2,12.3,5.5,gall,NA
FR67,B1,Pl,1,14.3,2,12.4,5.5,N,NA
FR67,B1,Pl,1,13.6,2,12.2,5.6,N,NA
FR68,B1,Pl,1,13.9,2,13,7.3,N,NA
FR68,B1,Pl,1,12.9,2,13.9,7.3,N,NA
FR68,B1,Pl,1,12.9,2,13.3,7.3,N,NA
FR68,B1,Pl,1,14.5,2,14.8,8,N,NA
FR68,B1,Pl,1,13.7,2,13.1,6.3,N,NA
FR68,B1,Pl,1,13,2,18.2,6.5,N,NA
FR68,B1,Pl,1,12.6,2,14.2,5.9,blister rust,NA
FR68,B1,Pl,1,13.2,2,14.1,6.7,gall,NA
FR68,B1,Pl,1,13.7,2,14,8.2,N,NA
FR68,B1,Pl,1,13.3,2,13.9,7.2,N,NA
FR68,B1,Pl,1,13.3,2,12.4,7.3,N,NA
FR68,B1,Pl,1,12.8,2,14.5,8,N,NA
FR68,B1,Pl,1,17.7,2,16.3,7.2,N,NA
FR68,B1,Pl,1,15.9,2,16,7.2,N,scar at base
FR68,B1,Pl,1,15,2,15.2,8.2,N,NA
FR68,B1,Pl,1,15.2,2,14.8,7.8,gall,NA
FR68,B1,Pl,1,14.4,2,14,7.2,N,NA
FR68,B1,Pl,1,12.8,2,14.5,7.7,N,NA
FR69,B1,Pl,1,19.1,2,19.3,12.5,N,mechanical damage
FR69,B1,Pl,1,15.5,2,18.3,10.9,N,NA
FR69,B1,Pl,1,16.7,2,19.8,14.2,N,mechanical damage
FR69,B1,Pl,1,16.8,2,19.8,12.5,N,mechanical damage
FR69,B1,Pl,1,16.3,2,19.6,12.5,N,mechanical damage
FR69,B1,Pl,3,13.9,NA,10.5,NA,N,broken top
FR69,B1,Pl,2,13.4,2,13.6,10.5,N,NA
FR69,B1,Pl,1,14.8,2,16.9,12.1,N,mechanical damage
FR69,B1,Pl,2,14.2,2,16.6,12.1,N,mechanical damage
FR69,B1,Pl,1,13.8,2,17.9,9.9,N,NA
FR69,B1,Pl,1,16.3,2,17.9,9.9,N,mechanical damage
FR69,B1,Pl,1,20,2,18.9,10.8,N,NA
FR69,B1,Pl,1,14.4,2,17.9,10.8,N,NA
FR69,B1,Pl,1,13,2,17.6,12,N,mechanical damage
FR69,B1,Pl,1,13.1,2,17.8,12,N,NA
FR69,B1,Pl,3,12.9,NA,11,NA,N,broken top
FR69,B1,Pl,1,13.8,2,17.1,10.8,N,mechanical damage
FR69,B1,Pl,1,15.5,2,17.5,10.8,N,mechanical damage
FR69,B1,Pl,1,13,2,16.7,10.3,N,mechanical damage
FR69,B1,Pl,1,18.7,1,19.4,12,N,mechanical damage
FR69,B1,Pl,1,15,2,11.8,8.9,N,NA
FR69,B1,Pl,1,16.3,2,17.6,11.4,N,mechanical damage
FR69,B1,Pl,1,18.3,2,18,11.3,N,NA
FR69,B1,Pl,1,16.3,2,17.6,11.4,N,NA
FR69,B1,Pl,1,14.2,2,16,11.3,N,NA
FR69,B1,Pl,1,14.4,2,16.8,12.1,N,NA
FR69,B1,Pl,1,16.3,1,19.2,11.9,N,NA
FR69,B1,Pl,1,15.5,2,16.8,8.9,gall,NA
FR69,B1,Pl,3,13,NA,11.5,NA,N,broken top
FR69,B1,Pl,1,19.6,1,19.3,10.2,N,mechanical damage
FR69,B1,Pl,1,14.7,2,17.6,12,N,NA
FR69,B1,Pl,3,14,NA,13.3,NA,N,broken top
FR69,B1,Pl,1,14.9,2,16.9,10.1,N,mechanical damage
FR69,B1,Pl,3,14.7,NA,8.3,NA,N,broken top
FR69,B1,Pl,1,15.2,2,14.9,10.1,gall,NA
FR69,B1,Pl,1,20.2,2,18.1,9.2,N,NA
FR69,B1,Pl,3,15.9,NA,16,NA,N,NA
FR69,B1,Pl,1,20.2,1,19.5,10,N,mechanical damage
FR69,B1,Pl,1,13.7,2,16,10.2,N,NA
FR69,B1,Pl,1,13.1,2,16.6,12.4,N,mechanical damage
FR69,B1,Pl,1,12.9,2,13,9,N,NA
FR69,B1,Pl,1,15.3,2,16.6,12.4,N,mechanical damage
FR69,B1,Pl,1,15.7,2,16.1,10.4,N,mechanical damage
FR69,B1,Pl,1,15.1,2,14.4,10.1,N,mechanical damage
FR69,B1,Pl,3,13.4,NA,15.8,NA,N,NA
FR70,B1,Pl,4,24.6,NA,22.8,NA,MPB,NA
FR70,B1,Pl,4,22.5,NA,18.9,NA,MPB,NA
FR70,B1,Sx,1,13.6,1,9.8,4.8,N,NA
FR70,B1,Pl,4,18.7,NA,12.2,NA,MPB,NA
FR70,B1,Sx,4,14.2,NA,17.6,NA,N,NA
FR70,B1,Sx,1,14.1,1,8.7,3.3,N,NA
FR70,B1,Pl,4,18.4,NA,15.9,NA,MPB,NA
FR70,B1,Pl,4,29.6,NA,22.2,NA,MPB,NA
FR70,B1,Pl,4,15.6,NA,16.5,NA,MPB,NA
FR70,B1,Sx,1,15,1,15.2,1.7,N,NA
FR70,B1,Pl,4,25.7,NA,22.9,NA,MPB,NA
FR71,B1,Sx,4,16.2,NA,10.5,NA,N,NA
FR71,B1,Ep,6,19.4,NA,3.5,NA,N,broken top
FR71,B1,Ep,3,18.4,NA,4.6,NA,N,NA
FR71,B1,Sx,4,33.2,NA,21.7,NA,N,NA
FR71,B1,Ep,6,15.4,NA,2.6,NA,N,"char, broken top"
FR71,B1,Ep,5,19.4,NA,15,NA,N,NA
FR71,B1,Ep,6,23.2,NA,3.4,NA,N,NA
FR71,B1,Pl,6,29.3,NA,16.2,NA,galleries,NA
FR71,B1,Pl,6,35.3,NA,4.4,NA,N,NA
FR71,B1,Pl,6,29.6,NA,15.8,NA,N,NA
FR71,B1,At,6,27.5,NA,3.8,NA,N,NA
FR71,B1,Sx,1,18.1,1,10.2,5,N,NA
FR71,B1,At,4,24.2,NA,20.1,NA,N,fire scar
FR71,B1,Sx,4,12.7,NA,10.3,NA,N,NA
FR71,B1,Ep,6,15.2,NA,1.8,NA,N,NA
FR71,B1,At,6,23.8,NA,11.7,NA,N,NA
FR71,B1,At,6,25.8,NA,9.7,NA,N,NA
FR71,B1,At,6,35.1,NA,6,NA,N,NA
FR71,B1,At,6,24.9,NA,6.7,NA,N,NA
FR72,B1,NA,NA,NA,NA,NA,NA,NA,no trees
FR73,B1,Pl,1,14.9,1,14.2,9.3,N,NA
FR73,B1,UC,5,18.5,NA,13.3,NA,N,char
FR73,B1,Bl,1,15.5,1,12.5,1.5,N,NA
FR73,B1,Pl,1,13.8,1,13.5,5.3,N,NA
FR73,B1,Pl,1,12.8,1,11.7,5,N,NA
FR73,B1,Pl,1,15.3,1,12,4.1,N,NA
FR73,B1,Pl,1,15,1,12,3.4,N,NA
FR73,B1,Pl,1,13.5,1,11.9,5.2,N,NA
FR73,B1,Pl,1,13.1,1,11.5,5.2,N,NA
FR73,B1,Pl,1,15.6,1,12.8,5.2,N,NA
FR73,B1,Bl,2,17.7,1,13.1,1.9,N,NA
FR73,B1,Pl,1,18.9,1,14.4,4.3,N,NA
FR73,B1,UC,5,18.3,NA,13,NA,N,char
FR73,B1,Bl,1,12.8,1,11,1.3,N,NA
FR74,B1,Pl,1,16.9,2,13.9,6.2,N,NA
FR74,B1,Pl,1,16,2,13,6.7,N,scar at base
FR74,B1,Pl,1,13.5,2,12,6.4,N,NA
FR74,B1,Pl,1,15.3,2,12.6,6.5,N,NA
FR74,B1,Pl,2,19.2,2,14.5,6,gall,NA
FR74,B1,Pl,1,14.8,2,14.6,6.8,N,NA
FR74,B1,Pl,1,15.6,2,14.7,6.8,N,NA
FR74,B1,Pl,1,17,2,14.1,6.6,N,NA
FR74,B1,Pl,2,14.5,2,13.2,6.8,blister rust,NA
FR74,B1,Pl,2,18.4,2,15.2,6.8,blister rust,forked
FR74,B1,Pl,1,13.7,2,13.5,6.8,N,NA
FR74,B1,Pl,1,16.1,2,14,6.8,N,NA
FR74,B1,Pl,1,18,2,15.1,6.9,N,NA
FR74,B1,Pl,1,18.5,2,14.9,6.9,N,NA
FR74,B1,Pl,1,14.1,2,12.9,6.9,N,NA
FR74,B1,Pl,1,12.6,2,13,7.5,N,NA
FR74,B1,Pl,1,18,2,14.3,7.6,N,NA
FR74,B1,Pl,1,16,2,14,7.8,N,NA
FR74,B1,Pl,1,15.4,2,14.2,7.8,N,NA
FR74,B1,Pl,1,13.2,2,12.2,7.6,N,NA
FR74,B1,Pl,1,16.1,2,13.5,6.2,N,NA
FR74,B1,Pl,1,17.4,2,15.7,6.1,blister rust,NA
FR74,B1,Pl,1,14.9,2,13.3,5.7,N,NA
FR74,B1,Pl,1,15.4,2,13.3,6.2,N,NA
FR74,B1,Pl,1,18.4,2,13.6,7.1,N,NA
FR74,B1,Pl,1,17.9,2,16,6.5,N,forked
FR74,B1,Pl,1,14.6,2,13.5,7.7,N,NA
FR74,B1,Pl,1,13.6,2,12.5,8.1,N,NA
FR74,B1,Pl,1,15.6,2,13.5,6.6,N,NA
FR74,B1,Pl,1,17.3,2,14.3,6.6,N,NA
FR74,B1,Pl,1,15.1,2,13.8,6.6,N,NA
FR74,B1,Pl,1,13.7,2,13.3,7.5,N,NA
FR74,B1,Pl,1,12.6,2,13.3,7.5,N,NA
FR74,B1,Pl,1,14.9,2,13.7,6.8,N,NA
FR74,B1,Pl,1,13.2,2,13.5,6.8,N,NA
FR74,B1,Pl,1,15.8,2,13.7,7.2,N,NA
FR74,B1,Pl,1,15.1,2,14,7.2,N,NA
FR74,B1,Pl,1,14.1,2,12.4,7.7,N,scar at base
FR74,B1,Pl,1,14.3,2,12.4,7.7,N,forked
FR74,B1,Pl,1,15.4,2,13.2,7.5,N,NA
FR74,B1,Pl,1,15.3,2,13.2,7.6,N,NA
FR74,B1,Pl,1,15.3,2,13.3,7.2,N,NA
FR74,B1,Pl,1,16.1,2,13.5,7.2,N,NA
FR74,B1,Pl,1,18.7,2,15.4,7,N,NA
FR74,B1,Pl,1,15.8,2,15.5,7,N,NA
FR74,B1,Pl,1,14.8,2,13.6,6.7,N,NA
FR74,B1,Pl,1,14.1,2,12.8,7.2,N,NA
FR74,B1,Pl,1,15.1,2,12.4,7.2,N,NA
FR74,B1,Pl,2,18.1,2,14.1,7.6,gall,NA
FR74,B1,Pl,1,13.5,2,12.3,7,N,NA
FR74,B1,Pl,1,16.8,2,13.3,7,N,NA
FR74,B1,Pl,1,14.7,2,12.3,7,N,NA
FR74,B1,Pl,1,15,2,13.1,4.1,N,NA
FR74,B1,Pl,1,20,2,13.7,3.9,N,NA
FR74,B1,Pl,1,15.4,2,13.2,7,N,NA
FR75,B1,Pl,1,13.5,2,12.7,7,N,NA
FR75,B1,Pl,1,14.2,2,11.9,5.8,N,NA
FR75,B1,Pl,1,16.8,2,12.3,5,N,NA
FR75,B1,Pl,1,16.7,2,13,4.9,N,NA
FR75,B1,Pl,2,18.5,2,11.3,4,blister rust,NA
FR75,B1,Pl,2,18,2,13.3,6.3,blister rust,NA
FR75,B1,Pl,1,15.6,2,12.1,6.3,blister rust,NA
FR75,B1,Pl,1,12.8,2,12.5,5.4,N,NA
FR75,B1,Pl,1,15.5,2,11.2,5.8,blister rust,NA
FR75,B1,Pl,1,13.2,2,11.2,5.8,N,forked
FR75,B1,Pl,1,15.5,2,11.5,5.8,N,NA
FR75,B1,Pl,1,15.9,2,11.5,5.8,N,NA
FR75,B1,Pl,1,17.4,2,12.4,5.7,blister rust,forked
FR75,B1,Pl,1,14.5,2,12.3,5.8,N,NA
FR75,B1,Pl,1,13.6,2,11.1,6.1,N,NA
FR75,B1,Pl,1,17.6,2,12.7,5.7,blister rust,NA
FR75,B1,Pl,1,12.8,2,12.6,5.8,N,NA
FR75,B1,Pl,1,13.3,2,14.1,7.5,N,NA
FR75,B1,Pl,1,14.7,2,12.3,6.8,N,NA
FR75,B1,Pl,1,17.3,2,11.8,3.5,N,NA
FR75,B1,Pl,1,13.6,2,10.8,2.8,N,NA
FR75,B1,Pl,1,14.4,2,10.8,2.8,N,NA
FR75,B1,Pl,1,13.9,2,10.5,5.2,blister rust,NA
FR75,B1,Pl,1,13.8,2,10.8,5.2,N,NA
FR75,B1,Pl,1,15.8,2,12.9,5.3,blister rust,NA
FR75,B1,Pl,1,16.6,2,12.7,5.4,N,NA
FR75,B1,Pl,1,12.8,2,12.1,5.4,N,NA
FR75,B1,Pl,1,14,2,12.6,5.4,N,NA
FR75,B1,Pl,1,12.7,2,12.5,4.1,N,NA
FR75,B1,Pl,1,18.2,2,12.9,4,N,forked
FR75,B1,Pl,1,14.2,2,11.5,5.9,N,NA
FR75,B1,Pl,1,16.2,2,11.1,5.9,blister rust,NA
FR75,B1,Pl,1,13.6,2,12.7,7.3,N,NA
FR75,B1,Pl,1,12.8,2,12.1,6.1,N,NA
FR75,B1,Pl,1,15.2,2,11.9,6.1,N,NA
