PlotID,Sub-Plot,Species,Live/Dead,Height_class(cm),Tally,Notes
FR01,A1,Pl,L,0-30,7,
FR01,A1,Pl,L,31-130,6,
FR01,A1,Pl,D,0-30,0,
FR01,A1,Pl,D,31-130,0,
FR01,A1,Sx,L,0-30,10,
FR01,A1,Sx,L,31-130,0,
FR01,A1,Sx,D,0-30,0,
FR01,A1,Sx,D,31-130,0,
FR01,A1,At,L,0-30,0,
FR01,A1,At,L,31-130,0,
FR01,A1,At,D,0-30,0,
FR01,A1,At,D,31-130,0,
FR01,A1,Bl,L,0-30,0,
FR01,A1,Bl,L,31-130,0,
FR01,A1,Bl,D,0-30,0,
FR01,A1,Bl,D,31-130,0,
FR01,A1,Ac,L,0-30,0,
FR01,A1,Ac,L,31-130,0,
FR01,A1,Ac,D,0-30,0,
FR01,A1,Ac,D,31-130,0,
FR01,A1,Fd,L,0-30,0,
FR01,A1,Fd,L,31-130,0,
FR01,A1,Fd,D,0-30,0,
FR01,A1,Fd,D,31-130,0,
FR01,A1,Ep,L,0-30,0,
FR01,A1,Ep,L,31-130,0,
FR01,A1,Ep,D,0-30,0,
FR01,A1,Ep,D,31-130,0,
FR01,A1,Lw,L,0-30,0,
FR01,A1,Lw,L,31-130,0,
FR01,A1,Lw,D,0-30,0,
FR01,A1,Lw,D,31-130,0,
FR02,A1,Pl,L,0-30,1,
FR02,A1,Pl,L,31-130,1,
FR02,A1,Pl,D,0-30,0,
FR02,A1,Pl,D,31-130,0,
FR02,A1,Sx,L,0-30,1,
FR02,A1,Sx,L,31-130,1,
FR02,A1,Sx,D,0-30,0,
FR02,A1,Sx,D,31-130,0,
FR02,A1,At,L,0-30,0,
FR02,A1,At,L,31-130,0,
FR02,A1,At,D,0-30,0,
FR02,A1,At,D,31-130,0,
FR02,A1,Bl,L,0-30,0,
FR02,A1,Bl,L,31-130,0,
FR02,A1,Bl,D,0-30,0,
FR02,A1,Bl,D,31-130,0,
FR02,A1,Ac,L,0-30,0,
FR02,A1,Ac,L,31-130,0,
FR02,A1,Ac,D,0-30,0,
FR02,A1,Ac,D,31-130,0,
FR02,A1,Fd,L,0-30,0,
FR02,A1,Fd,L,31-130,0,
FR02,A1,Fd,D,0-30,0,
FR02,A1,Fd,D,31-130,0,
FR02,A1,Ep,L,0-30,0,
FR02,A1,Ep,L,31-130,0,
FR02,A1,Ep,D,0-30,0,
FR02,A1,Ep,D,31-130,0,
FR02,A1,Lw,L,0-30,0,
FR02,A1,Lw,L,31-130,0,
FR02,A1,Lw,D,0-30,0,
FR02,A1,Lw,D,31-130,0,
FR03,A1,Pl,L,0-30,2,
FR03,A1,Pl,L,31-130,2,
FR03,A1,Pl,D,0-30,0,
FR03,A1,Pl,D,31-130,0,
FR03,A1,Sx,L,0-30,10,
FR03,A1,Sx,L,31-130,3,
FR03,A1,Sx,D,0-30,0,
FR03,A1,Sx,D,31-130,0,
FR03,A1,At,L,0-30,0,
FR03,A1,At,L,31-130,3,
FR03,A1,At,D,0-30,0,
FR03,A1,At,D,31-130,0,
FR03,A1,Bl,L,0-30,0,
FR03,A1,Bl,L,31-130,0,
FR03,A1,Bl,D,0-30,0,
FR03,A1,Bl,D,31-130,0,
FR03,A1,Ac,L,0-30,0,
FR03,A1,Ac,L,31-130,0,
FR03,A1,Ac,D,0-30,0,
FR03,A1,Ac,D,31-130,0,
FR03,A1,Fd,L,0-30,0,
FR03,A1,Fd,L,31-130,0,
FR03,A1,Fd,D,0-30,0,
FR03,A1,Fd,D,31-130,0,
FR03,A1,Ep,L,0-30,0,
FR03,A1,Ep,L,31-130,0,
FR03,A1,Ep,D,0-30,0,
FR03,A1,Ep,D,31-130,0,
FR03,A1,Lw,L,0-30,0,
FR03,A1,Lw,L,31-130,0,
FR03,A1,Lw,D,0-30,0,
FR03,A1,Lw,D,31-130,0,
FR04,A1,Pl,L,0-30,0,
FR04,A1,Pl,L,31-130,0,
FR04,A1,Pl,D,0-30,0,
FR04,A1,Pl,D,31-130,0,
FR04,A1,Sx,L,0-30,0,
FR04,A1,Sx,L,31-130,0,
FR04,A1,Sx,D,0-30,0,
FR04,A1,Sx,D,31-130,0,
FR04,A1,At,L,0-30,0,
FR04,A1,At,L,31-130,0,
FR04,A1,At,D,0-30,0,
FR04,A1,At,D,31-130,0,
FR04,A1,Bl,L,0-30,0,
FR04,A1,Bl,L,31-130,0,
FR04,A1,Bl,D,0-30,0,
FR04,A1,Bl,D,31-130,0,
FR04,A1,Ac,L,0-30,0,
FR04,A1,Ac,L,31-130,0,
FR04,A1,Ac,D,0-30,0,
FR04,A1,Ac,D,31-130,0,
FR04,A1,Fd,L,0-30,0,
FR04,A1,Fd,L,31-130,0,
FR04,A1,Fd,D,0-30,0,
FR04,A1,Fd,D,31-130,0,
FR04,A1,Ep,L,0-30,0,
FR04,A1,Ep,L,31-130,0,
FR04,A1,Ep,D,0-30,0,
FR04,A1,Ep,D,31-130,0,
FR04,A1,Lw,L,0-30,0,
FR04,A1,Lw,L,31-130,0,
FR04,A1,Lw,D,0-30,0,
FR04,A1,Lw,D,31-130,0,
FR04,C1,Pl,L,0-30,0,
FR04,C1,Pl,L,31-130,0,
FR04,C1,Pl,D,0-30,0,
FR04,C1,Pl,D,31-130,0,
FR04,C1,Sx,L,0-30,0,
FR04,C1,Sx,L,31-130,0,
FR04,C1,Sx,D,0-30,0,
FR04,C1,Sx,D,31-130,0,
FR04,C1,At,L,0-30,0,
FR04,C1,At,L,31-130,0,
FR04,C1,At,D,0-30,0,
FR04,C1,At,D,31-130,0,
FR04,C1,Bl,L,0-30,0,
FR04,C1,Bl,L,31-130,0,
FR04,C1,Bl,D,0-30,0,
FR04,C1,Bl,D,31-130,0,
FR04,C1,Ac,L,0-30,0,
FR04,C1,Ac,L,31-130,0,
FR04,C1,Ac,D,0-30,0,
FR04,C1,Ac,D,31-130,0,
FR04,C1,Fd,L,0-30,0,
FR04,C1,Fd,L,31-130,0,
FR04,C1,Fd,D,0-30,0,
FR04,C1,Fd,D,31-130,0,
FR04,C1,Ep,L,0-30,0,
FR04,C1,Ep,L,31-130,0,
FR04,C1,Ep,D,0-30,0,
FR04,C1,Ep,D,31-130,0,
FR04,C1,Lw,L,0-30,0,
FR04,C1,Lw,L,31-130,0,
FR04,C1,Lw,D,0-30,0,
FR04,C1,Lw,D,31-130,0,
FR04,C2,Pl,L,0-30,0,
FR04,C2,Pl,L,31-130,0,
FR04,C2,Pl,D,0-30,0,
FR04,C2,Pl,D,31-130,0,
FR04,C2,Sx,L,0-30,0,
FR04,C2,Sx,L,31-130,0,
FR04,C2,Sx,D,0-30,0,
FR04,C2,Sx,D,31-130,0,
FR04,C2,At,L,0-30,0,
FR04,C2,At,L,31-130,0,
FR04,C2,At,D,0-30,0,
FR04,C2,At,D,31-130,0,
FR04,C2,Bl,L,0-30,0,
FR04,C2,Bl,L,31-130,0,
FR04,C2,Bl,D,0-30,0,
FR04,C2,Bl,D,31-130,0,
FR04,C2,Ac,L,0-30,0,
FR04,C2,Ac,L,31-130,0,
FR04,C2,Ac,D,0-30,0,
FR04,C2,Ac,D,31-130,0,
FR04,C2,Fd,L,0-30,0,
FR04,C2,Fd,L,31-130,0,
FR04,C2,Fd,D,0-30,0,
FR04,C2,Fd,D,31-130,0,
FR04,C2,Ep,L,0-30,0,
FR04,C2,Ep,L,31-130,0,
FR04,C2,Ep,D,0-30,0,
FR04,C2,Ep,D,31-130,0,
FR04,C2,Lw,L,0-30,0,
FR04,C2,Lw,L,31-130,0,
FR04,C2,Lw,D,0-30,0,
FR04,C2,Lw,D,31-130,0,
FR04,C3,Pl,L,0-30,0,
FR04,C3,Pl,L,31-130,0,
FR04,C3,Pl,D,0-30,0,
FR04,C3,Pl,D,31-130,0,
FR04,C3,Sx,L,0-30,0,
FR04,C3,Sx,L,31-130,0,
FR04,C3,Sx,D,0-30,0,
FR04,C3,Sx,D,31-130,0,
FR04,C3,At,L,0-30,0,
FR04,C3,At,L,31-130,0,
FR04,C3,At,D,0-30,0,
FR04,C3,At,D,31-130,0,
FR04,C3,Bl,L,0-30,0,
FR04,C3,Bl,L,31-130,0,
FR04,C3,Bl,D,0-30,0,
FR04,C3,Bl,D,31-130,0,
FR04,C3,Ac,L,0-30,0,
FR04,C3,Ac,L,31-130,0,
FR04,C3,Ac,D,0-30,0,
FR04,C3,Ac,D,31-130,0,
FR04,C3,Fd,L,0-30,0,
FR04,C3,Fd,L,31-130,0,
FR04,C3,Fd,D,0-30,0,
FR04,C3,Fd,D,31-130,0,
FR04,C3,Ep,L,0-30,0,
FR04,C3,Ep,L,31-130,0,
FR04,C3,Ep,D,0-30,0,
FR04,C3,Ep,D,31-130,0,
FR04,C3,Lw,L,0-30,0,
FR04,C3,Lw,L,31-130,0,
FR04,C3,Lw,D,0-30,0,
FR04,C3,Lw,D,31-130,0,
FR04,C4,Pl,L,0-30,0,
FR04,C4,Pl,L,31-130,0,
FR04,C4,Pl,D,0-30,0,
FR04,C4,Pl,D,31-130,0,
FR04,C4,Sx,L,0-30,0,
FR04,C4,Sx,L,31-130,0,
FR04,C4,Sx,D,0-30,0,
FR04,C4,Sx,D,31-130,0,
FR04,C4,At,L,0-30,0,
FR04,C4,At,L,31-130,0,
FR04,C4,At,D,0-30,0,
FR04,C4,At,D,31-130,0,
FR04,C4,Bl,L,0-30,0,
FR04,C4,Bl,L,31-130,0,
FR04,C4,Bl,D,0-30,0,
FR04,C4,Bl,D,31-130,0,
FR04,C4,Ac,L,0-30,0,
FR04,C4,Ac,L,31-130,0,
FR04,C4,Ac,D,0-30,0,
FR04,C4,Ac,D,31-130,0,
FR04,C4,Fd,L,0-30,0,
FR04,C4,Fd,L,31-130,0,
FR04,C4,Fd,D,0-30,0,
FR04,C4,Fd,D,31-130,0,
FR04,C4,Ep,L,0-30,0,
FR04,C4,Ep,L,31-130,0,
FR04,C4,Ep,D,0-30,0,
FR04,C4,Ep,D,31-130,0,
FR04,C4,Lw,L,0-30,0,
FR04,C4,Lw,L,31-130,0,
FR04,C4,Lw,D,0-30,0,
FR04,C4,Lw,D,31-130,0,
FR05,A1,Pl,L,0-30,6,
FR05,A1,Pl,L,31-130,11,
FR05,A1,Pl,D,0-30,0,
FR05,A1,Pl,D,31-130,0,
FR05,A1,Sx,L,0-30,0,
FR05,A1,Sx,L,31-130,0,
FR05,A1,Sx,D,0-30,0,
FR05,A1,Sx,D,31-130,0,
FR05,A1,At,L,0-30,0,
FR05,A1,At,L,31-130,1,
FR05,A1,At,D,0-30,0,
FR05,A1,At,D,31-130,0,
FR05,A1,Bl,L,0-30,0,
FR05,A1,Bl,L,31-130,0,
FR05,A1,Bl,D,0-30,0,
FR05,A1,Bl,D,31-130,0,
FR05,A1,Ac,L,0-30,0,
FR05,A1,Ac,L,31-130,0,
FR05,A1,Ac,D,0-30,0,
FR05,A1,Ac,D,31-130,0,
FR05,A1,Fd,L,0-30,0,
FR05,A1,Fd,L,31-130,0,
FR05,A1,Fd,D,0-30,0,
FR05,A1,Fd,D,31-130,0,
FR05,A1,Ep,L,0-30,0,
FR05,A1,Ep,L,31-130,0,
FR05,A1,Ep,D,0-30,0,
FR05,A1,Ep,D,31-130,0,
FR05,A1,Lw,L,0-30,0,
FR05,A1,Lw,L,31-130,0,
FR05,A1,Lw,D,0-30,0,
FR05,A1,Lw,D,31-130,0,
FR05,C1,Pl,L,0-30,0,
FR05,C1,Pl,L,31-130,0,
FR05,C1,Pl,D,0-30,0,
FR05,C1,Pl,D,31-130,0,
FR05,C1,Sx,L,0-30,0,
FR05,C1,Sx,L,31-130,0,
FR05,C1,Sx,D,0-30,0,
FR05,C1,Sx,D,31-130,0,
FR05,C1,At,L,0-30,0,
FR05,C1,At,L,31-130,0,
FR05,C1,At,D,0-30,0,
FR05,C1,At,D,31-130,0,
FR05,C1,Bl,L,0-30,0,
FR05,C1,Bl,L,31-130,0,
FR05,C1,Bl,D,0-30,0,
FR05,C1,Bl,D,31-130,0,
FR05,C1,Ac,L,0-30,0,
FR05,C1,Ac,L,31-130,0,
FR05,C1,Ac,D,0-30,0,
FR05,C1,Ac,D,31-130,0,
FR05,C1,Fd,L,0-30,0,
FR05,C1,Fd,L,31-130,0,
FR05,C1,Fd,D,0-30,0,
FR05,C1,Fd,D,31-130,0,
FR05,C1,Ep,L,0-30,0,
FR05,C1,Ep,L,31-130,0,
FR05,C1,Ep,D,0-30,0,
FR05,C1,Ep,D,31-130,0,
FR05,C1,Lw,L,0-30,0,
FR05,C1,Lw,L,31-130,0,
FR05,C1,Lw,D,0-30,0,
FR05,C1,Lw,D,31-130,0,
FR06,A1,Pl,L,0-30,2,
FR06,A1,Pl,L,31-130,15,
FR06,A1,Pl,D,0-30,0,
FR06,A1,Pl,D,31-130,0,
FR06,A1,Sx,L,0-30,3,
FR06,A1,Sx,L,31-130,4,
FR06,A1,Sx,D,0-30,0,
FR06,A1,Sx,D,31-130,0,
FR06,A1,At,L,0-30,0,
FR06,A1,At,L,31-130,0,
FR06,A1,At,D,0-30,0,
FR06,A1,At,D,31-130,0,
FR06,A1,Bl,L,0-30,0,
FR06,A1,Bl,L,31-130,0,
FR06,A1,Bl,D,0-30,0,
FR06,A1,Bl,D,31-130,0,
FR06,A1,Ac,L,0-30,0,
FR06,A1,Ac,L,31-130,0,
FR06,A1,Ac,D,0-30,0,
FR06,A1,Ac,D,31-130,0,
FR06,A1,Fd,L,0-30,0,
FR06,A1,Fd,L,31-130,0,
FR06,A1,Fd,D,0-30,0,
FR06,A1,Fd,D,31-130,0,
FR06,A1,Ep,L,0-30,0,
FR06,A1,Ep,L,31-130,0,
FR06,A1,Ep,D,0-30,0,
FR06,A1,Ep,D,31-130,0,
FR06,A1,Lw,L,0-30,0,
FR06,A1,Lw,L,31-130,0,
FR06,A1,Lw,D,0-30,0,
FR06,A1,Lw,D,31-130,0,
FR06,C1,Pl,L,0-30,0,
FR06,C1,Pl,L,31-130,7,
FR06,C1,Pl,D,0-30,0,
FR06,C1,Pl,D,31-130,0,
FR06,C1,Sx,L,0-30,0,
FR06,C1,Sx,L,31-130,1,
FR06,C1,Sx,D,0-30,0,
FR06,C1,Sx,D,31-130,0,
FR06,C1,At,L,0-30,0,
FR06,C1,At,L,31-130,0,
FR06,C1,At,D,0-30,0,
FR06,C1,At,D,31-130,0,
FR06,C1,Bl,L,0-30,0,
FR06,C1,Bl,L,31-130,0,
FR06,C1,Bl,D,0-30,0,
FR06,C1,Bl,D,31-130,0,
FR06,C1,Ac,L,0-30,0,
FR06,C1,Ac,L,31-130,0,
FR06,C1,Ac,D,0-30,0,
FR06,C1,Ac,D,31-130,0,
FR06,C1,Fd,L,0-30,0,
FR06,C1,Fd,L,31-130,0,
FR06,C1,Fd,D,0-30,0,
FR06,C1,Fd,D,31-130,0,
FR06,C1,Ep,L,0-30,0,
FR06,C1,Ep,L,31-130,0,
FR06,C1,Ep,D,0-30,0,
FR06,C1,Ep,D,31-130,0,
FR06,C1,Lw,L,0-30,0,
FR06,C1,Lw,L,31-130,0,
FR06,C1,Lw,D,0-30,0,
FR06,C1,Lw,D,31-130,0,
FR06,C2,Pl,L,0-30,1,
FR06,C2,Pl,L,31-130,0,
FR06,C2,Pl,D,0-30,0,
FR06,C2,Pl,D,31-130,0,
FR06,C2,Sx,L,0-30,1,
FR06,C2,Sx,L,31-130,9,
FR06,C2,Sx,D,0-30,0,
FR06,C2,Sx,D,31-130,0,
FR06,C2,At,L,0-30,0,
FR06,C2,At,L,31-130,0,
FR06,C2,At,D,0-30,0,
FR06,C2,At,D,31-130,0,
FR06,C2,Bl,L,0-30,0,
FR06,C2,Bl,L,31-130,0,
FR06,C2,Bl,D,0-30,0,
FR06,C2,Bl,D,31-130,0,
FR06,C2,Ac,L,0-30,0,
FR06,C2,Ac,L,31-130,0,
FR06,C2,Ac,D,0-30,0,
FR06,C2,Ac,D,31-130,0,
FR06,C2,Fd,L,0-30,0,
FR06,C2,Fd,L,31-130,0,
FR06,C2,Fd,D,0-30,0,
FR06,C2,Fd,D,31-130,0,
FR06,C2,Ep,L,0-30,0,
FR06,C2,Ep,L,31-130,0,
FR06,C2,Ep,D,0-30,0,
FR06,C2,Ep,D,31-130,0,
FR06,C2,Lw,L,0-30,0,
FR06,C2,Lw,L,31-130,0,
FR06,C2,Lw,D,0-30,0,
FR06,C2,Lw,D,31-130,0,
FR07,A1,Pl,L,0-30,4,
FR07,A1,Pl,L,31-130,50,
FR07,A1,Pl,D,0-30,0,
FR07,A1,Pl,D,31-130,0,
FR07,A1,Sx,L,0-30,0,
FR07,A1,Sx,L,31-130,0,
FR07,A1,Sx,D,0-30,0,
FR07,A1,Sx,D,31-130,0,
FR07,A1,At,L,0-30,1,
FR07,A1,At,L,31-130,2,
FR07,A1,At,D,0-30,0,
FR07,A1,At,D,31-130,0,
FR07,A1,Bl,L,0-30,0,
FR07,A1,Bl,L,31-130,0,
FR07,A1,Bl,D,0-30,0,
FR07,A1,Bl,D,31-130,0,
FR07,A1,Ac,L,0-30,0,
FR07,A1,Ac,L,31-130,0,
FR07,A1,Ac,D,0-30,0,
FR07,A1,Ac,D,31-130,0,
FR07,A1,Fd,L,0-30,0,
FR07,A1,Fd,L,31-130,0,
FR07,A1,Fd,D,0-30,0,
FR07,A1,Fd,D,31-130,0,
FR07,A1,Ep,L,0-30,0,
FR07,A1,Ep,L,31-130,0,
FR07,A1,Ep,D,0-30,0,
FR07,A1,Ep,D,31-130,0,
FR07,A1,Lw,L,0-30,0,
FR07,A1,Lw,L,31-130,0,
FR07,A1,Lw,D,0-30,0,
FR07,A1,Lw,D,31-130,0,
FR07,C1,Pl,L,0-30,2,
FR07,C1,Pl,L,31-130,15,
FR07,C1,Pl,D,0-30,0,
FR07,C1,Pl,D,31-130,0,
FR07,C1,Sx,L,0-30,0,
FR07,C1,Sx,L,31-130,0,
FR07,C1,Sx,D,0-30,0,
FR07,C1,Sx,D,31-130,0,
FR07,C1,At,L,0-30,0,
FR07,C1,At,L,31-130,0,
FR07,C1,At,D,0-30,0,
FR07,C1,At,D,31-130,0,
FR07,C1,Bl,L,0-30,0,
FR07,C1,Bl,L,31-130,0,
FR07,C1,Bl,D,0-30,0,
FR07,C1,Bl,D,31-130,0,
FR07,C1,Ac,L,0-30,0,
FR07,C1,Ac,L,31-130,0,
FR07,C1,Ac,D,0-30,0,
FR07,C1,Ac,D,31-130,0,
FR07,C1,Fd,L,0-30,0,
FR07,C1,Fd,L,31-130,0,
FR07,C1,Fd,D,0-30,0,
FR07,C1,Fd,D,31-130,0,
FR07,C1,Ep,L,0-30,0,
FR07,C1,Ep,L,31-130,0,
FR07,C1,Ep,D,0-30,0,
FR07,C1,Ep,D,31-130,0,
FR07,C1,Lw,L,0-30,0,
FR07,C1,Lw,L,31-130,0,
FR07,C1,Lw,D,0-30,0,
FR07,C1,Lw,D,31-130,0,
FR08,A1,Pl,L,0-30,0,
FR08,A1,Pl,L,31-130,0,
FR08,A1,Pl,D,0-30,0,
FR08,A1,Pl,D,31-130,0,
FR08,A1,Sx,L,0-30,1,
FR08,A1,Sx,L,31-130,2,
FR08,A1,Sx,D,0-30,1,
FR08,A1,Sx,D,31-130,4,
FR08,A1,At,L,0-30,0,
FR08,A1,At,L,31-130,0,
FR08,A1,At,D,0-30,0,
FR08,A1,At,D,31-130,0,
FR08,A1,Bl,L,0-30,4,
FR08,A1,Bl,L,31-130,3,
FR08,A1,Bl,D,0-30,0,
FR08,A1,Bl,D,31-130,0,
FR08,A1,Ac,L,0-30,0,
FR08,A1,Ac,L,31-130,0,
FR08,A1,Ac,D,0-30,0,
FR08,A1,Ac,D,31-130,0,
FR08,A1,Fd,L,0-30,0,
FR08,A1,Fd,L,31-130,0,
FR08,A1,Fd,D,0-30,0,
FR08,A1,Fd,D,31-130,0,
FR08,A1,Ep,L,0-30,0,
FR08,A1,Ep,L,31-130,0,
FR08,A1,Ep,D,0-30,0,
FR08,A1,Ep,D,31-130,0,
FR08,A1,Lw,L,0-30,0,
FR08,A1,Lw,L,31-130,0,
FR08,A1,Lw,D,0-30,0,
FR08,A1,Lw,D,31-130,0,
FR08,C1,Pl,L,0-30,0,
FR08,C1,Pl,L,31-130,0,
FR08,C1,Pl,D,0-30,0,
FR08,C1,Pl,D,31-130,0,
FR08,C1,Sx,L,0-30,0,
FR08,C1,Sx,L,31-130,0,
FR08,C1,Sx,D,0-30,1,
FR08,C1,Sx,D,31-130,3,
FR08,C1,At,L,0-30,0,
FR08,C1,At,L,31-130,0,
FR08,C1,At,D,0-30,0,
FR08,C1,At,D,31-130,0,
FR08,C1,Bl,L,0-30,2,
FR08,C1,Bl,L,31-130,1,
FR08,C1,Bl,D,0-30,0,
FR08,C1,Bl,D,31-130,0,
FR08,C1,Ac,L,0-30,0,
FR08,C1,Ac,L,31-130,0,
FR08,C1,Ac,D,0-30,0,
FR08,C1,Ac,D,31-130,0,
FR08,C1,Fd,L,0-30,0,
FR08,C1,Fd,L,31-130,0,
FR08,C1,Fd,D,0-30,0,
FR08,C1,Fd,D,31-130,0,
FR08,C1,Ep,L,0-30,0,
FR08,C1,Ep,L,31-130,0,
FR08,C1,Ep,D,0-30,0,
FR08,C1,Ep,D,31-130,0,
FR08,C1,Lw,L,0-30,0,
FR08,C1,Lw,L,31-130,0,
FR08,C1,Lw,D,0-30,0,
FR08,C1,Lw,D,31-130,0,
FR08,C2,Pl,L,0-30,0,
FR08,C2,Pl,L,31-130,0,
FR08,C2,Pl,D,0-30,0,
FR08,C2,Pl,D,31-130,0,
FR08,C2,Sx,L,0-30,1,
FR08,C2,Sx,L,31-130,0,
FR08,C2,Sx,D,0-30,0,
FR08,C2,Sx,D,31-130,0,
FR08,C2,At,L,0-30,0,
FR08,C2,At,L,31-130,0,
FR08,C2,At,D,0-30,0,
FR08,C2,At,D,31-130,0,
FR08,C2,Bl,L,0-30,0,
FR08,C2,Bl,L,31-130,3,
FR08,C2,Bl,D,0-30,0,
FR08,C2,Bl,D,31-130,0,
FR08,C2,Ac,L,0-30,0,
FR08,C2,Ac,L,31-130,0,
FR08,C2,Ac,D,0-30,0,
FR08,C2,Ac,D,31-130,0,
FR08,C2,Fd,L,0-30,0,
FR08,C2,Fd,L,31-130,0,
FR08,C2,Fd,D,0-30,0,
FR08,C2,Fd,D,31-130,0,
FR08,C2,Ep,L,0-30,0,
FR08,C2,Ep,L,31-130,0,
FR08,C2,Ep,D,0-30,0,
FR08,C2,Ep,D,31-130,0,
FR08,C2,Lw,L,0-30,0,
FR08,C2,Lw,L,31-130,0,
FR08,C2,Lw,D,0-30,0,
FR08,C2,Lw,D,31-130,0,
FR09,A1,Pl,L,0-30,0,
FR09,A1,Pl,L,31-130,12,
FR09,A1,Pl,D,0-30,0,
FR09,A1,Pl,D,31-130,0,
FR09,A1,Sx,L,0-30,3,
FR09,A1,Sx,L,31-130,4,
FR09,A1,Sx,D,0-30,0,
FR09,A1,Sx,D,31-130,5,
FR09,A1,At,L,0-30,1,
FR09,A1,At,L,31-130,0,
FR09,A1,At,D,0-30,0,
FR09,A1,At,D,31-130,0,
FR09,A1,Bl,L,0-30,0,
FR09,A1,Bl,L,31-130,0,
FR09,A1,Bl,D,0-30,0,
FR09,A1,Bl,D,31-130,0,
FR09,A1,Ac,L,0-30,0,
FR09,A1,Ac,L,31-130,0,
FR09,A1,Ac,D,0-30,0,
FR09,A1,Ac,D,31-130,0,
FR09,A1,Fd,L,0-30,0,
FR09,A1,Fd,L,31-130,0,
FR09,A1,Fd,D,0-30,0,
FR09,A1,Fd,D,31-130,0,
FR09,A1,Ep,L,0-30,0,
FR09,A1,Ep,L,31-130,0,
FR09,A1,Ep,D,0-30,0,
FR09,A1,Ep,D,31-130,0,
FR09,A1,Lw,L,0-30,0,
FR09,A1,Lw,L,31-130,1,
FR09,A1,Lw,D,0-30,0,
FR09,A1,Lw,D,31-130,0,
FR09,C1,Pl,L,0-30,0,
FR09,C1,Pl,L,31-130,3,
FR09,C1,Pl,D,0-30,0,
FR09,C1,Pl,D,31-130,0,
FR09,C1,Sx,L,0-30,1,
FR09,C1,Sx,L,31-130,3,
FR09,C1,Sx,D,0-30,0,
FR09,C1,Sx,D,31-130,0,
FR09,C1,At,L,0-30,0,
FR09,C1,At,L,31-130,0,
FR09,C1,At,D,0-30,0,
FR09,C1,At,D,31-130,0,
FR09,C1,Bl,L,0-30,0,
FR09,C1,Bl,L,31-130,0,
FR09,C1,Bl,D,0-30,0,
FR09,C1,Bl,D,31-130,0,
FR09,C1,Ac,L,0-30,0,
FR09,C1,Ac,L,31-130,0,
FR09,C1,Ac,D,0-30,0,
FR09,C1,Ac,D,31-130,0,
FR09,C1,Fd,L,0-30,0,
FR09,C1,Fd,L,31-130,0,
FR09,C1,Fd,D,0-30,0,
FR09,C1,Fd,D,31-130,0,
FR09,C1,Ep,L,0-30,0,
FR09,C1,Ep,L,31-130,0,
FR09,C1,Ep,D,0-30,0,
FR09,C1,Ep,D,31-130,0,
FR09,C1,Lw,L,0-30,1,
FR09,C1,Lw,L,31-130,2,
FR09,C1,Lw,D,0-30,0,
FR09,C1,Lw,D,31-130,0,
FR09,C2,Pl,L,0-30,0,
FR09,C2,Pl,L,31-130,5,
FR09,C2,Pl,D,0-30,0,
FR09,C2,Pl,D,31-130,0,
FR09,C2,Sx,L,0-30,2,
FR09,C2,Sx,L,31-130,4,
FR09,C2,Sx,D,0-30,0,
FR09,C2,Sx,D,31-130,0,
FR09,C2,At,L,0-30,0,
FR09,C2,At,L,31-130,0,
FR09,C2,At,D,0-30,0,
FR09,C2,At,D,31-130,0,
FR09,C2,Bl,L,0-30,0,
FR09,C2,Bl,L,31-130,0,
FR09,C2,Bl,D,0-30,0,
FR09,C2,Bl,D,31-130,0,
FR09,C2,Ac,L,0-30,0,
FR09,C2,Ac,L,31-130,1,
FR09,C2,Ac,D,0-30,0,
FR09,C2,Ac,D,31-130,0,
FR09,C2,Fd,L,0-30,0,
FR09,C2,Fd,L,31-130,0,
FR09,C2,Fd,D,0-30,0,
FR09,C2,Fd,D,31-130,0,
FR09,C2,Ep,L,0-30,0,
FR09,C2,Ep,L,31-130,0,
FR09,C2,Ep,D,0-30,0,
FR09,C2,Ep,D,31-130,0,
FR09,C2,Lw,L,0-30,0,
FR09,C2,Lw,L,31-130,2,
FR09,C2,Lw,D,0-30,0,
FR09,C2,Lw,D,31-130,0,
FR10,A1,Pl,L,0-30,0,
FR10,A1,Pl,L,31-130,0,
FR10,A1,Pl,D,0-30,0,
FR10,A1,Pl,D,31-130,0,
FR10,A1,Sx,L,0-30,0,
FR10,A1,Sx,L,31-130,0,
FR10,A1,Sx,D,0-30,0,
FR10,A1,Sx,D,31-130,0,
FR10,A1,At,L,0-30,2,
FR10,A1,At,L,31-130,1,
FR10,A1,At,D,0-30,0,
FR10,A1,At,D,31-130,0,
FR10,A1,Bl,L,0-30,0,
FR10,A1,Bl,L,31-130,0,
FR10,A1,Bl,D,0-30,0,
FR10,A1,Bl,D,31-130,0,
FR10,A1,Ac,L,0-30,0,
FR10,A1,Ac,L,31-130,0,
FR10,A1,Ac,D,0-30,0,
FR10,A1,Ac,D,31-130,0,
FR10,A1,Fd,L,0-30,0,
FR10,A1,Fd,L,31-130,0,
FR10,A1,Fd,D,0-30,0,
FR10,A1,Fd,D,31-130,0,
FR10,A1,Ep,L,0-30,0,
FR10,A1,Ep,L,31-130,0,
FR10,A1,Ep,D,0-30,0,
FR10,A1,Ep,D,31-130,0,
FR10,A1,Lw,L,0-30,0,
FR10,A1,Lw,L,31-130,0,
FR10,A1,Lw,D,0-30,0,
FR10,A1,Lw,D,31-130,0,
FR10,C1,Pl,L,0-30,0,
FR10,C1,Pl,L,31-130,0,
FR10,C1,Pl,D,0-30,0,
FR10,C1,Pl,D,31-130,0,
FR10,C1,Sx,L,0-30,0,
FR10,C1,Sx,L,31-130,0,
FR10,C1,Sx,D,0-30,0,
FR10,C1,Sx,D,31-130,0,
FR10,C1,At,L,0-30,0,
FR10,C1,At,L,31-130,0,
FR10,C1,At,D,0-30,0,
FR10,C1,At,D,31-130,0,
FR10,C1,Bl,L,0-30,0,
FR10,C1,Bl,L,31-130,0,
FR10,C1,Bl,D,0-30,0,
FR10,C1,Bl,D,31-130,0,
FR10,C1,Ac,L,0-30,0,
FR10,C1,Ac,L,31-130,0,
FR10,C1,Ac,D,0-30,0,
FR10,C1,Ac,D,31-130,0,
FR10,C1,Fd,L,0-30,0,
FR10,C1,Fd,L,31-130,0,
FR10,C1,Fd,D,0-30,0,
FR10,C1,Fd,D,31-130,0,
FR10,C1,Ep,L,0-30,0,
FR10,C1,Ep,L,31-130,0,
FR10,C1,Ep,D,0-30,0,
FR10,C1,Ep,D,31-130,0,
FR10,C1,Lw,L,0-30,0,
FR10,C1,Lw,L,31-130,0,
FR10,C1,Lw,D,0-30,0,
FR10,C1,Lw,D,31-130,0,
FR10,C2,Pl,L,0-30,0,
FR10,C2,Pl,L,31-130,0,
FR10,C2,Pl,D,0-30,0,
FR10,C2,Pl,D,31-130,0,
FR10,C2,Sx,L,0-30,0,
FR10,C2,Sx,L,31-130,0,
FR10,C2,Sx,D,0-30,0,
FR10,C2,Sx,D,31-130,0,
FR10,C2,At,L,0-30,0,
FR10,C2,At,L,31-130,0,
FR10,C2,At,D,0-30,0,
FR10,C2,At,D,31-130,0,
FR10,C2,Bl,L,0-30,0,
FR10,C2,Bl,L,31-130,0,
FR10,C2,Bl,D,0-30,0,
FR10,C2,Bl,D,31-130,0,
FR10,C2,Ac,L,0-30,0,
FR10,C2,Ac,L,31-130,0,
FR10,C2,Ac,D,0-30,0,
FR10,C2,Ac,D,31-130,0,
FR10,C2,Fd,L,0-30,0,
FR10,C2,Fd,L,31-130,0,
FR10,C2,Fd,D,0-30,0,
FR10,C2,Fd,D,31-130,0,
FR10,C2,Ep,L,0-30,0,
FR10,C2,Ep,L,31-130,0,
FR10,C2,Ep,D,0-30,0,
FR10,C2,Ep,D,31-130,0,
FR10,C2,Lw,L,0-30,0,
FR10,C2,Lw,L,31-130,0,
FR10,C2,Lw,D,0-30,0,
FR10,C2,Lw,D,31-130,0,
FR10,C3,Pl,L,0-30,0,
FR10,C3,Pl,L,31-130,0,
FR10,C3,Pl,D,0-30,0,
FR10,C3,Pl,D,31-130,0,
FR10,C3,Sx,L,0-30,0,
FR10,C3,Sx,L,31-130,0,
FR10,C3,Sx,D,0-30,0,
FR10,C3,Sx,D,31-130,0,
FR10,C3,At,L,0-30,0,
FR10,C3,At,L,31-130,0,
FR10,C3,At,D,0-30,0,
FR10,C3,At,D,31-130,0,
FR10,C3,Bl,L,0-30,0,
FR10,C3,Bl,L,31-130,0,
FR10,C3,Bl,D,0-30,0,
FR10,C3,Bl,D,31-130,0,
FR10,C3,Ac,L,0-30,0,
FR10,C3,Ac,L,31-130,1,
FR10,C3,Ac,D,0-30,0,
FR10,C3,Ac,D,31-130,0,
FR10,C3,Fd,L,0-30,0,
FR10,C3,Fd,L,31-130,0,
FR10,C3,Fd,D,0-30,0,
FR10,C3,Fd,D,31-130,0,
FR10,C3,Ep,L,0-30,0,
FR10,C3,Ep,L,31-130,0,
FR10,C3,Ep,D,0-30,0,
FR10,C3,Ep,D,31-130,0,
FR10,C3,Lw,L,0-30,0,
FR10,C3,Lw,L,31-130,0,
FR10,C3,Lw,D,0-30,0,
FR10,C3,Lw,D,31-130,0,
FR11,A1,Pl,L,0-30,2,
FR11,A1,Pl,L,31-130,3,
FR11,A1,Pl,D,0-30,0,
FR11,A1,Pl,D,31-130,0,
FR11,A1,Sx,L,0-30,0,
FR11,A1,Sx,L,31-130,0,
FR11,A1,Sx,D,0-30,0,
FR11,A1,Sx,D,31-130,0,
FR11,A1,At,L,0-30,0,
FR11,A1,At,L,31-130,0,
FR11,A1,At,D,0-30,0,
FR11,A1,At,D,31-130,0,
FR11,A1,Bl,L,0-30,2,
FR11,A1,Bl,L,31-130,0,
FR11,A1,Bl,D,0-30,0,
FR11,A1,Bl,D,31-130,0,
FR11,A1,Ac,L,0-30,0,
FR11,A1,Ac,L,31-130,0,
FR11,A1,Ac,D,0-30,0,
FR11,A1,Ac,D,31-130,0,
FR11,A1,Fd,L,0-30,0,
FR11,A1,Fd,L,31-130,0,
FR11,A1,Fd,D,0-30,0,
FR11,A1,Fd,D,31-130,0,
FR11,A1,Ep,L,0-30,0,
FR11,A1,Ep,L,31-130,0,
FR11,A1,Ep,D,0-30,0,
FR11,A1,Ep,D,31-130,0,
FR11,A1,Lw,L,0-30,0,
FR11,A1,Lw,L,31-130,0,
FR11,A1,Lw,D,0-30,0,
FR11,A1,Lw,D,31-130,0,
FR11,C1,Pl,L,0-30,0,
FR11,C1,Pl,L,31-130,1,
FR11,C1,Pl,D,0-30,0,
FR11,C1,Pl,D,31-130,0,
FR11,C1,Sx,L,0-30,0,
FR11,C1,Sx,L,31-130,0,
FR11,C1,Sx,D,0-30,0,
FR11,C1,Sx,D,31-130,0,
FR11,C1,At,L,0-30,5,
FR11,C1,At,L,31-130,14,
FR11,C1,At,D,0-30,0,
FR11,C1,At,D,31-130,0,
FR11,C1,Bl,L,0-30,0,
FR11,C1,Bl,L,31-130,0,
FR11,C1,Bl,D,0-30,0,
FR11,C1,Bl,D,31-130,0,
FR11,C1,Ac,L,0-30,0,
FR11,C1,Ac,L,31-130,0,
FR11,C1,Ac,D,0-30,0,
FR11,C1,Ac,D,31-130,0,
FR11,C1,Fd,L,0-30,0,
FR11,C1,Fd,L,31-130,0,
FR11,C1,Fd,D,0-30,0,
FR11,C1,Fd,D,31-130,0,
FR11,C1,Ep,L,0-30,0,
FR11,C1,Ep,L,31-130,0,
FR11,C1,Ep,D,0-30,0,
FR11,C1,Ep,D,31-130,0,
FR11,C1,Lw,L,0-30,0,
FR11,C1,Lw,L,31-130,0,
FR11,C1,Lw,D,0-30,0,
FR11,C1,Lw,D,31-130,0,
FR12,A1,Pl,L,0-30,1,
FR12,A1,Pl,L,31-130,0,
FR12,A1,Pl,D,0-30,0,
FR12,A1,Pl,D,31-130,0,
FR12,A1,Sx,L,0-30,1,
FR12,A1,Sx,L,31-130,1,
FR12,A1,Sx,D,0-30,0,
FR12,A1,Sx,D,31-130,0,
FR12,A1,At,L,0-30,0,
FR12,A1,At,L,31-130,0,
FR12,A1,At,D,0-30,0,
FR12,A1,At,D,31-130,0,
FR12,A1,Bl,L,0-30,3,
FR12,A1,Bl,L,31-130,1,
FR12,A1,Bl,D,0-30,0,
FR12,A1,Bl,D,31-130,0,
FR12,A1,Ac,L,0-30,0,
FR12,A1,Ac,L,31-130,0,
FR12,A1,Ac,D,0-30,0,
FR12,A1,Ac,D,31-130,0,
FR12,A1,Fd,L,0-30,0,
FR12,A1,Fd,L,31-130,0,
FR12,A1,Fd,D,0-30,0,
FR12,A1,Fd,D,31-130,0,
FR12,A1,Ep,L,0-30,0,
FR12,A1,Ep,L,31-130,0,
FR12,A1,Ep,D,0-30,0,
FR12,A1,Ep,D,31-130,0,
FR12,A1,Lw,L,0-30,0,
FR12,A1,Lw,L,31-130,0,
FR12,A1,Lw,D,0-30,0,
FR12,A1,Lw,D,31-130,0,
FR12,A1,UC,D,31-130,1,
FR12,C1,Pl,L,0-30,0,
FR12,C1,Pl,L,31-130,0,
FR12,C1,Pl,D,0-30,0,
FR12,C1,Pl,D,31-130,0,
FR12,C1,Sx,L,0-30,0,
FR12,C1,Sx,L,31-130,1,
FR12,C1,Sx,D,0-30,0,
FR12,C1,Sx,D,31-130,0,
FR12,C1,At,L,0-30,0,
FR12,C1,At,L,31-130,0,
FR12,C1,At,D,0-30,0,
FR12,C1,At,D,31-130,0,
FR12,C1,Bl,L,0-30,0,
FR12,C1,Bl,L,31-130,0,
FR12,C1,Bl,D,0-30,0,
FR12,C1,Bl,D,31-130,0,
FR12,C1,Ac,L,0-30,0,
FR12,C1,Ac,L,31-130,0,
FR12,C1,Ac,D,0-30,0,
FR12,C1,Ac,D,31-130,0,
FR12,C1,Fd,L,0-30,0,
FR12,C1,Fd,L,31-130,0,
FR12,C1,Fd,D,0-30,0,
FR12,C1,Fd,D,31-130,0,
FR12,C1,Ep,L,0-30,0,
FR12,C1,Ep,L,31-130,0,
FR12,C1,Ep,D,0-30,0,
FR12,C1,Ep,D,31-130,0,
FR12,C1,Lw,L,0-30,0,
FR12,C1,Lw,L,31-130,0,
FR12,C1,Lw,D,0-30,0,
FR12,C1,Lw,D,31-130,0,
FR12,C2,Pl,L,0-30,0,
FR12,C2,Pl,L,31-130,0,
FR12,C2,Pl,D,0-30,0,
FR12,C2,Pl,D,31-130,0,
FR12,C2,Sx,L,0-30,0,
FR12,C2,Sx,L,31-130,0,
FR12,C2,Sx,D,0-30,0,
FR12,C2,Sx,D,31-130,0,
FR12,C2,At,L,0-30,0,
FR12,C2,At,L,31-130,0,
FR12,C2,At,D,0-30,0,
FR12,C2,At,D,31-130,0,
FR12,C2,Bl,L,0-30,2,
FR12,C2,Bl,L,31-130,0,
FR12,C2,Bl,D,0-30,0,
FR12,C2,Bl,D,31-130,0,
FR12,C2,Ac,L,0-30,0,
FR12,C2,Ac,L,31-130,0,
FR12,C2,Ac,D,0-30,0,
FR12,C2,Ac,D,31-130,0,
FR12,C2,Fd,L,0-30,0,
FR12,C2,Fd,L,31-130,0,
FR12,C2,Fd,D,0-30,0,
FR12,C2,Fd,D,31-130,0,
FR12,C2,Ep,L,0-30,0,
FR12,C2,Ep,L,31-130,0,
FR12,C2,Ep,D,0-30,0,
FR12,C2,Ep,D,31-130,0,
FR12,C2,Lw,L,0-30,0,
FR12,C2,Lw,L,31-130,0,
FR12,C2,Lw,D,0-30,0,
FR12,C2,Lw,D,31-130,0,
FR12,C2,UC,D,31-130,2,
FR12,C3,Pl,L,0-30,0,
FR12,C3,Pl,L,31-130,0,
FR12,C3,Pl,D,0-30,0,
FR12,C3,Pl,D,31-130,0,
FR12,C3,Sx,L,0-30,0,
FR12,C3,Sx,L,31-130,0,
FR12,C3,Sx,D,0-30,0,
FR12,C3,Sx,D,31-130,0,
FR12,C3,At,L,0-30,0,
FR12,C3,At,L,31-130,0,
FR12,C3,At,D,0-30,0,
FR12,C3,At,D,31-130,0,
FR12,C3,Bl,L,0-30,1,
FR12,C3,Bl,L,31-130,0,
FR12,C3,Bl,D,0-30,0,
FR12,C3,Bl,D,31-130,0,
FR12,C3,Ac,L,0-30,0,
FR12,C3,Ac,L,31-130,0,
FR12,C3,Ac,D,0-30,0,
FR12,C3,Ac,D,31-130,0,
FR12,C3,Fd,L,0-30,0,
FR12,C3,Fd,L,31-130,0,
FR12,C3,Fd,D,0-30,0,
FR12,C3,Fd,D,31-130,0,
FR12,C3,Ep,L,0-30,0,
FR12,C3,Ep,L,31-130,0,
FR12,C3,Ep,D,0-30,0,
FR12,C3,Ep,D,31-130,0,
FR12,C3,Lw,L,0-30,0,
FR12,C3,Lw,L,31-130,0,
FR12,C3,Lw,D,0-30,0,
FR12,C3,Lw,D,31-130,0,
FR13,A1,Pl,L,0-30,0,
FR13,A1,Pl,L,31-130,0,
FR13,A1,Pl,D,0-30,1,
FR13,A1,Pl,D,31-130,0,
FR13,A1,Sx,L,0-30,0,
FR13,A1,Sx,L,31-130,6,
FR13,A1,Sx,D,0-30,1,
FR13,A1,Sx,D,31-130,0,
FR13,A1,At,L,0-30,0,
FR13,A1,At,L,31-130,0,
FR13,A1,At,D,0-30,0,
FR13,A1,At,D,31-130,3,
FR13,A1,Bl,L,0-30,4,
FR13,A1,Bl,L,31-130,1,
FR13,A1,Bl,D,0-30,0,
FR13,A1,Bl,D,31-130,0,
FR13,A1,Ac,L,0-30,0,
FR13,A1,Ac,L,31-130,0,
FR13,A1,Ac,D,0-30,0,
FR13,A1,Ac,D,31-130,0,
FR13,A1,Fd,L,0-30,0,
FR13,A1,Fd,L,31-130,1,
FR13,A1,Fd,D,0-30,1,
FR13,A1,Fd,D,31-130,0,
FR13,A1,Ep,L,0-30,0,
FR13,A1,Ep,L,31-130,0,
FR13,A1,Ep,D,0-30,0,
FR13,A1,Ep,D,31-130,0,
FR13,A1,Lw,L,0-30,0,
FR13,A1,Lw,L,31-130,0,
FR13,A1,Lw,D,0-30,0,
FR13,A1,Lw,D,31-130,0,
FR13,C1,Pl,L,0-30,0,
FR13,C1,Pl,L,31-130,0,
FR13,C1,Pl,D,0-30,0,
FR13,C1,Pl,D,31-130,0,
FR13,C1,Sx,L,0-30,0,
FR13,C1,Sx,L,31-130,3,
FR13,C1,Sx,D,0-30,0,
FR13,C1,Sx,D,31-130,0,
FR13,C1,At,L,0-30,0,
FR13,C1,At,L,31-130,1,
FR13,C1,At,D,0-30,0,
FR13,C1,At,D,31-130,0,
FR13,C1,Bl,L,0-30,2,
FR13,C1,Bl,L,31-130,1,
FR13,C1,Bl,D,0-30,0,
FR13,C1,Bl,D,31-130,0,
FR13,C1,Ac,L,0-30,0,
FR13,C1,Ac,L,31-130,1,
FR13,C1,Ac,D,0-30,0,
FR13,C1,Ac,D,31-130,0,
FR13,C1,Fd,L,0-30,0,
FR13,C1,Fd,L,31-130,0,
FR13,C1,Fd,D,0-30,0,
FR13,C1,Fd,D,31-130,0,
FR13,C1,Ep,L,0-30,0,
FR13,C1,Ep,L,31-130,0,
FR13,C1,Ep,D,0-30,0,
FR13,C1,Ep,D,31-130,0,
FR13,C1,Lw,L,0-30,0,
FR13,C1,Lw,L,31-130,0,
FR13,C1,Lw,D,0-30,0,
FR13,C1,Lw,D,31-130,0,
FR14,A1,Pl,L,0-30,0,
FR14,A1,Pl,L,31-130,0,
FR14,A1,Pl,D,0-30,0,
FR14,A1,Pl,D,31-130,0,
FR14,A1,Sx,L,0-30,0,
FR14,A1,Sx,L,31-130,0,
FR14,A1,Sx,D,0-30,0,
FR14,A1,Sx,D,31-130,0,
FR14,A1,At,L,0-30,0,
FR14,A1,At,L,31-130,0,
FR14,A1,At,D,0-30,0,
FR14,A1,At,D,31-130,0,
FR14,A1,Bl,L,0-30,26,
FR14,A1,Bl,L,31-130,0,
FR14,A1,Bl,D,0-30,0,
FR14,A1,Bl,D,31-130,0,
FR14,A1,Ac,L,0-30,0,
FR14,A1,Ac,L,31-130,0,
FR14,A1,Ac,D,0-30,0,
FR14,A1,Ac,D,31-130,0,
FR14,A1,Fd,L,0-30,0,
FR14,A1,Fd,L,31-130,0,
FR14,A1,Fd,D,0-30,0,
FR14,A1,Fd,D,31-130,0,
FR14,A1,Ep,L,0-30,0,
FR14,A1,Ep,L,31-130,0,
FR14,A1,Ep,D,0-30,0,
FR14,A1,Ep,D,31-130,0,
FR14,A1,Lw,L,0-30,0,
FR14,A1,Lw,L,31-130,0,
FR14,A1,Lw,D,0-30,0,
FR14,A1,Lw,D,31-130,0,
FR14,C1,Pl,L,0-30,0,
FR14,C1,Pl,L,31-130,0,
FR14,C1,Pl,D,0-30,0,
FR14,C1,Pl,D,31-130,0,
FR14,C1,Sx,L,0-30,0,
FR14,C1,Sx,L,31-130,0,
FR14,C1,Sx,D,0-30,0,
FR14,C1,Sx,D,31-130,0,
FR14,C1,At,L,0-30,0,
FR14,C1,At,L,31-130,0,
FR14,C1,At,D,0-30,0,
FR14,C1,At,D,31-130,0,
FR14,C1,Bl,L,0-30,14,
FR14,C1,Bl,L,31-130,0,
FR14,C1,Bl,D,0-30,0,
FR14,C1,Bl,D,31-130,0,
FR14,C1,Ac,L,0-30,0,
FR14,C1,Ac,L,31-130,0,
FR14,C1,Ac,D,0-30,0,
FR14,C1,Ac,D,31-130,0,
FR14,C1,Fd,L,0-30,0,
FR14,C1,Fd,L,31-130,0,
FR14,C1,Fd,D,0-30,0,
FR14,C1,Fd,D,31-130,0,
FR14,C1,Ep,L,0-30,0,
FR14,C1,Ep,L,31-130,0,
FR14,C1,Ep,D,0-30,0,
FR14,C1,Ep,D,31-130,0,
FR14,C1,Lw,L,0-30,0,
FR14,C1,Lw,L,31-130,0,
FR14,C1,Lw,D,0-30,0,
FR14,C1,Lw,D,31-130,0,
FR15,A1,Pl,L,0-30,0,
FR15,A1,Pl,L,31-130,0,
FR15,A1,Pl,D,0-30,0,
FR15,A1,Pl,D,31-130,0,
FR15,A1,Sx,L,0-30,0,
FR15,A1,Sx,L,31-130,0,
FR15,A1,Sx,D,0-30,0,
FR15,A1,Sx,D,31-130,0,
FR15,A1,At,L,0-30,2,
FR15,A1,At,L,31-130,9,
FR15,A1,At,D,0-30,0,
FR15,A1,At,D,31-130,0,
FR15,A1,Bl,L,0-30,0,
FR15,A1,Bl,L,31-130,2,
FR15,A1,Bl,D,0-30,0,
FR15,A1,Bl,D,31-130,0,
FR15,A1,Ac,L,0-30,0,
FR15,A1,Ac,L,31-130,0,
FR15,A1,Ac,D,0-30,0,
FR15,A1,Ac,D,31-130,0,
FR15,A1,Fd,L,0-30,0,
FR15,A1,Fd,L,31-130,0,
FR15,A1,Fd,D,0-30,0,
FR15,A1,Fd,D,31-130,0,
FR15,A1,Ep,L,0-30,0,
FR15,A1,Ep,L,31-130,0,
FR15,A1,Ep,D,0-30,0,
FR15,A1,Ep,D,31-130,0,
FR15,A1,Lw,L,0-30,0,
FR15,A1,Lw,L,31-130,0,
FR15,A1,Lw,D,0-30,0,
FR15,A1,Lw,D,31-130,0,
FR15,C1,Pl,L,0-30,0,
FR15,C1,Pl,L,31-130,0,
FR15,C1,Pl,D,0-30,0,
FR15,C1,Pl,D,31-130,0,
FR15,C1,Sx,L,0-30,0,
FR15,C1,Sx,L,31-130,1,
FR15,C1,Sx,D,0-30,0,
FR15,C1,Sx,D,31-130,0,
FR15,C1,At,L,0-30,0,
FR15,C1,At,L,31-130,0,
FR15,C1,At,D,0-30,0,
FR15,C1,At,D,31-130,0,
FR15,C1,Bl,L,0-30,0,
FR15,C1,Bl,L,31-130,3,
FR15,C1,Bl,D,0-30,0,
FR15,C1,Bl,D,31-130,0,
FR15,C1,Ac,L,0-30,0,
FR15,C1,Ac,L,31-130,0,
FR15,C1,Ac,D,0-30,0,
FR15,C1,Ac,D,31-130,0,
FR15,C1,Fd,L,0-30,0,
FR15,C1,Fd,L,31-130,0,
FR15,C1,Fd,D,0-30,0,
FR15,C1,Fd,D,31-130,0,
FR15,C1,Ep,L,0-30,0,
FR15,C1,Ep,L,31-130,0,
FR15,C1,Ep,D,0-30,0,
FR15,C1,Ep,D,31-130,0,
FR15,C1,Lw,L,0-30,0,
FR15,C1,Lw,L,31-130,0,
FR15,C1,Lw,D,0-30,0,
FR15,C1,Lw,D,31-130,0,
FR16,A1,Pl,L,0-30,0,
FR16,A1,Pl,L,31-130,0,
FR16,A1,Pl,D,0-30,0,
FR16,A1,Pl,D,31-130,0,
FR16,A1,Sx,L,0-30,1,
FR16,A1,Sx,L,31-130,0,
FR16,A1,Sx,D,0-30,0,
FR16,A1,Sx,D,31-130,0,
FR16,A1,At,L,0-30,0,
FR16,A1,At,L,31-130,0,
FR16,A1,At,D,0-30,0,
FR16,A1,At,D,31-130,0,
FR16,A1,Bl,L,0-30,3,
FR16,A1,Bl,L,31-130,1,
FR16,A1,Bl,D,0-30,0,
FR16,A1,Bl,D,31-130,0,
FR16,A1,Ac,L,0-30,0,
FR16,A1,Ac,L,31-130,0,
FR16,A1,Ac,D,0-30,0,
FR16,A1,Ac,D,31-130,0,
FR16,A1,Fd,L,0-30,0,
FR16,A1,Fd,L,31-130,0,
FR16,A1,Fd,D,0-30,0,
FR16,A1,Fd,D,31-130,0,
FR16,A1,Ep,L,0-30,0,
FR16,A1,Ep,L,31-130,0,
FR16,A1,Ep,D,0-30,0,
FR16,A1,Ep,D,31-130,0,
FR16,A1,Lw,L,0-30,0,
FR16,A1,Lw,L,31-130,0,
FR16,A1,Lw,D,0-30,0,
FR16,A1,Lw,D,31-130,0,
FR16,C1,Pl,L,0-30,0,
FR16,C1,Pl,L,31-130,0,
FR16,C1,Pl,D,0-30,0,
FR16,C1,Pl,D,31-130,0,
FR16,C1,Sx,L,0-30,0,
FR16,C1,Sx,L,31-130,2,
FR16,C1,Sx,D,0-30,0,
FR16,C1,Sx,D,31-130,0,
FR16,C1,At,L,0-30,0,
FR16,C1,At,L,31-130,0,
FR16,C1,At,D,0-30,0,
FR16,C1,At,D,31-130,0,
FR16,C1,Bl,L,0-30,0,
FR16,C1,Bl,L,31-130,0,
FR16,C1,Bl,D,0-30,0,
FR16,C1,Bl,D,31-130,0,
FR16,C1,Ac,L,0-30,0,
FR16,C1,Ac,L,31-130,0,
FR16,C1,Ac,D,0-30,0,
FR16,C1,Ac,D,31-130,0,
FR16,C1,Fd,L,0-30,0,
FR16,C1,Fd,L,31-130,0,
FR16,C1,Fd,D,0-30,0,
FR16,C1,Fd,D,31-130,0,
FR16,C1,Ep,L,0-30,0,
FR16,C1,Ep,L,31-130,0,
FR16,C1,Ep,D,0-30,0,
FR16,C1,Ep,D,31-130,0,
FR16,C1,Lw,L,0-30,0,
FR16,C1,Lw,L,31-130,0,
FR16,C1,Lw,D,0-30,0,
FR16,C1,Lw,D,31-130,0,
FR17,A1,Pl,L,0-30,0,
FR17,A1,Pl,L,31-130,0,
FR17,A1,Pl,D,0-30,0,
FR17,A1,Pl,D,31-130,0,
FR17,A1,Sx,L,0-30,0,
FR17,A1,Sx,L,31-130,1,
FR17,A1,Sx,D,0-30,0,
FR17,A1,Sx,D,31-130,1,
FR17,A1,At,L,0-30,0,
FR17,A1,At,L,31-130,0,
FR17,A1,At,D,0-30,0,
FR17,A1,At,D,31-130,0,
FR17,A1,Bl,L,0-30,0,
FR17,A1,Bl,L,31-130,0,
FR17,A1,Bl,D,0-30,0,
FR17,A1,Bl,D,31-130,0,
FR17,A1,Ac,L,0-30,0,
FR17,A1,Ac,L,31-130,0,
FR17,A1,Ac,D,0-30,0,
FR17,A1,Ac,D,31-130,0,
FR17,A1,Fd,L,0-30,0,
FR17,A1,Fd,L,31-130,0,
FR17,A1,Fd,D,0-30,0,
FR17,A1,Fd,D,31-130,0,
FR17,A1,Ep,L,0-30,0,
FR17,A1,Ep,L,31-130,0,
FR17,A1,Ep,D,0-30,0,
FR17,A1,Ep,D,31-130,0,
FR17,A1,Lw,L,0-30,0,
FR17,A1,Lw,L,31-130,0,
FR17,A1,Lw,D,0-30,0,
FR17,A1,Lw,D,31-130,0,
FR18,A1,Pl,L,0-30,0,
FR18,A1,Pl,L,31-130,1,
FR18,A1,Pl,D,0-30,0,
FR18,A1,Pl,D,31-130,0,
FR18,A1,Sx,L,0-30,155,
FR18,A1,Sx,L,31-130,48,
FR18,A1,Sx,D,0-30,0,
FR18,A1,Sx,D,31-130,0,
FR18,A1,At,L,0-30,0,
FR18,A1,At,L,31-130,1,
FR18,A1,At,D,0-30,0,
FR18,A1,At,D,31-130,1,
FR18,A1,Bl,L,0-30,18,
FR18,A1,Bl,L,31-130,15,
FR18,A1,Bl,D,0-30,0,
FR18,A1,Bl,D,31-130,0,
FR18,A1,Ac,L,0-30,0,
FR18,A1,Ac,L,31-130,0,
FR18,A1,Ac,D,0-30,0,
FR18,A1,Ac,D,31-130,0,
FR18,A1,Fd,L,0-30,0,
FR18,A1,Fd,L,31-130,0,
FR18,A1,Fd,D,0-30,0,
FR18,A1,Fd,D,31-130,0,
FR18,A1,Ep,L,0-30,0,
FR18,A1,Ep,L,31-130,0,
FR18,A1,Ep,D,0-30,0,
FR18,A1,Ep,D,31-130,0,
FR18,A1,Lw,L,0-30,0,
FR18,A1,Lw,L,31-130,0,
FR18,A1,Lw,D,0-30,0,
FR18,A1,Lw,D,31-130,0,
FR19,A1,Pl,L,0-30,0,
FR19,A1,Pl,L,31-130,0,
FR19,A1,Pl,D,0-30,0,
FR19,A1,Pl,D,31-130,5,
FR19,A1,Sx,L,0-30,0,
FR19,A1,Sx,L,31-130,1,
FR19,A1,Sx,D,0-30,0,
FR19,A1,Sx,D,31-130,0,
FR19,A1,At,L,0-30,0,
FR19,A1,At,L,31-130,0,
FR19,A1,At,D,0-30,0,
FR19,A1,At,D,31-130,1,
FR19,A1,Bl,L,0-30,0,
FR19,A1,Bl,L,31-130,0,
FR19,A1,Bl,D,0-30,0,
FR19,A1,Bl,D,31-130,0,
FR19,A1,Ac,L,0-30,0,
FR19,A1,Ac,L,31-130,0,
FR19,A1,Ac,D,0-30,0,
FR19,A1,Ac,D,31-130,0,
FR19,A1,Fd,L,0-30,0,
FR19,A1,Fd,L,31-130,0,
FR19,A1,Fd,D,0-30,0,
FR19,A1,Fd,D,31-130,0,
FR19,A1,Ep,L,0-30,0,
FR19,A1,Ep,L,31-130,0,
FR19,A1,Ep,D,0-30,0,
FR19,A1,Ep,D,31-130,0,
FR19,A1,Lw,L,0-30,0,
FR19,A1,Lw,L,31-130,0,
FR19,A1,Lw,D,0-30,0,
FR19,A1,Lw,D,31-130,0,
FR19,C1,Pl,L,0-30,1,
FR19,C1,Pl,L,31-130,0,
FR19,C1,Pl,D,0-30,0,
FR19,C1,Pl,D,31-130,0,
FR19,C1,Sx,L,0-30,0,
FR19,C1,Sx,L,31-130,0,
FR19,C1,Sx,D,0-30,0,
FR19,C1,Sx,D,31-130,0,
FR19,C1,At,L,0-30,0,
FR19,C1,At,L,31-130,0,
FR19,C1,At,D,0-30,0,
FR19,C1,At,D,31-130,0,
FR19,C1,Bl,L,0-30,0,
FR19,C1,Bl,L,31-130,0,
FR19,C1,Bl,D,0-30,0,
FR19,C1,Bl,D,31-130,0,
FR19,C1,Ac,L,0-30,0,
FR19,C1,Ac,L,31-130,0,
FR19,C1,Ac,D,0-30,0,
FR19,C1,Ac,D,31-130,0,
FR19,C1,Fd,L,0-30,0,
FR19,C1,Fd,L,31-130,0,
FR19,C1,Fd,D,0-30,0,
FR19,C1,Fd,D,31-130,0,
FR19,C1,Ep,L,0-30,0,
FR19,C1,Ep,L,31-130,0,
FR19,C1,Ep,D,0-30,0,
FR19,C1,Ep,D,31-130,0,
FR19,C1,Lw,L,0-30,0,
FR19,C1,Lw,L,31-130,0,
FR19,C1,Lw,D,0-30,0,
FR19,C1,Lw,D,31-130,0,
FR20,A1,Pl,L,0-30,0,
FR20,A1,Pl,L,31-130,0,
FR20,A1,Pl,D,0-30,0,
FR20,A1,Pl,D,31-130,0,
FR20,A1,Sx,L,0-30,0,
FR20,A1,Sx,L,31-130,0,
FR20,A1,Sx,D,0-30,0,
FR20,A1,Sx,D,31-130,0,
FR20,A1,At,L,0-30,0,
FR20,A1,At,L,31-130,3,
FR20,A1,At,D,0-30,0,
FR20,A1,At,D,31-130,0,
FR20,A1,Bl,L,0-30,0,
FR20,A1,Bl,L,31-130,1,
FR20,A1,Bl,D,0-30,0,
FR20,A1,Bl,D,31-130,0,
FR20,A1,Ac,L,0-30,0,
FR20,A1,Ac,L,31-130,0,
FR20,A1,Ac,D,0-30,0,
FR20,A1,Ac,D,31-130,0,
FR20,A1,Fd,L,0-30,0,
FR20,A1,Fd,L,31-130,0,
FR20,A1,Fd,D,0-30,0,
FR20,A1,Fd,D,31-130,0,
FR20,A1,Ep,L,0-30,0,
FR20,A1,Ep,L,31-130,0,
FR20,A1,Ep,D,0-30,0,
FR20,A1,Ep,D,31-130,0,
FR20,A1,Lw,L,0-30,0,
FR20,A1,Lw,L,31-130,0,
FR20,A1,Lw,D,0-30,0,
FR20,A1,Lw,D,31-130,0,
FR20,C1,Pl,L,0-30,0,
FR20,C1,Pl,L,31-130,0,
FR20,C1,Pl,D,0-30,0,
FR20,C1,Pl,D,31-130,0,
FR20,C1,Sx,L,0-30,0,
FR20,C1,Sx,L,31-130,0,
FR20,C1,Sx,D,0-30,0,
FR20,C1,Sx,D,31-130,0,
FR20,C1,At,L,0-30,0,
FR20,C1,At,L,31-130,0,
FR20,C1,At,D,0-30,0,
FR20,C1,At,D,31-130,0,
FR20,C1,Bl,L,0-30,0,
FR20,C1,Bl,L,31-130,0,
FR20,C1,Bl,D,0-30,0,
FR20,C1,Bl,D,31-130,0,
FR20,C1,Ac,L,0-30,0,
FR20,C1,Ac,L,31-130,0,
FR20,C1,Ac,D,0-30,0,
FR20,C1,Ac,D,31-130,0,
FR20,C1,Fd,L,0-30,0,
FR20,C1,Fd,L,31-130,0,
FR20,C1,Fd,D,0-30,0,
FR20,C1,Fd,D,31-130,0,
FR20,C1,Ep,L,0-30,0,
FR20,C1,Ep,L,31-130,0,
FR20,C1,Ep,D,0-30,0,
FR20,C1,Ep,D,31-130,0,
FR20,C1,Lw,L,0-30,0,
FR20,C1,Lw,L,31-130,0,
FR20,C1,Lw,D,0-30,0,
FR20,C1,Lw,D,31-130,0,
FR21,A1,Pl,L,0-30,1,
FR21,A1,Pl,L,31-130,1,
FR21,A1,Pl,D,0-30,0,
FR21,A1,Pl,D,31-130,0,
FR21,A1,Sx,L,0-30,1,
FR21,A1,Sx,L,31-130,8,
FR21,A1,Sx,D,0-30,0,
FR21,A1,Sx,D,31-130,0,
FR21,A1,At,L,0-30,0,
FR21,A1,At,L,31-130,0,
FR21,A1,At,D,0-30,0,
FR21,A1,At,D,31-130,0,
FR21,A1,Bl,L,0-30,4,
FR21,A1,Bl,L,31-130,0,
FR21,A1,Bl,D,0-30,0,
FR21,A1,Bl,D,31-130,0,
FR21,A1,Ac,L,0-30,1,
FR21,A1,Ac,L,31-130,0,
FR21,A1,Ac,D,0-30,0,
FR21,A1,Ac,D,31-130,0,
FR21,A1,Fd,L,0-30,0,
FR21,A1,Fd,L,31-130,0,
FR21,A1,Fd,D,0-30,0,
FR21,A1,Fd,D,31-130,0,
FR21,A1,Ep,L,0-30,0,
FR21,A1,Ep,L,31-130,0,
FR21,A1,Ep,D,0-30,0,
FR21,A1,Ep,D,31-130,0,
FR21,A1,Lw,L,0-30,0,
FR21,A1,Lw,L,31-130,1,
FR21,A1,Lw,D,0-30,0,
FR21,A1,Lw,D,31-130,0,
FR21,C1,Pl,L,0-30,0,
FR21,C1,Pl,L,31-130,1,
FR21,C1,Pl,D,0-30,0,
FR21,C1,Pl,D,31-130,0,
FR21,C1,Sx,L,0-30,0,
FR21,C1,Sx,L,31-130,2,
FR21,C1,Sx,D,0-30,0,
FR21,C1,Sx,D,31-130,0,
FR21,C1,At,L,0-30,0,
FR21,C1,At,L,31-130,0,
FR21,C1,At,D,0-30,0,
FR21,C1,At,D,31-130,0,
FR21,C1,Bl,L,0-30,0,
FR21,C1,Bl,L,31-130,0,
FR21,C1,Bl,D,0-30,0,
FR21,C1,Bl,D,31-130,0,
FR21,C1,Ac,L,0-30,0,
FR21,C1,Ac,L,31-130,0,
FR21,C1,Ac,D,0-30,0,
FR21,C1,Ac,D,31-130,0,
FR21,C1,Fd,L,0-30,0,
FR21,C1,Fd,L,31-130,0,
FR21,C1,Fd,D,0-30,0,
FR21,C1,Fd,D,31-130,0,
FR21,C1,Ep,L,0-30,0,
FR21,C1,Ep,L,31-130,0,
FR21,C1,Ep,D,0-30,0,
FR21,C1,Ep,D,31-130,0,
FR21,C1,Lw,L,0-30,0,
FR21,C1,Lw,L,31-130,0,
FR21,C1,Lw,D,0-30,0,
FR21,C1,Lw,D,31-130,0,
FR21,C2,Pl,L,0-30,0,
FR21,C2,Pl,L,31-130,0,
FR21,C2,Pl,D,0-30,0,
FR21,C2,Pl,D,31-130,0,
FR21,C2,Sx,L,0-30,1,
FR21,C2,Sx,L,31-130,4,
FR21,C2,Sx,D,0-30,0,
FR21,C2,Sx,D,31-130,0,
FR21,C2,At,L,0-30,0,
FR21,C2,At,L,31-130,0,
FR21,C2,At,D,0-30,0,
FR21,C2,At,D,31-130,0,
FR21,C2,Bl,L,0-30,1,
FR21,C2,Bl,L,31-130,0,
FR21,C2,Bl,D,0-30,0,
FR21,C2,Bl,D,31-130,0,
FR21,C2,Ac,L,0-30,0,
FR21,C2,Ac,L,31-130,1,
FR21,C2,Ac,D,0-30,0,
FR21,C2,Ac,D,31-130,0,
FR21,C2,Fd,L,0-30,0,
FR21,C2,Fd,L,31-130,0,
FR21,C2,Fd,D,0-30,0,
FR21,C2,Fd,D,31-130,0,
FR21,C2,Ep,L,0-30,0,
FR21,C2,Ep,L,31-130,0,
FR21,C2,Ep,D,0-30,0,
FR21,C2,Ep,D,31-130,0,
FR21,C2,Lw,L,0-30,0,
FR21,C2,Lw,L,31-130,0,
FR21,C2,Lw,D,0-30,0,
FR21,C2,Lw,D,31-130,0,
FR21,C3,Pl,L,0-30,0,
FR21,C3,Pl,L,31-130,0,
FR21,C3,Pl,D,0-30,0,
FR21,C3,Pl,D,31-130,0,
FR21,C3,Sx,L,0-30,0,
FR21,C3,Sx,L,31-130,5,
FR21,C3,Sx,D,0-30,0,
FR21,C3,Sx,D,31-130,0,
FR21,C3,At,L,0-30,0,
FR21,C3,At,L,31-130,0,
FR21,C3,At,D,0-30,0,
FR21,C3,At,D,31-130,0,
FR21,C3,Bl,L,0-30,0,
FR21,C3,Bl,L,31-130,0,
FR21,C3,Bl,D,0-30,0,
FR21,C3,Bl,D,31-130,0,
FR21,C3,Ac,L,0-30,0,
FR21,C3,Ac,L,31-130,0,
FR21,C3,Ac,D,0-30,0,
FR21,C3,Ac,D,31-130,0,
FR21,C3,Fd,L,0-30,0,
FR21,C3,Fd,L,31-130,0,
FR21,C3,Fd,D,0-30,0,
FR21,C3,Fd,D,31-130,0,
FR21,C3,Ep,L,0-30,0,
FR21,C3,Ep,L,31-130,0,
FR21,C3,Ep,D,0-30,0,
FR21,C3,Ep,D,31-130,0,
FR21,C3,Lw,L,0-30,0,
FR21,C3,Lw,L,31-130,0,
FR21,C3,Lw,D,0-30,0,
FR21,C3,Lw,D,31-130,0,
FR22,A1,Pl,L,0-30,10,
FR22,A1,Pl,L,31-130,23,
FR22,A1,Pl,D,0-30,0,
FR22,A1,Pl,D,31-130,18,
FR22,A1,Sx,L,0-30,3,
FR22,A1,Sx,L,31-130,3,
FR22,A1,Sx,D,0-30,0,
FR22,A1,Sx,D,31-130,0,
FR22,A1,At,L,0-30,0,
FR22,A1,At,L,31-130,0,
FR22,A1,At,D,0-30,0,
FR22,A1,At,D,31-130,0,
FR22,A1,Bl,L,0-30,1,
FR22,A1,Bl,L,31-130,1,
FR22,A1,Bl,D,0-30,0,
FR22,A1,Bl,D,31-130,0,
FR22,A1,Ac,L,0-30,0,
FR22,A1,Ac,L,31-130,4,
FR22,A1,Ac,D,0-30,0,
FR22,A1,Ac,D,31-130,0,
FR22,A1,Fd,L,0-30,0,
FR22,A1,Fd,L,31-130,0,
FR22,A1,Fd,D,0-30,0,
FR22,A1,Fd,D,31-130,0,
FR22,A1,Ep,L,0-30,0,
FR22,A1,Ep,L,31-130,0,
FR22,A1,Ep,D,0-30,0,
FR22,A1,Ep,D,31-130,0,
FR22,A1,Lw,L,0-30,0,
FR22,A1,Lw,L,31-130,0,
FR22,A1,Lw,D,0-30,0,
FR22,A1,Lw,D,31-130,0,
FR23,A1,Pl,L,0-30,0,
FR23,A1,Pl,L,31-130,0,
FR23,A1,Pl,D,0-30,0,
FR23,A1,Pl,D,31-130,0,
FR23,A1,Sx,L,0-30,0,
FR23,A1,Sx,L,31-130,0,
FR23,A1,Sx,D,0-30,0,
FR23,A1,Sx,D,31-130,1,
FR23,A1,At,L,0-30,0,
FR23,A1,At,L,31-130,0,
FR23,A1,At,D,0-30,0,
FR23,A1,At,D,31-130,0,
FR23,A1,Bl,L,0-30,4,
FR23,A1,Bl,L,31-130,2,
FR23,A1,Bl,D,0-30,0,
FR23,A1,Bl,D,31-130,0,
FR23,A1,Ac,L,0-30,0,
FR23,A1,Ac,L,31-130,0,
FR23,A1,Ac,D,0-30,0,
FR23,A1,Ac,D,31-130,0,
FR23,A1,Fd,L,0-30,0,
FR23,A1,Fd,L,31-130,0,
FR23,A1,Fd,D,0-30,0,
FR23,A1,Fd,D,31-130,0,
FR23,A1,Ep,L,0-30,0,
FR23,A1,Ep,L,31-130,0,
FR23,A1,Ep,D,0-30,0,
FR23,A1,Ep,D,31-130,0,
FR23,A1,Lw,L,0-30,0,
FR23,A1,Lw,L,31-130,0,
FR23,A1,Lw,D,0-30,0,
FR23,A1,Lw,D,31-130,0,
FR23,C1,Pl,L,0-30,0,
FR23,C1,Pl,L,31-130,0,
FR23,C1,Pl,D,0-30,0,
FR23,C1,Pl,D,31-130,0,
FR23,C1,Sx,L,0-30,0,
FR23,C1,Sx,L,31-130,0,
FR23,C1,Sx,D,0-30,0,
FR23,C1,Sx,D,31-130,0,
FR23,C1,At,L,0-30,0,
FR23,C1,At,L,31-130,0,
FR23,C1,At,D,0-30,0,
FR23,C1,At,D,31-130,0,
FR23,C1,Bl,L,0-30,0,
FR23,C1,Bl,L,31-130,0,
FR23,C1,Bl,D,0-30,0,
FR23,C1,Bl,D,31-130,0,
FR23,C1,Ac,L,0-30,0,
FR23,C1,Ac,L,31-130,0,
FR23,C1,Ac,D,0-30,0,
FR23,C1,Ac,D,31-130,0,
FR23,C1,Fd,L,0-30,0,
FR23,C1,Fd,L,31-130,0,
FR23,C1,Fd,D,0-30,0,
FR23,C1,Fd,D,31-130,0,
FR23,C1,Ep,L,0-30,0,
FR23,C1,Ep,L,31-130,0,
FR23,C1,Ep,D,0-30,0,
FR23,C1,Ep,D,31-130,0,
FR23,C1,Lw,L,0-30,0,
FR23,C1,Lw,L,31-130,0,
FR23,C1,Lw,D,0-30,0,
FR23,C1,Lw,D,31-130,0,
FR23,C2,Pl,L,0-30,0,
FR23,C2,Pl,L,31-130,0,
FR23,C2,Pl,D,0-30,0,
FR23,C2,Pl,D,31-130,0,
FR23,C2,Sx,L,0-30,0,
FR23,C2,Sx,L,31-130,2,
FR23,C2,Sx,D,0-30,0,
FR23,C2,Sx,D,31-130,0,
FR23,C2,At,L,0-30,0,
FR23,C2,At,L,31-130,0,
FR23,C2,At,D,0-30,0,
FR23,C2,At,D,31-130,0,
FR23,C2,Bl,L,0-30,1,
FR23,C2,Bl,L,31-130,2,
FR23,C2,Bl,D,0-30,0,
FR23,C2,Bl,D,31-130,0,
FR23,C2,Ac,L,0-30,0,
FR23,C2,Ac,L,31-130,0,
FR23,C2,Ac,D,0-30,0,
FR23,C2,Ac,D,31-130,0,
FR23,C2,Fd,L,0-30,0,
FR23,C2,Fd,L,31-130,0,
FR23,C2,Fd,D,0-30,0,
FR23,C2,Fd,D,31-130,0,
FR23,C2,Ep,L,0-30,0,
FR23,C2,Ep,L,31-130,0,
FR23,C2,Ep,D,0-30,0,
FR23,C2,Ep,D,31-130,0,
FR23,C2,Lw,L,0-30,0,
FR23,C2,Lw,L,31-130,0,
FR23,C2,Lw,D,0-30,0,
FR23,C2,Lw,D,31-130,0,
FR24,A1,Pl,L,0-30,0,
FR24,A1,Pl,L,31-130,1,
FR24,A1,Pl,D,0-30,0,
FR24,A1,Pl,D,31-130,0,
FR24,A1,Sx,L,0-30,0,
FR24,A1,Sx,L,31-130,0,
FR24,A1,Sx,D,0-30,0,
FR24,A1,Sx,D,31-130,0,
FR24,A1,At,L,0-30,1,
FR24,A1,At,L,31-130,25,
FR24,A1,At,D,0-30,0,
FR24,A1,At,D,31-130,0,
FR24,A1,Bl,L,0-30,0,
FR24,A1,Bl,L,31-130,0,
FR24,A1,Bl,D,0-30,0,
FR24,A1,Bl,D,31-130,0,
FR24,A1,Ac,L,0-30,0,
FR24,A1,Ac,L,31-130,0,
FR24,A1,Ac,D,0-30,0,
FR24,A1,Ac,D,31-130,0,
FR24,A1,Fd,L,0-30,0,
FR24,A1,Fd,L,31-130,0,
FR24,A1,Fd,D,0-30,0,
FR24,A1,Fd,D,31-130,0,
FR24,A1,Ep,L,0-30,0,
FR24,A1,Ep,L,31-130,0,
FR24,A1,Ep,D,0-30,0,
FR24,A1,Ep,D,31-130,0,
FR24,A1,Lw,L,0-30,0,
FR24,A1,Lw,L,31-130,0,
FR24,A1,Lw,D,0-30,0,
FR24,A1,Lw,D,31-130,0,
FR24,C1,Pl,L,0-30,0,
FR24,C1,Pl,L,31-130,0,
FR24,C1,Pl,D,0-30,0,
FR24,C1,Pl,D,31-130,0,
FR24,C1,Sx,L,0-30,0,
FR24,C1,Sx,L,31-130,4,
FR24,C1,Sx,D,0-30,0,
FR24,C1,Sx,D,31-130,0,
FR24,C1,At,L,0-30,0,
FR24,C1,At,L,31-130,3,
FR24,C1,At,D,0-30,0,
FR24,C1,At,D,31-130,1,
FR24,C1,Bl,L,0-30,0,
FR24,C1,Bl,L,31-130,0,
FR24,C1,Bl,D,0-30,0,
FR24,C1,Bl,D,31-130,0,
FR24,C1,Ac,L,0-30,0,
FR24,C1,Ac,L,31-130,0,
FR24,C1,Ac,D,0-30,0,
FR24,C1,Ac,D,31-130,0,
FR24,C1,Fd,L,0-30,0,
FR24,C1,Fd,L,31-130,0,
FR24,C1,Fd,D,0-30,0,
FR24,C1,Fd,D,31-130,0,
FR24,C1,Ep,L,0-30,0,
FR24,C1,Ep,L,31-130,0,
FR24,C1,Ep,D,0-30,0,
FR24,C1,Ep,D,31-130,0,
FR24,C1,Lw,L,0-30,0,
FR24,C1,Lw,L,31-130,0,
FR24,C1,Lw,D,0-30,0,
FR24,C1,Lw,D,31-130,0,
FR25,A1,Pl,L,0-30,0,
FR25,A1,Pl,L,31-130,1,
FR25,A1,Pl,D,0-30,0,
FR25,A1,Pl,D,31-130,0,
FR25,A1,Sx,L,0-30,0,
FR25,A1,Sx,L,31-130,0,
FR25,A1,Sx,D,0-30,0,
FR25,A1,Sx,D,31-130,0,
FR25,A1,At,L,0-30,0,
FR25,A1,At,L,31-130,0,
FR25,A1,At,D,0-30,0,
FR25,A1,At,D,31-130,0,
FR25,A1,Bl,L,0-30,0,
FR25,A1,Bl,L,31-130,0,
FR25,A1,Bl,D,0-30,0,
FR25,A1,Bl,D,31-130,0,
FR25,A1,Ac,L,0-30,0,
FR25,A1,Ac,L,31-130,0,
FR25,A1,Ac,D,0-30,0,
FR25,A1,Ac,D,31-130,0,
FR25,A1,Fd,L,0-30,0,
FR25,A1,Fd,L,31-130,0,
FR25,A1,Fd,D,0-30,0,
FR25,A1,Fd,D,31-130,0,
FR25,A1,Ep,L,0-30,0,
FR25,A1,Ep,L,31-130,0,
FR25,A1,Ep,D,0-30,0,
FR25,A1,Ep,D,31-130,0,
FR25,A1,Lw,L,0-30,0,
FR25,A1,Lw,L,31-130,0,
FR25,A1,Lw,D,0-30,0,
FR25,A1,Lw,D,31-130,0,
FR25,C1,Pl,L,0-30,0,
FR25,C1,Pl,L,31-130,0,
FR25,C1,Pl,D,0-30,0,
FR25,C1,Pl,D,31-130,0,
FR25,C1,Sx,L,0-30,0,
FR25,C1,Sx,L,31-130,0,
FR25,C1,Sx,D,0-30,0,
FR25,C1,Sx,D,31-130,0,
FR25,C1,At,L,0-30,0,
FR25,C1,At,L,31-130,3,
FR25,C1,At,D,0-30,0,
FR25,C1,At,D,31-130,1,
FR25,C1,Bl,L,0-30,0,
FR25,C1,Bl,L,31-130,0,
FR25,C1,Bl,D,0-30,0,
FR25,C1,Bl,D,31-130,0,
FR25,C1,Ac,L,0-30,0,
FR25,C1,Ac,L,31-130,0,
FR25,C1,Ac,D,0-30,0,
FR25,C1,Ac,D,31-130,0,
FR25,C1,Fd,L,0-30,0,
FR25,C1,Fd,L,31-130,0,
FR25,C1,Fd,D,0-30,0,
FR25,C1,Fd,D,31-130,0,
FR25,C1,Ep,L,0-30,0,
FR25,C1,Ep,L,31-130,0,
FR25,C1,Ep,D,0-30,0,
FR25,C1,Ep,D,31-130,0,
FR25,C1,Lw,L,0-30,0,
FR25,C1,Lw,L,31-130,0,
FR25,C1,Lw,D,0-30,0,
FR25,C1,Lw,D,31-130,0,
FR26,A1,Pl,L,0-30,124,half of A1 (has been x2 already)
FR26,A1,Pl,L,31-130,1628,half of A1 (has been x2 already)
FR26,A1,Pl,D,0-30,0,
FR26,A1,Pl,D,31-130,12,half of A1 (has been x2 already)
FR26,A1,Sx,L,0-30,100,half of A1 (has been x2 already)
FR26,A1,Sx,L,31-130,90,half of A1 (has been x2 already)
FR26,A1,Sx,D,0-30,0,
FR26,A1,Sx,D,31-130,0,
FR26,A1,At,L,0-30,0,
FR26,A1,At,L,31-130,8,half of A1 (has been x2 already)
FR26,A1,At,D,0-30,0,
FR26,A1,At,D,31-130,0,
FR26,A1,Bl,L,0-30,0,
FR26,A1,Bl,L,31-130,0,
FR26,A1,Bl,D,0-30,0,
FR26,A1,Bl,D,31-130,0,
FR26,A1,Ac,L,0-30,0,
FR26,A1,Ac,L,31-130,0,
FR26,A1,Ac,D,0-30,0,
FR26,A1,Ac,D,31-130,0,
FR26,A1,Fd,L,0-30,0,
FR26,A1,Fd,L,31-130,0,
FR26,A1,Fd,D,0-30,0,
FR26,A1,Fd,D,31-130,0,
FR26,A1,Ep,L,0-30,0,
FR26,A1,Ep,L,31-130,0,
FR26,A1,Ep,D,0-30,0,
FR26,A1,Ep,D,31-130,0,
FR26,A1,Lw,L,0-30,0,
FR26,A1,Lw,L,31-130,0,
FR26,A1,Lw,D,0-30,0,
FR26,A1,Lw,D,31-130,0,
FR27,A1,Pl,L,0-30,1,
FR27,A1,Pl,L,31-130,0,
FR27,A1,Pl,D,0-30,0,
FR27,A1,Pl,D,31-130,7,
FR27,A1,Sx,L,0-30,0,
FR27,A1,Sx,L,31-130,0,
FR27,A1,Sx,D,0-30,0,
FR27,A1,Sx,D,31-130,0,
FR27,A1,At,L,0-30,0,
FR27,A1,At,L,31-130,1,
FR27,A1,At,D,0-30,0,
FR27,A1,At,D,31-130,0,
FR27,A1,Bl,L,0-30,0,
FR27,A1,Bl,L,31-130,0,
FR27,A1,Bl,D,0-30,0,
FR27,A1,Bl,D,31-130,0,
FR27,A1,Ac,L,0-30,0,
FR27,A1,Ac,L,31-130,0,
FR27,A1,Ac,D,0-30,0,
FR27,A1,Ac,D,31-130,0,
FR27,A1,Fd,L,0-30,0,
FR27,A1,Fd,L,31-130,0,
FR27,A1,Fd,D,0-30,0,
FR27,A1,Fd,D,31-130,0,
FR27,A1,Ep,L,0-30,0,
FR27,A1,Ep,L,31-130,0,
FR27,A1,Ep,D,0-30,0,
FR27,A1,Ep,D,31-130,0,
FR27,A1,Lw,L,0-30,0,
FR27,A1,Lw,L,31-130,0,
FR27,A1,Lw,D,0-30,0,
FR27,A1,Lw,D,31-130,0,
FR28,A1,Pl,L,0-30,2,
FR28,A1,Pl,L,31-130,3,
FR28,A1,Pl,D,0-30,0,
FR28,A1,Pl,D,31-130,1,
FR28,A1,Sx,L,0-30,3,
FR28,A1,Sx,L,31-130,6,
FR28,A1,Sx,D,0-30,0,
FR28,A1,Sx,D,31-130,0,
FR28,A1,At,L,0-30,3,
FR28,A1,At,L,31-130,16,
FR28,A1,At,D,0-30,0,
FR28,A1,At,D,31-130,27,
FR28,A1,Bl,L,0-30,0,
FR28,A1,Bl,L,31-130,0,
FR28,A1,Bl,D,0-30,0,
FR28,A1,Bl,D,31-130,0,
FR28,A1,Ac,L,0-30,0,
FR28,A1,Ac,L,31-130,0,
FR28,A1,Ac,D,0-30,0,
FR28,A1,Ac,D,31-130,0,
FR28,A1,Fd,L,0-30,0,
FR28,A1,Fd,L,31-130,0,
FR28,A1,Fd,D,0-30,0,
FR28,A1,Fd,D,31-130,0,
FR28,A1,Ep,L,0-30,0,
FR28,A1,Ep,L,31-130,0,
FR28,A1,Ep,D,0-30,0,
FR28,A1,Ep,D,31-130,0,
FR28,A1,Lw,L,0-30,0,
FR28,A1,Lw,L,31-130,0,
FR28,A1,Lw,D,0-30,0,
FR28,A1,Lw,D,31-130,0,
FR28,C1,Pl,L,0-30,0,
FR28,C1,Pl,L,31-130,3,
FR28,C1,Pl,D,0-30,0,
FR28,C1,Pl,D,31-130,0,
FR28,C1,Sx,L,0-30,0,
FR28,C1,Sx,L,31-130,2,
FR28,C1,Sx,D,0-30,0,
FR28,C1,Sx,D,31-130,0,
FR28,C1,At,L,0-30,1,
FR28,C1,At,L,31-130,0,
FR28,C1,At,D,0-30,0,
FR28,C1,At,D,31-130,0,
FR28,C1,Bl,L,0-30,0,
FR28,C1,Bl,L,31-130,0,
FR28,C1,Bl,D,0-30,0,
FR28,C1,Bl,D,31-130,0,
FR28,C1,Ac,L,0-30,0,
FR28,C1,Ac,L,31-130,0,
FR28,C1,Ac,D,0-30,0,
FR28,C1,Ac,D,31-130,0,
FR28,C1,Fd,L,0-30,0,
FR28,C1,Fd,L,31-130,0,
FR28,C1,Fd,D,0-30,0,
FR28,C1,Fd,D,31-130,0,
FR28,C1,Ep,L,0-30,0,
FR28,C1,Ep,L,31-130,0,
FR28,C1,Ep,D,0-30,0,
FR28,C1,Ep,D,31-130,0,
FR28,C1,Lw,L,0-30,0,
FR28,C1,Lw,L,31-130,0,
FR28,C1,Lw,D,0-30,0,
FR28,C1,Lw,D,31-130,0,
FR29,A1,Pl,L,0-30,14,
FR29,A1,Pl,L,31-130,75,
FR29,A1,Pl,D,0-30,3,
FR29,A1,Pl,D,31-130,22,
FR29,A1,Sx,L,0-30,3,
FR29,A1,Sx,L,31-130,0,
FR29,A1,Sx,D,0-30,0,
FR29,A1,Sx,D,31-130,0,
FR29,A1,At,L,0-30,0,
FR29,A1,At,L,31-130,0,
FR29,A1,At,D,0-30,0,
FR29,A1,At,D,31-130,0,
FR29,A1,Bl,L,0-30,0,
FR29,A1,Bl,L,31-130,0,
FR29,A1,Bl,D,0-30,0,
FR29,A1,Bl,D,31-130,0,
FR29,A1,Ac,L,0-30,0,
FR29,A1,Ac,L,31-130,0,
FR29,A1,Ac,D,0-30,0,
FR29,A1,Ac,D,31-130,0,
FR29,A1,Fd,L,0-30,0,
FR29,A1,Fd,L,31-130,0,
FR29,A1,Fd,D,0-30,0,
FR29,A1,Fd,D,31-130,0,
FR29,A1,Ep,L,0-30,0,
FR29,A1,Ep,L,31-130,0,
FR29,A1,Ep,D,0-30,0,
FR29,A1,Ep,D,31-130,0,
FR29,A1,Lw,L,0-30,0,
FR29,A1,Lw,L,31-130,0,
FR29,A1,Lw,D,0-30,0,
FR29,A1,Lw,D,31-130,0,
FR30,A1,Pl,L,0-30,0,
FR30,A1,Pl,L,31-130,15,
FR30,A1,Pl,D,0-30,0,
FR30,A1,Pl,D,31-130,2,
FR30,A1,Sx,L,0-30,1,
FR30,A1,Sx,L,31-130,0,
FR30,A1,Sx,D,0-30,0,
FR30,A1,Sx,D,31-130,0,
FR30,A1,At,L,0-30,0,
FR30,A1,At,L,31-130,0,
FR30,A1,At,D,0-30,0,
FR30,A1,At,D,31-130,0,
FR30,A1,Bl,L,0-30,0,
FR30,A1,Bl,L,31-130,0,
FR30,A1,Bl,D,0-30,0,
FR30,A1,Bl,D,31-130,0,
FR30,A1,Ac,L,0-30,0,
FR30,A1,Ac,L,31-130,0,
FR30,A1,Ac,D,0-30,0,
FR30,A1,Ac,D,31-130,0,
FR30,A1,Fd,L,0-30,0,
FR30,A1,Fd,L,31-130,0,
FR30,A1,Fd,D,0-30,0,
FR30,A1,Fd,D,31-130,0,
FR30,A1,Ep,L,0-30,0,
FR30,A1,Ep,L,31-130,0,
FR30,A1,Ep,D,0-30,0,
FR30,A1,Ep,D,31-130,0,
FR30,A1,Lw,L,0-30,0,
FR30,A1,Lw,L,31-130,0,
FR30,A1,Lw,D,0-30,0,
FR30,A1,Lw,D,31-130,0,
FR30,C1,Pl,L,0-30,0,
FR30,C1,Pl,L,31-130,2,
FR30,C1,Pl,D,0-30,0,
FR30,C1,Pl,D,31-130,1,
FR30,C1,Sx,L,0-30,0,
FR30,C1,Sx,L,31-130,0,
FR30,C1,Sx,D,0-30,0,
FR30,C1,Sx,D,31-130,0,
FR30,C1,At,L,0-30,0,
FR30,C1,At,L,31-130,0,
FR30,C1,At,D,0-30,0,
FR30,C1,At,D,31-130,0,
FR30,C1,Bl,L,0-30,0,
FR30,C1,Bl,L,31-130,0,
FR30,C1,Bl,D,0-30,0,
FR30,C1,Bl,D,31-130,0,
FR30,C1,Ac,L,0-30,0,
FR30,C1,Ac,L,31-130,0,
FR30,C1,Ac,D,0-30,0,
FR30,C1,Ac,D,31-130,0,
FR30,C1,Fd,L,0-30,0,
FR30,C1,Fd,L,31-130,0,
FR30,C1,Fd,D,0-30,0,
FR30,C1,Fd,D,31-130,0,
FR30,C1,Ep,L,0-30,0,
FR30,C1,Ep,L,31-130,0,
FR30,C1,Ep,D,0-30,0,
FR30,C1,Ep,D,31-130,0,
FR30,C1,Lw,L,0-30,0,
FR30,C1,Lw,L,31-130,0,
FR30,C1,Lw,D,0-30,0,
FR30,C1,Lw,D,31-130,0,
FR31,A1,Pl,L,0-30,0,
FR31,A1,Pl,L,31-130,23,
FR31,A1,Pl,D,0-30,0,
FR31,A1,Pl,D,31-130,0,
FR31,A1,Sx,L,0-30,4,
FR31,A1,Sx,L,31-130,7,
FR31,A1,Sx,D,0-30,0,
FR31,A1,Sx,D,31-130,0,
FR31,A1,At,L,0-30,0,
FR31,A1,At,L,31-130,0,
FR31,A1,At,D,0-30,0,
FR31,A1,At,D,31-130,0,
FR31,A1,Bl,L,0-30,0,
FR31,A1,Bl,L,31-130,0,
FR31,A1,Bl,D,0-30,0,
FR31,A1,Bl,D,31-130,0,
FR31,A1,Ac,L,0-30,0,
FR31,A1,Ac,L,31-130,0,
FR31,A1,Ac,D,0-30,0,
FR31,A1,Ac,D,31-130,0,
FR31,A1,Fd,L,0-30,0,
FR31,A1,Fd,L,31-130,0,
FR31,A1,Fd,D,0-30,0,
FR31,A1,Fd,D,31-130,0,
FR31,A1,Ep,L,0-30,0,
FR31,A1,Ep,L,31-130,0,
FR31,A1,Ep,D,0-30,0,
FR31,A1,Ep,D,31-130,0,
FR31,A1,Lw,L,0-30,0,
FR31,A1,Lw,L,31-130,0,
FR31,A1,Lw,D,0-30,0,
FR31,A1,Lw,D,31-130,0,
FR32,A1,Pl,L,0-30,0,
FR32,A1,Pl,L,31-130,1,
FR32,A1,Pl,D,0-30,0,
FR32,A1,Pl,D,31-130,0,
FR32,A1,Sx,L,0-30,5,
FR32,A1,Sx,L,31-130,11,
FR32,A1,Sx,D,0-30,0,
FR32,A1,Sx,D,31-130,0,
FR32,A1,At,L,0-30,4,
FR32,A1,At,L,31-130,18,
FR32,A1,At,D,0-30,0,
FR32,A1,At,D,31-130,0,
FR32,A1,Bl,L,0-30,0,
FR32,A1,Bl,L,31-130,0,
FR32,A1,Bl,D,0-30,0,
FR32,A1,Bl,D,31-130,0,
FR32,A1,Ac,L,0-30,6,
FR32,A1,Ac,L,31-130,3,
FR32,A1,Ac,D,0-30,0,
FR32,A1,Ac,D,31-130,0,
FR32,A1,Fd,L,0-30,0,
FR32,A1,Fd,L,31-130,0,
FR32,A1,Fd,D,0-30,0,
FR32,A1,Fd,D,31-130,0,
FR32,A1,Ep,L,0-30,0,
FR32,A1,Ep,L,31-130,0,
FR32,A1,Ep,D,0-30,0,
FR32,A1,Ep,D,31-130,0,
FR32,A1,Lw,L,0-30,0,
FR32,A1,Lw,L,31-130,0,
FR32,A1,Lw,D,0-30,0,
FR32,A1,Lw,D,31-130,0,
FR32,C1,Pl,L,0-30,0,
FR32,C1,Pl,L,31-130,1,
FR32,C1,Pl,D,0-30,0,
FR32,C1,Pl,D,31-130,0,
FR32,C1,Sx,L,0-30,0,
FR32,C1,Sx,L,31-130,0,
FR32,C1,Sx,D,0-30,0,
FR32,C1,Sx,D,31-130,0,
FR32,C1,At,L,0-30,1,
FR32,C1,At,L,31-130,5,
FR32,C1,At,D,0-30,0,
FR32,C1,At,D,31-130,0,
FR32,C1,Bl,L,0-30,0,
FR32,C1,Bl,L,31-130,0,
FR32,C1,Bl,D,0-30,0,
FR32,C1,Bl,D,31-130,0,
FR32,C1,Ac,L,0-30,1,
FR32,C1,Ac,L,31-130,4,
FR32,C1,Ac,D,0-30,0,
FR32,C1,Ac,D,31-130,0,
FR32,C1,Fd,L,0-30,0,
FR32,C1,Fd,L,31-130,0,
FR32,C1,Fd,D,0-30,0,
FR32,C1,Fd,D,31-130,0,
FR32,C1,Ep,L,0-30,0,
FR32,C1,Ep,L,31-130,0,
FR32,C1,Ep,D,0-30,0,
FR32,C1,Ep,D,31-130,0,
FR32,C1,Lw,L,0-30,0,
FR32,C1,Lw,L,31-130,0,
FR32,C1,Lw,D,0-30,0,
FR32,C1,Lw,D,31-130,0,
FR33,A1,Pl,L,0-30,1,
FR33,A1,Pl,L,31-130,15,
FR33,A1,Pl,D,0-30,0,
FR33,A1,Pl,D,31-130,0,
FR33,A1,Sx,L,0-30,2,
FR33,A1,Sx,L,31-130,14,
FR33,A1,Sx,D,0-30,0,
FR33,A1,Sx,D,31-130,0,
FR33,A1,At,L,0-30,2,
FR33,A1,At,L,31-130,52,
FR33,A1,At,D,0-30,0,
FR33,A1,At,D,31-130,0,
FR33,A1,Bl,L,0-30,0,
FR33,A1,Bl,L,31-130,0,
FR33,A1,Bl,D,0-30,0,
FR33,A1,Bl,D,31-130,0,
FR33,A1,Ac,L,0-30,0,
FR33,A1,Ac,L,31-130,0,
FR33,A1,Ac,D,0-30,0,
FR33,A1,Ac,D,31-130,0,
FR33,A1,Fd,L,0-30,0,
FR33,A1,Fd,L,31-130,0,
FR33,A1,Fd,D,0-30,0,
FR33,A1,Fd,D,31-130,0,
FR33,A1,Ep,L,0-30,0,
FR33,A1,Ep,L,31-130,0,
FR33,A1,Ep,D,0-30,0,
FR33,A1,Ep,D,31-130,0,
FR33,A1,Lw,L,0-30,0,
FR33,A1,Lw,L,31-130,0,
FR33,A1,Lw,D,0-30,0,
FR33,A1,Lw,D,31-130,0,
FR34,A1,Pl,L,0-30,20,
FR34,A1,Pl,L,31-130,10,
FR34,A1,Pl,D,0-30,0,
FR34,A1,Pl,D,31-130,1,
FR34,A1,Sx,L,0-30,5,
FR34,A1,Sx,L,31-130,3,
FR34,A1,Sx,D,0-30,0,
FR34,A1,Sx,D,31-130,0,
FR34,A1,At,L,0-30,0,
FR34,A1,At,L,31-130,0,
FR34,A1,At,D,0-30,0,
FR34,A1,At,D,31-130,0,
FR34,A1,Bl,L,0-30,26,
FR34,A1,Bl,L,31-130,2,
FR34,A1,Bl,D,0-30,0,
FR34,A1,Bl,D,31-130,0,
FR34,A1,Ac,L,0-30,0,
FR34,A1,Ac,L,31-130,0,
FR34,A1,Ac,D,0-30,0,
FR34,A1,Ac,D,31-130,0,
FR34,A1,Fd,L,0-30,0,
FR34,A1,Fd,L,31-130,0,
FR34,A1,Fd,D,0-30,0,
FR34,A1,Fd,D,31-130,0,
FR34,A1,Ep,L,0-30,0,
FR34,A1,Ep,L,31-130,0,
FR34,A1,Ep,D,0-30,0,
FR34,A1,Ep,D,31-130,0,
FR34,A1,Lw,L,0-30,0,
FR34,A1,Lw,L,31-130,0,
FR34,A1,Lw,D,0-30,0,
FR34,A1,Lw,D,31-130,0,
FR34,C1,Pl,L,0-30,0,
FR34,C1,Pl,L,31-130,1,
FR34,C1,Pl,D,0-30,0,
FR34,C1,Pl,D,31-130,0,
FR34,C1,Sx,L,0-30,5,
FR34,C1,Sx,L,31-130,8,
FR34,C1,Sx,D,0-30,1,
FR34,C1,Sx,D,31-130,1,
FR34,C1,At,L,0-30,0,
FR34,C1,At,L,31-130,0,
FR34,C1,At,D,0-30,0,
FR34,C1,At,D,31-130,0,
FR34,C1,Bl,L,0-30,13,
FR34,C1,Bl,L,31-130,3,
FR34,C1,Bl,D,0-30,0,
FR34,C1,Bl,D,31-130,0,
FR34,C1,Ac,L,0-30,0,
FR34,C1,Ac,L,31-130,0,
FR34,C1,Ac,D,0-30,0,
FR34,C1,Ac,D,31-130,0,
FR34,C1,Fd,L,0-30,0,
FR34,C1,Fd,L,31-130,0,
FR34,C1,Fd,D,0-30,0,
FR34,C1,Fd,D,31-130,0,
FR34,C1,Ep,L,0-30,0,
FR34,C1,Ep,L,31-130,0,
FR34,C1,Ep,D,0-30,0,
FR34,C1,Ep,D,31-130,0,
FR34,C1,Lw,L,0-30,0,
FR34,C1,Lw,L,31-130,0,
FR34,C1,Lw,D,0-30,0,
FR34,C1,Lw,D,31-130,0,
FR35,A1,Pl,L,0-30,3,
FR35,A1,Pl,L,31-130,36,
FR35,A1,Pl,D,0-30,0,
FR35,A1,Pl,D,31-130,0,
FR35,A1,Sx,L,0-30,0,
FR35,A1,Sx,L,31-130,0,
FR35,A1,Sx,D,0-30,0,
FR35,A1,Sx,D,31-130,1,
FR35,A1,At,L,0-30,0,
FR35,A1,At,L,31-130,0,
FR35,A1,At,D,0-30,0,
FR35,A1,At,D,31-130,0,
FR35,A1,Bl,L,0-30,0,
FR35,A1,Bl,L,31-130,0,
FR35,A1,Bl,D,0-30,0,
FR35,A1,Bl,D,31-130,0,
FR35,A1,Ac,L,0-30,0,
FR35,A1,Ac,L,31-130,0,
FR35,A1,Ac,D,0-30,0,
FR35,A1,Ac,D,31-130,0,
FR35,A1,Fd,L,0-30,0,
FR35,A1,Fd,L,31-130,0,
FR35,A1,Fd,D,0-30,0,
FR35,A1,Fd,D,31-130,0,
FR35,A1,Ep,L,0-30,0,
FR35,A1,Ep,L,31-130,0,
FR35,A1,Ep,D,0-30,0,
FR35,A1,Ep,D,31-130,0,
FR35,A1,Lw,L,0-30,0,
FR35,A1,Lw,L,31-130,0,
FR35,A1,Lw,D,0-30,0,
FR35,A1,Lw,D,31-130,0,
FR35,C1,Pl,L,0-30,2,
FR35,C1,Pl,L,31-130,24,
FR35,C1,Pl,D,0-30,0,
FR35,C1,Pl,D,31-130,1,
FR35,C1,Sx,L,0-30,0,
FR35,C1,Sx,L,31-130,0,
FR35,C1,Sx,D,0-30,0,
FR35,C1,Sx,D,31-130,0,
FR35,C1,At,L,0-30,0,
FR35,C1,At,L,31-130,0,
FR35,C1,At,D,0-30,0,
FR35,C1,At,D,31-130,0,
FR35,C1,Bl,L,0-30,0,
FR35,C1,Bl,L,31-130,0,
FR35,C1,Bl,D,0-30,0,
FR35,C1,Bl,D,31-130,0,
FR35,C1,Ac,L,0-30,0,
FR35,C1,Ac,L,31-130,0,
FR35,C1,Ac,D,0-30,0,
FR35,C1,Ac,D,31-130,0,
FR35,C1,Fd,L,0-30,0,
FR35,C1,Fd,L,31-130,0,
FR35,C1,Fd,D,0-30,0,
FR35,C1,Fd,D,31-130,0,
FR35,C1,Ep,L,0-30,0,
FR35,C1,Ep,L,31-130,0,
FR35,C1,Ep,D,0-30,0,
FR35,C1,Ep,D,31-130,0,
FR35,C1,Lw,L,0-30,0,
FR35,C1,Lw,L,31-130,0,
FR35,C1,Lw,D,0-30,0,
FR35,C1,Lw,D,31-130,0,
FR36,A1,Pl,L,0-30,1,
FR36,A1,Pl,L,31-130,0,
FR36,A1,Pl,D,0-30,0,
FR36,A1,Pl,D,31-130,1,
FR36,A1,Sx,L,0-30,2,
FR36,A1,Sx,L,31-130,17,
FR36,A1,Sx,D,0-30,0,
FR36,A1,Sx,D,31-130,0,
FR36,A1,At,L,0-30,0,
FR36,A1,At,L,31-130,0,
FR36,A1,At,D,0-30,0,
FR36,A1,At,D,31-130,0,
FR36,A1,Bl,L,0-30,0,
FR36,A1,Bl,L,31-130,0,
FR36,A1,Bl,D,0-30,0,
FR36,A1,Bl,D,31-130,0,
FR36,A1,Ac,L,0-30,0,
FR36,A1,Ac,L,31-130,0,
FR36,A1,Ac,D,0-30,0,
FR36,A1,Ac,D,31-130,0,
FR36,A1,Fd,L,0-30,0,
FR36,A1,Fd,L,31-130,0,
FR36,A1,Fd,D,0-30,0,
FR36,A1,Fd,D,31-130,0,
FR36,A1,Ep,L,0-30,0,
FR36,A1,Ep,L,31-130,0,
FR36,A1,Ep,D,0-30,0,
FR36,A1,Ep,D,31-130,0,
FR36,A1,Lw,L,0-30,0,
FR36,A1,Lw,L,31-130,0,
FR36,A1,Lw,D,0-30,0,
FR36,A1,Lw,D,31-130,0,
FR36,C1,Pl,L,0-30,0,
FR36,C1,Pl,L,31-130,0,
FR36,C1,Pl,D,0-30,0,
FR36,C1,Pl,D,31-130,0,
FR36,C1,Sx,L,0-30,0,
FR36,C1,Sx,L,31-130,1,
FR36,C1,Sx,D,0-30,0,
FR36,C1,Sx,D,31-130,0,
FR36,C1,At,L,0-30,0,
FR36,C1,At,L,31-130,0,
FR36,C1,At,D,0-30,0,
FR36,C1,At,D,31-130,0,
FR36,C1,Bl,L,0-30,0,
FR36,C1,Bl,L,31-130,0,
FR36,C1,Bl,D,0-30,0,
FR36,C1,Bl,D,31-130,0,
FR36,C1,Ac,L,0-30,0,
FR36,C1,Ac,L,31-130,0,
FR36,C1,Ac,D,0-30,0,
FR36,C1,Ac,D,31-130,0,
FR36,C1,Fd,L,0-30,0,
FR36,C1,Fd,L,31-130,0,
FR36,C1,Fd,D,0-30,0,
FR36,C1,Fd,D,31-130,0,
FR36,C1,Ep,L,0-30,0,
FR36,C1,Ep,L,31-130,0,
FR36,C1,Ep,D,0-30,0,
FR36,C1,Ep,D,31-130,0,
FR36,C1,Lw,L,0-30,0,
FR36,C1,Lw,L,31-130,0,
FR36,C1,Lw,D,0-30,0,
FR36,C1,Lw,D,31-130,0,
FR37,A1,Pl,L,0-30,1,
FR37,A1,Pl,L,31-130,6,
FR37,A1,Pl,D,0-30,0,
FR37,A1,Pl,D,31-130,0,
FR37,A1,Sx,L,0-30,3,
FR37,A1,Sx,L,31-130,10,
FR37,A1,Sx,D,0-30,0,
FR37,A1,Sx,D,31-130,0,
FR37,A1,At,L,0-30,1,
FR37,A1,At,L,31-130,10,
FR37,A1,At,D,0-30,0,
FR37,A1,At,D,31-130,0,
FR37,A1,Bl,L,0-30,0,
FR37,A1,Bl,L,31-130,0,
FR37,A1,Bl,D,0-30,0,
FR37,A1,Bl,D,31-130,0,
FR37,A1,Ac,L,0-30,0,
FR37,A1,Ac,L,31-130,0,
FR37,A1,Ac,D,0-30,0,
FR37,A1,Ac,D,31-130,0,
FR37,A1,Fd,L,0-30,0,
FR37,A1,Fd,L,31-130,0,
FR37,A1,Fd,D,0-30,0,
FR37,A1,Fd,D,31-130,0,
FR37,A1,Ep,L,0-30,0,
FR37,A1,Ep,L,31-130,0,
FR37,A1,Ep,D,0-30,0,
FR37,A1,Ep,D,31-130,0,
FR37,A1,Lw,L,0-30,0,
FR37,A1,Lw,L,31-130,0,
FR37,A1,Lw,D,0-30,0,
FR37,A1,Lw,D,31-130,0,
FR38,A1,Pl,L,0-30,0,
FR38,A1,Pl,L,31-130,1,
FR38,A1,Pl,D,0-30,0,
FR38,A1,Pl,D,31-130,0,
FR38,A1,Sx,L,0-30,0,
FR38,A1,Sx,L,31-130,0,
FR38,A1,Sx,D,0-30,0,
FR38,A1,Sx,D,31-130,0,
FR38,A1,At,L,0-30,0,
FR38,A1,At,L,31-130,0,
FR38,A1,At,D,0-30,0,
FR38,A1,At,D,31-130,0,
FR38,A1,Bl,L,0-30,0,
FR38,A1,Bl,L,31-130,0,
FR38,A1,Bl,D,0-30,0,
FR38,A1,Bl,D,31-130,0,
FR38,A1,Ac,L,0-30,0,
FR38,A1,Ac,L,31-130,0,
FR38,A1,Ac,D,0-30,0,
FR38,A1,Ac,D,31-130,0,
FR38,A1,Fd,L,0-30,0,
FR38,A1,Fd,L,31-130,0,
FR38,A1,Fd,D,0-30,0,
FR38,A1,Fd,D,31-130,0,
FR38,A1,Ep,L,0-30,0,
FR38,A1,Ep,L,31-130,0,
FR38,A1,Ep,D,0-30,0,
FR38,A1,Ep,D,31-130,0,
FR38,A1,Lw,L,0-30,0,
FR38,A1,Lw,L,31-130,0,
FR38,A1,Lw,D,0-30,0,
FR38,A1,Lw,D,31-130,0,
FR38,C1,Pl,L,0-30,0,
FR38,C1,Pl,L,31-130,0,
FR38,C1,Pl,D,0-30,0,
FR38,C1,Pl,D,31-130,0,
FR38,C1,Sx,L,0-30,0,
FR38,C1,Sx,L,31-130,0,
FR38,C1,Sx,D,0-30,0,
FR38,C1,Sx,D,31-130,0,
FR38,C1,At,L,0-30,1,
FR38,C1,At,L,31-130,2,
FR38,C1,At,D,0-30,1,
FR38,C1,At,D,31-130,0,
FR38,C1,Bl,L,0-30,0,
FR38,C1,Bl,L,31-130,0,
FR38,C1,Bl,D,0-30,0,
FR38,C1,Bl,D,31-130,0,
FR38,C1,Ac,L,0-30,0,
FR38,C1,Ac,L,31-130,0,
FR38,C1,Ac,D,0-30,0,
FR38,C1,Ac,D,31-130,0,
FR38,C1,Fd,L,0-30,0,
FR38,C1,Fd,L,31-130,0,
FR38,C1,Fd,D,0-30,0,
FR38,C1,Fd,D,31-130,0,
FR38,C1,Ep,L,0-30,0,
FR38,C1,Ep,L,31-130,0,
FR38,C1,Ep,D,0-30,0,
FR38,C1,Ep,D,31-130,0,
FR38,C1,Lw,L,0-30,0,
FR38,C1,Lw,L,31-130,0,
FR38,C1,Lw,D,0-30,0,
FR38,C1,Lw,D,31-130,0,
FR39,A1,Pl,L,0-30,0,
FR39,A1,Pl,L,31-130,1,
FR39,A1,Pl,D,0-30,0,
FR39,A1,Pl,D,31-130,1,
FR39,A1,Sx,L,0-30,11,
FR39,A1,Sx,L,31-130,2,
FR39,A1,Sx,D,0-30,0,
FR39,A1,Sx,D,31-130,0,
FR39,A1,At,L,0-30,0,
FR39,A1,At,L,31-130,0,
FR39,A1,At,D,0-30,0,
FR39,A1,At,D,31-130,0,
FR39,A1,Bl,L,0-30,0,
FR39,A1,Bl,L,31-130,0,
FR39,A1,Bl,D,0-30,0,
FR39,A1,Bl,D,31-130,0,
FR39,A1,Ac,L,0-30,0,
FR39,A1,Ac,L,31-130,0,
FR39,A1,Ac,D,0-30,0,
FR39,A1,Ac,D,31-130,0,
FR39,A1,Fd,L,0-30,0,
FR39,A1,Fd,L,31-130,0,
FR39,A1,Fd,D,0-30,0,
FR39,A1,Fd,D,31-130,0,
FR39,A1,Ep,L,0-30,0,
FR39,A1,Ep,L,31-130,0,
FR39,A1,Ep,D,0-30,0,
FR39,A1,Ep,D,31-130,0,
FR39,A1,Lw,L,0-30,0,
FR39,A1,Lw,L,31-130,0,
FR39,A1,Lw,D,0-30,0,
FR39,A1,Lw,D,31-130,0,
FR39,C1,Pl,L,0-30,0,
FR39,C1,Pl,L,31-130,1,
FR39,C1,Pl,D,0-30,0,
FR39,C1,Pl,D,31-130,0,
FR39,C1,Sx,L,0-30,10,
FR39,C1,Sx,L,31-130,6,
FR39,C1,Sx,D,0-30,0,
FR39,C1,Sx,D,31-130,0,
FR39,C1,At,L,0-30,1,
FR39,C1,At,L,31-130,3,
FR39,C1,At,D,0-30,0,
FR39,C1,At,D,31-130,0,
FR39,C1,Bl,L,0-30,0,
FR39,C1,Bl,L,31-130,0,
FR39,C1,Bl,D,0-30,0,
FR39,C1,Bl,D,31-130,0,
FR39,C1,Ac,L,0-30,0,
FR39,C1,Ac,L,31-130,0,
FR39,C1,Ac,D,0-30,0,
FR39,C1,Ac,D,31-130,0,
FR39,C1,Fd,L,0-30,0,
FR39,C1,Fd,L,31-130,0,
FR39,C1,Fd,D,0-30,0,
FR39,C1,Fd,D,31-130,0,
FR39,C1,Ep,L,0-30,0,
FR39,C1,Ep,L,31-130,0,
FR39,C1,Ep,D,0-30,0,
FR39,C1,Ep,D,31-130,0,
FR39,C1,Lw,L,0-30,0,
FR39,C1,Lw,L,31-130,0,
FR39,C1,Lw,D,0-30,0,
FR39,C1,Lw,D,31-130,0,
FR40,A1,Pl,L,0-30,1,
FR40,A1,Pl,L,31-130,3,
FR40,A1,Pl,D,0-30,0,
FR40,A1,Pl,D,31-130,0,
FR40,A1,Sx,L,0-30,2,
FR40,A1,Sx,L,31-130,13,
FR40,A1,Sx,D,0-30,0,
FR40,A1,Sx,D,31-130,0,
FR40,A1,At,L,0-30,1,
FR40,A1,At,L,31-130,2,
FR40,A1,At,D,0-30,0,
FR40,A1,At,D,31-130,0,
FR40,A1,Bl,L,0-30,0,
FR40,A1,Bl,L,31-130,0,
FR40,A1,Bl,D,0-30,0,
FR40,A1,Bl,D,31-130,0,
FR40,A1,Ac,L,0-30,0,
FR40,A1,Ac,L,31-130,0,
FR40,A1,Ac,D,0-30,0,
FR40,A1,Ac,D,31-130,0,
FR40,A1,Fd,L,0-30,0,
FR40,A1,Fd,L,31-130,0,
FR40,A1,Fd,D,0-30,0,
FR40,A1,Fd,D,31-130,0,
FR40,A1,Ep,L,0-30,0,
FR40,A1,Ep,L,31-130,0,
FR40,A1,Ep,D,0-30,0,
FR40,A1,Ep,D,31-130,0,
FR40,A1,Lw,L,0-30,0,
FR40,A1,Lw,L,31-130,0,
FR40,A1,Lw,D,0-30,0,
FR40,A1,Lw,D,31-130,0,
FR41,A1,Pl,L,0-30,0,
FR41,A1,Pl,L,31-130,11,
FR41,A1,Pl,D,0-30,0,
FR41,A1,Pl,D,31-130,0,
FR41,A1,Sx,L,0-30,1,
FR41,A1,Sx,L,31-130,7,
FR41,A1,Sx,D,0-30,0,
FR41,A1,Sx,D,31-130,0,
FR41,A1,At,L,0-30,0,
FR41,A1,At,L,31-130,2,
FR41,A1,At,D,0-30,0,
FR41,A1,At,D,31-130,0,
FR41,A1,Bl,L,0-30,0,
FR41,A1,Bl,L,31-130,0,
FR41,A1,Bl,D,0-30,0,
FR41,A1,Bl,D,31-130,0,
FR41,A1,Ac,L,0-30,0,
FR41,A1,Ac,L,31-130,0,
FR41,A1,Ac,D,0-30,0,
FR41,A1,Ac,D,31-130,0,
FR41,A1,Fd,L,0-30,0,
FR41,A1,Fd,L,31-130,0,
FR41,A1,Fd,D,0-30,0,
FR41,A1,Fd,D,31-130,0,
FR41,A1,Ep,L,0-30,0,
FR41,A1,Ep,L,31-130,0,
FR41,A1,Ep,D,0-30,0,
FR41,A1,Ep,D,31-130,0,
FR41,A1,Lw,L,0-30,0,
FR41,A1,Lw,L,31-130,0,
FR41,A1,Lw,D,0-30,0,
FR41,A1,Lw,D,31-130,0,
FR42,A1,Pl,L,0-30,0,
FR42,A1,Pl,L,31-130,0,
FR42,A1,Pl,D,0-30,0,
FR42,A1,Pl,D,31-130,0,
FR42,A1,Sx,L,0-30,0,
FR42,A1,Sx,L,31-130,0,
FR42,A1,Sx,D,0-30,0,
FR42,A1,Sx,D,31-130,0,
FR42,A1,At,L,0-30,0,
FR42,A1,At,L,31-130,0,
FR42,A1,At,D,0-30,0,
FR42,A1,At,D,31-130,0,
FR42,A1,Bl,L,0-30,0,
FR42,A1,Bl,L,31-130,0,
FR42,A1,Bl,D,0-30,0,
FR42,A1,Bl,D,31-130,0,
FR42,A1,Ac,L,0-30,0,
FR42,A1,Ac,L,31-130,0,
FR42,A1,Ac,D,0-30,0,
FR42,A1,Ac,D,31-130,0,
FR42,A1,Fd,L,0-30,0,
FR42,A1,Fd,L,31-130,0,
FR42,A1,Fd,D,0-30,0,
FR42,A1,Fd,D,31-130,0,
FR42,A1,Ep,L,0-30,0,
FR42,A1,Ep,L,31-130,0,
FR42,A1,Ep,D,0-30,0,
FR42,A1,Ep,D,31-130,0,
FR42,A1,Lw,L,0-30,0,
FR42,A1,Lw,L,31-130,0,
FR42,A1,Lw,D,0-30,0,
FR42,A1,Lw,D,31-130,0,
FR43,A1,Pl,L,0-30,0,
FR43,A1,Pl,L,31-130,0,
FR43,A1,Pl,D,0-30,0,
FR43,A1,Pl,D,31-130,0,
FR43,A1,Sx,L,0-30,0,
FR43,A1,Sx,L,31-130,0,
FR43,A1,Sx,D,0-30,0,
FR43,A1,Sx,D,31-130,0,
FR43,A1,At,L,0-30,0,
FR43,A1,At,L,31-130,0,
FR43,A1,At,D,0-30,0,
FR43,A1,At,D,31-130,0,
FR43,A1,Bl,L,0-30,11,
FR43,A1,Bl,L,31-130,0,
FR43,A1,Bl,D,0-30,0,
FR43,A1,Bl,D,31-130,0,
FR43,A1,Ac,L,0-30,0,
FR43,A1,Ac,L,31-130,0,
FR43,A1,Ac,D,0-30,0,
FR43,A1,Ac,D,31-130,0,
FR43,A1,Fd,L,0-30,0,
FR43,A1,Fd,L,31-130,0,
FR43,A1,Fd,D,0-30,0,
FR43,A1,Fd,D,31-130,0,
FR43,A1,Ep,L,0-30,0,
FR43,A1,Ep,L,31-130,0,
FR43,A1,Ep,D,0-30,0,
FR43,A1,Ep,D,31-130,0,
FR43,A1,Lw,L,0-30,0,
FR43,A1,Lw,L,31-130,0,
FR43,A1,Lw,D,0-30,0,
FR43,A1,Lw,D,31-130,0,
FR44,A1,Pl,L,0-30,0,
FR44,A1,Pl,L,31-130,0,
FR44,A1,Pl,D,0-30,0,
FR44,A1,Pl,D,31-130,0,
FR44,A1,Sx,L,0-30,0,
FR44,A1,Sx,L,31-130,1,
FR44,A1,Sx,D,0-30,0,
FR44,A1,Sx,D,31-130,0,
FR44,A1,At,L,0-30,0,
FR44,A1,At,L,31-130,0,
FR44,A1,At,D,0-30,0,
FR44,A1,At,D,31-130,0,
FR44,A1,Bl,L,0-30,1,
FR44,A1,Bl,L,31-130,1,
FR44,A1,Bl,D,0-30,0,
FR44,A1,Bl,D,31-130,0,
FR44,A1,Ac,L,0-30,0,
FR44,A1,Ac,L,31-130,0,
FR44,A1,Ac,D,0-30,0,
FR44,A1,Ac,D,31-130,0,
FR44,A1,Fd,L,0-30,0,
FR44,A1,Fd,L,31-130,0,
FR44,A1,Fd,D,0-30,0,
FR44,A1,Fd,D,31-130,0,
FR44,A1,Ep,L,0-30,0,
FR44,A1,Ep,L,31-130,0,
FR44,A1,Ep,D,0-30,0,
FR44,A1,Ep,D,31-130,0,
FR44,A1,Lw,L,0-30,0,
FR44,A1,Lw,L,31-130,0,
FR44,A1,Lw,D,0-30,0,
FR44,A1,Lw,D,31-130,0,
FR45,A1,Pl,L,0-30,1,
FR45,A1,Pl,L,31-130,2,
FR45,A1,Pl,D,0-30,0,
FR45,A1,Pl,D,31-130,0,
FR45,A1,Sx,L,0-30,0,
FR45,A1,Sx,L,31-130,1,
FR45,A1,Sx,D,0-30,0,
FR45,A1,Sx,D,31-130,0,
FR45,A1,At,L,0-30,0,
FR45,A1,At,L,31-130,0,
FR45,A1,At,D,0-30,0,
FR45,A1,At,D,31-130,0,
FR45,A1,Bl,L,0-30,1,
FR45,A1,Bl,L,31-130,5,
FR45,A1,Bl,D,0-30,0,
FR45,A1,Bl,D,31-130,0,
FR45,A1,Ac,L,0-30,0,
FR45,A1,Ac,L,31-130,0,
FR45,A1,Ac,D,0-30,0,
FR45,A1,Ac,D,31-130,0,
FR45,A1,Fd,L,0-30,0,
FR45,A1,Fd,L,31-130,0,
FR45,A1,Fd,D,0-30,0,
FR45,A1,Fd,D,31-130,0,
FR45,A1,Ep,L,0-30,0,
FR45,A1,Ep,L,31-130,0,
FR45,A1,Ep,D,0-30,0,
FR45,A1,Ep,D,31-130,0,
FR45,A1,Lw,L,0-30,0,
FR45,A1,Lw,L,31-130,0,
FR45,A1,Lw,D,0-30,0,
FR45,A1,Lw,D,31-130,0,
FR46,A1,Pl,L,0-30,0,
FR46,A1,Pl,L,31-130,0,
FR46,A1,Pl,D,0-30,0,
FR46,A1,Pl,D,31-130,0,
FR46,A1,Sx,L,0-30,0,
FR46,A1,Sx,L,31-130,31,
FR46,A1,Sx,D,0-30,33,
FR46,A1,Sx,D,31-130,0,
FR46,A1,At,L,0-30,0,
FR46,A1,At,L,31-130,0,
FR46,A1,At,D,0-30,0,
FR46,A1,At,D,31-130,0,
FR46,A1,Bl,L,0-30,8,
FR46,A1,Bl,L,31-130,1,
FR46,A1,Bl,D,0-30,0,
FR46,A1,Bl,D,31-130,0,
FR46,A1,Ac,L,0-30,0,
FR46,A1,Ac,L,31-130,0,
FR46,A1,Ac,D,0-30,0,
FR46,A1,Ac,D,31-130,0,
FR46,A1,Fd,L,0-30,0,
FR46,A1,Fd,L,31-130,0,
FR46,A1,Fd,D,0-30,0,
FR46,A1,Fd,D,31-130,0,
FR46,A1,Ep,L,0-30,0,
FR46,A1,Ep,L,31-130,0,
FR46,A1,Ep,D,0-30,0,
FR46,A1,Ep,D,31-130,0,
FR46,A1,Lw,L,0-30,0,
FR46,A1,Lw,L,31-130,0,
FR46,A1,Lw,D,0-30,0,
FR46,A1,Lw,D,31-130,0,
FR47,A2,Pl,L,0-30,34,"half of A2, already x2"
FR47,A2,Pl,L,31-130,102,"half of A2, already x2"
FR47,A2,Pl,D,0-30,0,"half of A2, already x2"
FR47,A2,Pl,D,31-130,2,"half of A2, already x2"
FR47,A2,Sx,L,0-30,10,"half of A2, already x2"
FR47,A2,Sx,L,31-130,46,"half of A2, already x2"
FR47,A2,Sx,D,0-30,0,"half of A2, already x2"
FR47,A2,Sx,D,31-130,0,"half of A2, already x2"
FR47,A2,At,L,0-30,10,"half of A2, already x2"
FR47,A2,At,L,31-130,6,"half of A2, already x2"
FR47,A2,At,D,0-30,0,"half of A2, already x2"
FR47,A2,At,D,31-130,0,"half of A2, already x2"
FR47,A2,Bl,L,0-30,0,"half of A2, already x2"
FR47,A2,Bl,L,31-130,0,"half of A2, already x2"
FR47,A2,Bl,D,0-30,0,"half of A2, already x2"
FR47,A2,Bl,D,31-130,0,"half of A2, already x2"
FR47,A2,Ac,L,0-30,0,"half of A2, already x2"
FR47,A2,Ac,L,31-130,0,"half of A2, already x2"
FR47,A2,Ac,D,0-30,0,"half of A2, already x2"
FR47,A2,Ac,D,31-130,0,"half of A2, already x2"
FR47,A2,Fd,L,0-30,0,"half of A2, already x2"
FR47,A2,Fd,L,31-130,0,"half of A2, already x2"
FR47,A2,Fd,D,0-30,0,"half of A2, already x2"
FR47,A2,Fd,D,31-130,0,"half of A2, already x2"
FR47,A2,Ep,L,0-30,0,"half of A2, already x2"
FR47,A2,Ep,L,31-130,0,"half of A2, already x2"
FR47,A2,Ep,D,0-30,0,"half of A2, already x2"
FR47,A2,Ep,D,31-130,0,"half of A2, already x2"
FR47,A2,Lw,L,0-30,0,"half of A2, already x2"
FR47,A2,Lw,L,31-130,0,"half of A2, already x2"
FR47,A2,Lw,D,0-30,0,"half of A2, already x2"
FR47,A2,Lw,D,31-130,0,"half of A2, already x2"
FR48,A1,Pl,L,0-30,4,
FR48,A1,Pl,L,31-130,13,
FR48,A1,Pl,D,0-30,0,
FR48,A1,Pl,D,31-130,0,
FR48,A1,Sx,L,0-30,5,
FR48,A1,Sx,L,31-130,1,
FR48,A1,Sx,D,0-30,0,
FR48,A1,Sx,D,31-130,0,
FR48,A1,At,L,0-30,0,
FR48,A1,At,L,31-130,0,
FR48,A1,At,D,0-30,0,
FR48,A1,At,D,31-130,0,
FR48,A1,Bl,L,0-30,0,
FR48,A1,Bl,L,31-130,0,
FR48,A1,Bl,D,0-30,0,
FR48,A1,Bl,D,31-130,0,
FR48,A1,Ac,L,0-30,0,
FR48,A1,Ac,L,31-130,0,
FR48,A1,Ac,D,0-30,0,
FR48,A1,Ac,D,31-130,0,
FR48,A1,Fd,L,0-30,0,
FR48,A1,Fd,L,31-130,0,
FR48,A1,Fd,D,0-30,0,
FR48,A1,Fd,D,31-130,0,
FR48,A1,Ep,L,0-30,0,
FR48,A1,Ep,L,31-130,0,
FR48,A1,Ep,D,0-30,0,
FR48,A1,Ep,D,31-130,0,
FR48,A1,Lw,L,0-30,0,
FR48,A1,Lw,L,31-130,0,
FR48,A1,Lw,D,0-30,0,
FR48,A1,Lw,D,31-130,0,
FR49,A1,Pl,L,0-30,0,
FR49,A1,Pl,L,31-130,6,
FR49,A1,Pl,D,0-30,0,
FR49,A1,Pl,D,31-130,1,
FR49,A1,Sx,L,0-30,0,
FR49,A1,Sx,L,31-130,0,
FR49,A1,Sx,D,0-30,0,
FR49,A1,Sx,D,31-130,0,
FR49,A1,At,L,0-30,0,
FR49,A1,At,L,31-130,1,
FR49,A1,At,D,0-30,0,
FR49,A1,At,D,31-130,0,
FR49,A1,Bl,L,0-30,0,
FR49,A1,Bl,L,31-130,0,
FR49,A1,Bl,D,0-30,0,
FR49,A1,Bl,D,31-130,0,
FR49,A1,Ac,L,0-30,0,
FR49,A1,Ac,L,31-130,0,
FR49,A1,Ac,D,0-30,0,
FR49,A1,Ac,D,31-130,0,
FR49,A1,Fd,L,0-30,0,
FR49,A1,Fd,L,31-130,0,
FR49,A1,Fd,D,0-30,0,
FR49,A1,Fd,D,31-130,0,
FR49,A1,Ep,L,0-30,0,
FR49,A1,Ep,L,31-130,0,
FR49,A1,Ep,D,0-30,0,
FR49,A1,Ep,D,31-130,0,
FR49,A1,Lw,L,0-30,0,
FR49,A1,Lw,L,31-130,0,
FR49,A1,Lw,D,0-30,0,
FR49,A1,Lw,D,31-130,0,
FR50,A1,Pl,L,0-30,1,
FR50,A1,Pl,L,31-130,27,
FR50,A1,Pl,D,0-30,0,
FR50,A1,Pl,D,31-130,0,
FR50,A1,Sx,L,0-30,0,
FR50,A1,Sx,L,31-130,0,
FR50,A1,Sx,D,0-30,0,
FR50,A1,Sx,D,31-130,0,
FR50,A1,At,L,0-30,1,
FR50,A1,At,L,31-130,3,
FR50,A1,At,D,0-30,0,
FR50,A1,At,D,31-130,0,
FR50,A1,Bl,L,0-30,0,
FR50,A1,Bl,L,31-130,0,
FR50,A1,Bl,D,0-30,0,
FR50,A1,Bl,D,31-130,0,
FR50,A1,Ac,L,0-30,0,
FR50,A1,Ac,L,31-130,0,
FR50,A1,Ac,D,0-30,0,
FR50,A1,Ac,D,31-130,0,
FR50,A1,Fd,L,0-30,0,
FR50,A1,Fd,L,31-130,0,
FR50,A1,Fd,D,0-30,0,
FR50,A1,Fd,D,31-130,0,
FR50,A1,Ep,L,0-30,0,
FR50,A1,Ep,L,31-130,0,
FR50,A1,Ep,D,0-30,0,
FR50,A1,Ep,D,31-130,0,
FR50,A1,Lw,L,0-30,0,
FR50,A1,Lw,L,31-130,0,
FR50,A1,Lw,D,0-30,0,
FR50,A1,Lw,D,31-130,0,
FR51,A1,Pl,L,0-30,9,
FR51,A1,Pl,L,31-130,60,
FR51,A1,Pl,D,0-30,0,
FR51,A1,Pl,D,31-130,0,
FR51,A1,Sx,L,0-30,2,
FR51,A1,Sx,L,31-130,16,
FR51,A1,Sx,D,0-30,0,
FR51,A1,Sx,D,31-130,0,
FR51,A1,At,L,0-30,0,
FR51,A1,At,L,31-130,1,
FR51,A1,At,D,0-30,0,
FR51,A1,At,D,31-130,0,
FR51,A1,Bl,L,0-30,0,
FR51,A1,Bl,L,31-130,0,
FR51,A1,Bl,D,0-30,0,
FR51,A1,Bl,D,31-130,0,
FR51,A1,Ac,L,0-30,0,
FR51,A1,Ac,L,31-130,0,
FR51,A1,Ac,D,0-30,0,
FR51,A1,Ac,D,31-130,0,
FR51,A1,Fd,L,0-30,0,
FR51,A1,Fd,L,31-130,0,
FR51,A1,Fd,D,0-30,0,
FR51,A1,Fd,D,31-130,0,
FR51,A1,Ep,L,0-30,0,
FR51,A1,Ep,L,31-130,0,
FR51,A1,Ep,D,0-30,0,
FR51,A1,Ep,D,31-130,0,
FR51,A1,Lw,L,0-30,0,
FR51,A1,Lw,L,31-130,0,
FR51,A1,Lw,D,0-30,0,
FR51,A1,Lw,D,31-130,0,
FR51,C1,Pl,L,0-30,3,
FR51,C1,Pl,L,31-130,66,
FR51,C1,Pl,D,0-30,0,
FR51,C1,Pl,D,31-130,0,
FR51,C1,Sx,L,0-30,2,
FR51,C1,Sx,L,31-130,8,
FR51,C1,Sx,D,0-30,0,
FR51,C1,Sx,D,31-130,0,
FR51,C1,At,L,0-30,0,
FR51,C1,At,L,31-130,0,
FR51,C1,At,D,0-30,0,
FR51,C1,At,D,31-130,0,
FR51,C1,Bl,L,0-30,0,
FR51,C1,Bl,L,31-130,0,
FR51,C1,Bl,D,0-30,0,
FR51,C1,Bl,D,31-130,0,
FR51,C1,Ac,L,0-30,0,
FR51,C1,Ac,L,31-130,0,
FR51,C1,Ac,D,0-30,0,
FR51,C1,Ac,D,31-130,0,
FR51,C1,Fd,L,0-30,0,
FR51,C1,Fd,L,31-130,0,
FR51,C1,Fd,D,0-30,0,
FR51,C1,Fd,D,31-130,0,
FR51,C1,Ep,L,0-30,0,
FR51,C1,Ep,L,31-130,0,
FR51,C1,Ep,D,0-30,0,
FR51,C1,Ep,D,31-130,0,
FR51,C1,Lw,L,0-30,0,
FR51,C1,Lw,L,31-130,0,
FR51,C1,Lw,D,0-30,0,
FR51,C1,Lw,D,31-130,0,
FR52,A1,Pl,L,0-30,0,
FR52,A1,Pl,L,31-130,0,
FR52,A1,Pl,D,0-30,0,
FR52,A1,Pl,D,31-130,0,
FR52,A1,Sx,L,0-30,0,
FR52,A1,Sx,L,31-130,0,
FR52,A1,Sx,D,0-30,0,
FR52,A1,Sx,D,31-130,0,
FR52,A1,At,L,0-30,0,
FR52,A1,At,L,31-130,0,
FR52,A1,At,D,0-30,0,
FR52,A1,At,D,31-130,0,
FR52,A1,Bl,L,0-30,16,
FR52,A1,Bl,L,31-130,39,
FR52,A1,Bl,D,0-30,0,
FR52,A1,Bl,D,31-130,2,
FR52,A1,Ac,L,0-30,0,
FR52,A1,Ac,L,31-130,0,
FR52,A1,Ac,D,0-30,0,
FR52,A1,Ac,D,31-130,0,
FR52,A1,Fd,L,0-30,0,
FR52,A1,Fd,L,31-130,0,
FR52,A1,Fd,D,0-30,0,
FR52,A1,Fd,D,31-130,0,
FR52,A1,Ep,L,0-30,0,
FR52,A1,Ep,L,31-130,0,
FR52,A1,Ep,D,0-30,0,
FR52,A1,Ep,D,31-130,0,
FR52,A1,Lw,L,0-30,0,
FR52,A1,Lw,L,31-130,0,
FR52,A1,Lw,D,0-30,0,
FR52,A1,Lw,D,31-130,0,
FR53,A1,Pl,L,0-30,0,
FR53,A1,Pl,L,31-130,0,
FR53,A1,Pl,D,0-30,0,
FR53,A1,Pl,D,31-130,0,
FR53,A1,Sx,L,0-30,2,
FR53,A1,Sx,L,31-130,7,
FR53,A1,Sx,D,0-30,0,
FR53,A1,Sx,D,31-130,3,
FR53,A1,At,L,0-30,0,
FR53,A1,At,L,31-130,0,
FR53,A1,At,D,0-30,0,
FR53,A1,At,D,31-130,0,
FR53,A1,Bl,L,0-30,2,
FR53,A1,Bl,L,31-130,1,
FR53,A1,Bl,D,0-30,0,
FR53,A1,Bl,D,31-130,0,
FR53,A1,Ac,L,0-30,0,
FR53,A1,Ac,L,31-130,0,
FR53,A1,Ac,D,0-30,0,
FR53,A1,Ac,D,31-130,0,
FR53,A1,Fd,L,0-30,0,
FR53,A1,Fd,L,31-130,0,
FR53,A1,Fd,D,0-30,0,
FR53,A1,Fd,D,31-130,0,
FR53,A1,Ep,L,0-30,0,
FR53,A1,Ep,L,31-130,0,
FR53,A1,Ep,D,0-30,0,
FR53,A1,Ep,D,31-130,0,
FR53,A1,Lw,L,0-30,0,
FR53,A1,Lw,L,31-130,0,
FR53,A1,Lw,D,0-30,0,
FR53,A1,Lw,D,31-130,0,
FR54,A1,Pl,L,0-30,0,
FR54,A1,Pl,L,31-130,0,
FR54,A1,Pl,D,0-30,0,
FR54,A1,Pl,D,31-130,0,
FR54,A1,Sx,L,0-30,0,
FR54,A1,Sx,L,31-130,0,
FR54,A1,Sx,D,0-30,0,
FR54,A1,Sx,D,31-130,0,
FR54,A1,At,L,0-30,0,
FR54,A1,At,L,31-130,0,
FR54,A1,At,D,0-30,0,
FR54,A1,At,D,31-130,0,
FR54,A1,Bl,L,0-30,0,
FR54,A1,Bl,L,31-130,0,
FR54,A1,Bl,D,0-30,0,
FR54,A1,Bl,D,31-130,0,
FR54,A1,Ac,L,0-30,0,
FR54,A1,Ac,L,31-130,0,
FR54,A1,Ac,D,0-30,0,
FR54,A1,Ac,D,31-130,0,
FR54,A1,Fd,L,0-30,0,
FR54,A1,Fd,L,31-130,0,
FR54,A1,Fd,D,0-30,0,
FR54,A1,Fd,D,31-130,0,
FR54,A1,Ep,L,0-30,0,
FR54,A1,Ep,L,31-130,0,
FR54,A1,Ep,D,0-30,0,
FR54,A1,Ep,D,31-130,0,
FR54,A1,Lw,L,0-30,0,
FR54,A1,Lw,L,31-130,0,
FR54,A1,Lw,D,0-30,0,
FR54,A1,Lw,D,31-130,0,
FR55,A1,Pl,L,0-30,0,
FR55,A1,Pl,L,31-130,0,
FR55,A1,Pl,D,0-30,0,
FR55,A1,Pl,D,31-130,0,
FR55,A1,Sx,L,0-30,0,
FR55,A1,Sx,L,31-130,0,
FR55,A1,Sx,D,0-30,0,
FR55,A1,Sx,D,31-130,0,
FR55,A1,At,L,0-30,0,
FR55,A1,At,L,31-130,0,
FR55,A1,At,D,0-30,0,
FR55,A1,At,D,31-130,0,
FR55,A1,Bl,L,0-30,0,
FR55,A1,Bl,L,31-130,0,
FR55,A1,Bl,D,0-30,0,
FR55,A1,Bl,D,31-130,0,
FR55,A1,Ac,L,0-30,0,
FR55,A1,Ac,L,31-130,0,
FR55,A1,Ac,D,0-30,0,
FR55,A1,Ac,D,31-130,0,
FR55,A1,Fd,L,0-30,0,
FR55,A1,Fd,L,31-130,0,
FR55,A1,Fd,D,0-30,0,
FR55,A1,Fd,D,31-130,0,
FR55,A1,Ep,L,0-30,0,
FR55,A1,Ep,L,31-130,0,
FR55,A1,Ep,D,0-30,0,
FR55,A1,Ep,D,31-130,0,
FR55,A1,Lw,L,0-30,0,
FR55,A1,Lw,L,31-130,0,
FR55,A1,Lw,D,0-30,0,
FR55,A1,Lw,D,31-130,0,
FR56,A1,Pl,L,0-30,0,
FR56,A1,Pl,L,31-130,5,
FR56,A1,Pl,D,0-30,0,
FR56,A1,Pl,D,31-130,2,
FR56,A1,Sx,L,0-30,0,
FR56,A1,Sx,L,31-130,7,
FR56,A1,Sx,D,0-30,0,
FR56,A1,Sx,D,31-130,0,
FR56,A1,At,L,0-30,3,
FR56,A1,At,L,31-130,24,
FR56,A1,At,D,0-30,0,
FR56,A1,At,D,31-130,0,
FR56,A1,Bl,L,0-30,0,
FR56,A1,Bl,L,31-130,0,
FR56,A1,Bl,D,0-30,0,
FR56,A1,Bl,D,31-130,0,
FR56,A1,Ac,L,0-30,0,
FR56,A1,Ac,L,31-130,0,
FR56,A1,Ac,D,0-30,0,
FR56,A1,Ac,D,31-130,0,
FR56,A1,Fd,L,0-30,0,
FR56,A1,Fd,L,31-130,0,
FR56,A1,Fd,D,0-30,0,
FR56,A1,Fd,D,31-130,0,
FR56,A1,Ep,L,0-30,0,
FR56,A1,Ep,L,31-130,0,
FR56,A1,Ep,D,0-30,0,
FR56,A1,Ep,D,31-130,0,
FR56,A1,Lw,L,0-30,0,
FR56,A1,Lw,L,31-130,0,
FR56,A1,Lw,D,0-30,0,
FR56,A1,Lw,D,31-130,0,
FR57,A1,Pl,L,0-30,13,
FR57,A1,Pl,L,31-130,74,
FR57,A1,Pl,D,0-30,0,
FR57,A1,Pl,D,31-130,6,
FR57,A1,Sx,L,0-30,2,
FR57,A1,Sx,L,31-130,3,
FR57,A1,Sx,D,0-30,0,
FR57,A1,Sx,D,31-130,0,
FR57,A1,At,L,0-30,2,
FR57,A1,At,L,31-130,1,
FR57,A1,At,D,0-30,0,
FR57,A1,At,D,31-130,0,
FR57,A1,Bl,L,0-30,0,
FR57,A1,Bl,L,31-130,0,
FR57,A1,Bl,D,0-30,0,
FR57,A1,Bl,D,31-130,0,
FR57,A1,Ac,L,0-30,0,
FR57,A1,Ac,L,31-130,0,
FR57,A1,Ac,D,0-30,0,
FR57,A1,Ac,D,31-130,0,
FR57,A1,Fd,L,0-30,0,
FR57,A1,Fd,L,31-130,0,
FR57,A1,Fd,D,0-30,0,
FR57,A1,Fd,D,31-130,0,
FR57,A1,Ep,L,0-30,0,
FR57,A1,Ep,L,31-130,0,
FR57,A1,Ep,D,0-30,0,
FR57,A1,Ep,D,31-130,0,
FR57,A1,Lw,L,0-30,0,
FR57,A1,Lw,L,31-130,0,
FR57,A1,Lw,D,0-30,0,
FR57,A1,Lw,D,31-130,0,
FR58,A1,Pl,L,0-30,2,
FR58,A1,Pl,L,31-130,41,
FR58,A1,Pl,D,0-30,0,
FR58,A1,Pl,D,31-130,9,
FR58,A1,Sx,L,0-30,5,
FR58,A1,Sx,L,31-130,1,
FR58,A1,Sx,D,0-30,0,
FR58,A1,Sx,D,31-130,0,
FR58,A1,At,L,0-30,0,
FR58,A1,At,L,31-130,0,
FR58,A1,At,D,0-30,0,
FR58,A1,At,D,31-130,0,
FR58,A1,Bl,L,0-30,0,
FR58,A1,Bl,L,31-130,0,
FR58,A1,Bl,D,0-30,0,
FR58,A1,Bl,D,31-130,0,
FR58,A1,Ac,L,0-30,0,
FR58,A1,Ac,L,31-130,0,
FR58,A1,Ac,D,0-30,0,
FR58,A1,Ac,D,31-130,0,
FR58,A1,Fd,L,0-30,0,
FR58,A1,Fd,L,31-130,0,
FR58,A1,Fd,D,0-30,0,
FR58,A1,Fd,D,31-130,0,
FR58,A1,Ep,L,0-30,0,
FR58,A1,Ep,L,31-130,0,
FR58,A1,Ep,D,0-30,0,
FR58,A1,Ep,D,31-130,0,
FR58,A1,Lw,L,0-30,0,
FR58,A1,Lw,L,31-130,0,
FR58,A1,Lw,D,0-30,0,
FR58,A1,Lw,D,31-130,0,
FR59,A1,Pl,L,0-30,2,
FR59,A1,Pl,L,31-130,15,
FR59,A1,Pl,D,0-30,0,
FR59,A1,Pl,D,31-130,1,
FR59,A1,Sx,L,0-30,0,
FR59,A1,Sx,L,31-130,4,
FR59,A1,Sx,D,0-30,0,
FR59,A1,Sx,D,31-130,0,
FR59,A1,At,L,0-30,0,
FR59,A1,At,L,31-130,0,
FR59,A1,At,D,0-30,0,
FR59,A1,At,D,31-130,0,
FR59,A1,Bl,L,0-30,0,
FR59,A1,Bl,L,31-130,0,
FR59,A1,Bl,D,0-30,0,
FR59,A1,Bl,D,31-130,0,
FR59,A1,Ac,L,0-30,0,
FR59,A1,Ac,L,31-130,0,
FR59,A1,Ac,D,0-30,0,
FR59,A1,Ac,D,31-130,0,
FR59,A1,Fd,L,0-30,0,
FR59,A1,Fd,L,31-130,0,
FR59,A1,Fd,D,0-30,0,
FR59,A1,Fd,D,31-130,0,
FR59,A1,Ep,L,0-30,0,
FR59,A1,Ep,L,31-130,0,
FR59,A1,Ep,D,0-30,0,
FR59,A1,Ep,D,31-130,0,
FR59,A1,Lw,L,0-30,0,
FR59,A1,Lw,L,31-130,0,
FR59,A1,Lw,D,0-30,0,
FR59,A1,Lw,D,31-130,0,
FR59,C1,Pl,L,0-30,0,
FR59,C1,Pl,L,31-130,19,
FR59,C1,Pl,D,0-30,0,
FR59,C1,Pl,D,31-130,0,
FR59,C1,Sx,L,0-30,0,
FR59,C1,Sx,L,31-130,3,
FR59,C1,Sx,D,0-30,0,
FR59,C1,Sx,D,31-130,0,
FR59,C1,At,L,0-30,0,
FR59,C1,At,L,31-130,0,
FR59,C1,At,D,0-30,0,
FR59,C1,At,D,31-130,0,
FR59,C1,Bl,L,0-30,0,
FR59,C1,Bl,L,31-130,0,
FR59,C1,Bl,D,0-30,0,
FR59,C1,Bl,D,31-130,0,
FR59,C1,Ac,L,0-30,0,
FR59,C1,Ac,L,31-130,0,
FR59,C1,Ac,D,0-30,0,
FR59,C1,Ac,D,31-130,0,
FR59,C1,Fd,L,0-30,0,
FR59,C1,Fd,L,31-130,0,
FR59,C1,Fd,D,0-30,0,
FR59,C1,Fd,D,31-130,0,
FR59,C1,Ep,L,0-30,0,
FR59,C1,Ep,L,31-130,0,
FR59,C1,Ep,D,0-30,0,
FR59,C1,Ep,D,31-130,0,
FR59,C1,Lw,L,0-30,0,
FR59,C1,Lw,L,31-130,0,
FR59,C1,Lw,D,0-30,0,
FR59,C1,Lw,D,31-130,0,
FR60,A1,Pl,L,0-30,3,
FR60,A1,Pl,L,31-130,16,
FR60,A1,Pl,D,0-30,0,
FR60,A1,Pl,D,31-130,0,
FR60,A1,Sx,L,0-30,0,
FR60,A1,Sx,L,31-130,0,
FR60,A1,Sx,D,0-30,0,
FR60,A1,Sx,D,31-130,0,
FR60,A1,At,L,0-30,0,
FR60,A1,At,L,31-130,0,
FR60,A1,At,D,0-30,0,
FR60,A1,At,D,31-130,0,
FR60,A1,Bl,L,0-30,0,
FR60,A1,Bl,L,31-130,0,
FR60,A1,Bl,D,0-30,0,
FR60,A1,Bl,D,31-130,0,
FR60,A1,Ac,L,0-30,0,
FR60,A1,Ac,L,31-130,0,
FR60,A1,Ac,D,0-30,0,
FR60,A1,Ac,D,31-130,0,
FR60,A1,Fd,L,0-30,0,
FR60,A1,Fd,L,31-130,0,
FR60,A1,Fd,D,0-30,0,
FR60,A1,Fd,D,31-130,0,
FR60,A1,Ep,L,0-30,0,
FR60,A1,Ep,L,31-130,0,
FR60,A1,Ep,D,0-30,0,
FR60,A1,Ep,D,31-130,0,
FR60,A1,Lw,L,0-30,0,
FR60,A1,Lw,L,31-130,0,
FR60,A1,Lw,D,0-30,0,
FR60,A1,Lw,D,31-130,0,
FR60,C1,Pl,L,0-30,0,
FR60,C1,Pl,L,31-130,3,
FR60,C1,Pl,D,0-30,0,
FR60,C1,Pl,D,31-130,0,
FR60,C1,Sx,L,0-30,1,
FR60,C1,Sx,L,31-130,4,
FR60,C1,Sx,D,0-30,0,
FR60,C1,Sx,D,31-130,0,
FR60,C1,At,L,0-30,0,
FR60,C1,At,L,31-130,0,
FR60,C1,At,D,0-30,0,
FR60,C1,At,D,31-130,0,
FR60,C1,Bl,L,0-30,0,
FR60,C1,Bl,L,31-130,0,
FR60,C1,Bl,D,0-30,0,
FR60,C1,Bl,D,31-130,0,
FR60,C1,Ac,L,0-30,0,
FR60,C1,Ac,L,31-130,0,
FR60,C1,Ac,D,0-30,0,
FR60,C1,Ac,D,31-130,0,
FR60,C1,Fd,L,0-30,0,
FR60,C1,Fd,L,31-130,0,
FR60,C1,Fd,D,0-30,0,
FR60,C1,Fd,D,31-130,0,
FR60,C1,Ep,L,0-30,0,
FR60,C1,Ep,L,31-130,0,
FR60,C1,Ep,D,0-30,0,
FR60,C1,Ep,D,31-130,0,
FR60,C1,Lw,L,0-30,0,
FR60,C1,Lw,L,31-130,0,
FR60,C1,Lw,D,0-30,0,
FR60,C1,Lw,D,31-130,0,
FR61,A1,Pl,L,0-30,6,
FR61,A1,Pl,L,31-130,8,
FR61,A1,Pl,D,0-30,0,
FR61,A1,Pl,D,31-130,0,
FR61,A1,Sx,L,0-30,1,
FR61,A1,Sx,L,31-130,15,
FR61,A1,Sx,D,0-30,0,
FR61,A1,Sx,D,31-130,0,
FR61,A1,At,L,0-30,0,
FR61,A1,At,L,31-130,0,
FR61,A1,At,D,0-30,0,
FR61,A1,At,D,31-130,0,
FR61,A1,Bl,L,0-30,0,
FR61,A1,Bl,L,31-130,0,
FR61,A1,Bl,D,0-30,0,
FR61,A1,Bl,D,31-130,0,
FR61,A1,Ac,L,0-30,0,
FR61,A1,Ac,L,31-130,0,
FR61,A1,Ac,D,0-30,0,
FR61,A1,Ac,D,31-130,0,
FR61,A1,Fd,L,0-30,0,
FR61,A1,Fd,L,31-130,0,
FR61,A1,Fd,D,0-30,0,
FR61,A1,Fd,D,31-130,0,
FR61,A1,Ep,L,0-30,0,
FR61,A1,Ep,L,31-130,0,
FR61,A1,Ep,D,0-30,0,
FR61,A1,Ep,D,31-130,0,
FR61,A1,Lw,L,0-30,0,
FR61,A1,Lw,L,31-130,0,
FR61,A1,Lw,D,0-30,0,
FR61,A1,Lw,D,31-130,0,
FR61,C1,Pl,L,0-30,4,
FR61,C1,Pl,L,31-130,12,
FR61,C1,Pl,D,0-30,0,
FR61,C1,Pl,D,31-130,1,
FR61,C1,Sx,L,0-30,1,
FR61,C1,Sx,L,31-130,4,
FR61,C1,Sx,D,0-30,0,
FR61,C1,Sx,D,31-130,0,
FR61,C1,At,L,0-30,0,
FR61,C1,At,L,31-130,1,
FR61,C1,At,D,0-30,0,
FR61,C1,At,D,31-130,0,
FR61,C1,Bl,L,0-30,0,
FR61,C1,Bl,L,31-130,0,
FR61,C1,Bl,D,0-30,0,
FR61,C1,Bl,D,31-130,0,
FR61,C1,Ac,L,0-30,0,
FR61,C1,Ac,L,31-130,0,
FR61,C1,Ac,D,0-30,0,
FR61,C1,Ac,D,31-130,0,
FR61,C1,Fd,L,0-30,0,
FR61,C1,Fd,L,31-130,0,
FR61,C1,Fd,D,0-30,0,
FR61,C1,Fd,D,31-130,0,
FR61,C1,Ep,L,0-30,0,
FR61,C1,Ep,L,31-130,0,
FR61,C1,Ep,D,0-30,0,
FR61,C1,Ep,D,31-130,0,
FR61,C1,Lw,L,0-30,0,
FR61,C1,Lw,L,31-130,0,
FR61,C1,Lw,D,0-30,0,
FR61,C1,Lw,D,31-130,0,
FR62,A1,Pl,L,0-30,0,
FR62,A1,Pl,L,31-130,1,
FR62,A1,Pl,D,0-30,0,
FR62,A1,Pl,D,31-130,0,
FR62,A1,Sx,L,0-30,0,
FR62,A1,Sx,L,31-130,1,
FR62,A1,Sx,D,0-30,0,
FR62,A1,Sx,D,31-130,0,
FR62,A1,At,L,0-30,0,
FR62,A1,At,L,31-130,0,
FR62,A1,At,D,0-30,0,
FR62,A1,At,D,31-130,0,
FR62,A1,Bl,L,0-30,0,
FR62,A1,Bl,L,31-130,0,
FR62,A1,Bl,D,0-30,0,
FR62,A1,Bl,D,31-130,0,
FR62,A1,Ac,L,0-30,0,
FR62,A1,Ac,L,31-130,0,
FR62,A1,Ac,D,0-30,0,
FR62,A1,Ac,D,31-130,0,
FR62,A1,Fd,L,0-30,0,
FR62,A1,Fd,L,31-130,0,
FR62,A1,Fd,D,0-30,0,
FR62,A1,Fd,D,31-130,0,
FR62,A1,Ep,L,0-30,0,
FR62,A1,Ep,L,31-130,0,
FR62,A1,Ep,D,0-30,0,
FR62,A1,Ep,D,31-130,0,
FR62,A1,Lw,L,0-30,0,
FR62,A1,Lw,L,31-130,0,
FR62,A1,Lw,D,0-30,0,
FR62,A1,Lw,D,31-130,0,
FR62,C1,Pl,L,0-30,1,
FR62,C1,Pl,L,31-130,0,
FR62,C1,Pl,D,0-30,0,
FR62,C1,Pl,D,31-130,0,
FR62,C1,Sx,L,0-30,0,
FR62,C1,Sx,L,31-130,0,
FR62,C1,Sx,D,0-30,0,
FR62,C1,Sx,D,31-130,0,
FR62,C1,At,L,0-30,0,
FR62,C1,At,L,31-130,0,
FR62,C1,At,D,0-30,0,
FR62,C1,At,D,31-130,0,
FR62,C1,Bl,L,0-30,0,
FR62,C1,Bl,L,31-130,0,
FR62,C1,Bl,D,0-30,0,
FR62,C1,Bl,D,31-130,0,
FR62,C1,Ac,L,0-30,0,
FR62,C1,Ac,L,31-130,0,
FR62,C1,Ac,D,0-30,0,
FR62,C1,Ac,D,31-130,0,
FR62,C1,Fd,L,0-30,0,
FR62,C1,Fd,L,31-130,0,
FR62,C1,Fd,D,0-30,0,
FR62,C1,Fd,D,31-130,0,
FR62,C1,Ep,L,0-30,0,
FR62,C1,Ep,L,31-130,0,
FR62,C1,Ep,D,0-30,0,
FR62,C1,Ep,D,31-130,0,
FR62,C1,Lw,L,0-30,0,
FR62,C1,Lw,L,31-130,0,
FR62,C1,Lw,D,0-30,0,
FR62,C1,Lw,D,31-130,0,
FR63,A1,Pl,L,0-30,0,
FR63,A1,Pl,L,31-130,0,
FR63,A1,Pl,D,0-30,0,
FR63,A1,Pl,D,31-130,1,
FR63,A1,Sx,L,0-30,0,
FR63,A1,Sx,L,31-130,0,
FR63,A1,Sx,D,0-30,0,
FR63,A1,Sx,D,31-130,2,
FR63,A1,At,L,0-30,0,
FR63,A1,At,L,31-130,0,
FR63,A1,At,D,0-30,0,
FR63,A1,At,D,31-130,0,
FR63,A1,Bl,L,0-30,0,
FR63,A1,Bl,L,31-130,0,
FR63,A1,Bl,D,0-30,0,
FR63,A1,Bl,D,31-130,0,
FR63,A1,Ac,L,0-30,0,
FR63,A1,Ac,L,31-130,0,
FR63,A1,Ac,D,0-30,0,
FR63,A1,Ac,D,31-130,0,
FR63,A1,Fd,L,0-30,0,
FR63,A1,Fd,L,31-130,0,
FR63,A1,Fd,D,0-30,0,
FR63,A1,Fd,D,31-130,0,
FR63,A1,Ep,L,0-30,0,
FR63,A1,Ep,L,31-130,0,
FR63,A1,Ep,D,0-30,0,
FR63,A1,Ep,D,31-130,0,
FR63,A1,Lw,L,0-30,0,
FR63,A1,Lw,L,31-130,0,
FR63,A1,Lw,D,0-30,0,
FR63,A1,Lw,D,31-130,0,
FR64,A1,Pl,L,0-30,1,
FR64,A1,Pl,L,31-130,0,
FR64,A1,Pl,D,0-30,0,
FR64,A1,Pl,D,31-130,0,
FR64,A1,Sx,L,0-30,83,
FR64,A1,Sx,L,31-130,38,
FR64,A1,Sx,D,0-30,0,
FR64,A1,Sx,D,31-130,2,
FR64,A1,At,L,0-30,0,
FR64,A1,At,L,31-130,0,
FR64,A1,At,D,0-30,0,
FR64,A1,At,D,31-130,0,
FR64,A1,Bl,L,0-30,0,
FR64,A1,Bl,L,31-130,0,
FR64,A1,Bl,D,0-30,0,
FR64,A1,Bl,D,31-130,0,
FR64,A1,Ac,L,0-30,0,
FR64,A1,Ac,L,31-130,0,
FR64,A1,Ac,D,0-30,0,
FR64,A1,Ac,D,31-130,0,
FR64,A1,Fd,L,0-30,0,
FR64,A1,Fd,L,31-130,0,
FR64,A1,Fd,D,0-30,0,
FR64,A1,Fd,D,31-130,0,
FR64,A1,Ep,L,0-30,0,
FR64,A1,Ep,L,31-130,0,
FR64,A1,Ep,D,0-30,0,
FR64,A1,Ep,D,31-130,0,
FR64,A1,Lw,L,0-30,0,
FR64,A1,Lw,L,31-130,0,
FR64,A1,Lw,D,0-30,0,
FR64,A1,Lw,D,31-130,0,
FR65,A1,Pl,L,0-30,0,
FR65,A1,Pl,L,31-130,0,
FR65,A1,Pl,D,0-30,0,
FR65,A1,Pl,D,31-130,0,
FR65,A1,Sx,L,0-30,0,
FR65,A1,Sx,L,31-130,2,
FR65,A1,Sx,D,0-30,0,
FR65,A1,Sx,D,31-130,0,
FR65,A1,At,L,0-30,0,
FR65,A1,At,L,31-130,0,
FR65,A1,At,D,0-30,0,
FR65,A1,At,D,31-130,0,
FR65,A1,Bl,L,0-30,0,
FR65,A1,Bl,L,31-130,0,
FR65,A1,Bl,D,0-30,0,
FR65,A1,Bl,D,31-130,0,
FR65,A1,Ac,L,0-30,0,
FR65,A1,Ac,L,31-130,0,
FR65,A1,Ac,D,0-30,0,
FR65,A1,Ac,D,31-130,0,
FR65,A1,Fd,L,0-30,0,
FR65,A1,Fd,L,31-130,0,
FR65,A1,Fd,D,0-30,0,
FR65,A1,Fd,D,31-130,0,
FR65,A1,Ep,L,0-30,0,
FR65,A1,Ep,L,31-130,0,
FR65,A1,Ep,D,0-30,0,
FR65,A1,Ep,D,31-130,0,
FR65,A1,Lw,L,0-30,0,
FR65,A1,Lw,L,31-130,0,
FR65,A1,Lw,D,0-30,0,
FR65,A1,Lw,D,31-130,0,
FR66,A1,Pl,L,0-30,0,
FR66,A1,Pl,L,31-130,0,
FR66,A1,Pl,D,0-30,0,
FR66,A1,Pl,D,31-130,0,
FR66,A1,Sx,L,0-30,16,
FR66,A1,Sx,L,31-130,15,
FR66,A1,Sx,D,0-30,0,
FR66,A1,Sx,D,31-130,0,
FR66,A1,At,L,0-30,0,
FR66,A1,At,L,31-130,0,
FR66,A1,At,D,0-30,0,
FR66,A1,At,D,31-130,0,
FR66,A1,Bl,L,0-30,0,
FR66,A1,Bl,L,31-130,0,
FR66,A1,Bl,D,0-30,0,
FR66,A1,Bl,D,31-130,0,
FR66,A1,Ac,L,0-30,0,
FR66,A1,Ac,L,31-130,0,
FR66,A1,Ac,D,0-30,0,
FR66,A1,Ac,D,31-130,0,
FR66,A1,Fd,L,0-30,0,
FR66,A1,Fd,L,31-130,0,
FR66,A1,Fd,D,0-30,0,
FR66,A1,Fd,D,31-130,0,
FR66,A1,Ep,L,0-30,0,
FR66,A1,Ep,L,31-130,0,
FR66,A1,Ep,D,0-30,0,
FR66,A1,Ep,D,31-130,0,
FR66,A1,Lw,L,0-30,0,
FR66,A1,Lw,L,31-130,0,
FR66,A1,Lw,D,0-30,0,
FR66,A1,Lw,D,31-130,0,
FR66,C1,Pl,L,0-30,0,
FR66,C1,Pl,L,31-130,0,
FR66,C1,Pl,D,0-30,0,
FR66,C1,Pl,D,31-130,0,
FR66,C1,Sx,L,0-30,1,
FR66,C1,Sx,L,31-130,3,
FR66,C1,Sx,D,0-30,0,
FR66,C1,Sx,D,31-130,0,
FR66,C1,At,L,0-30,0,
FR66,C1,At,L,31-130,0,
FR66,C1,At,D,0-30,0,
FR66,C1,At,D,31-130,0,
FR66,C1,Bl,L,0-30,0,
FR66,C1,Bl,L,31-130,0,
FR66,C1,Bl,D,0-30,0,
FR66,C1,Bl,D,31-130,0,
FR66,C1,Ac,L,0-30,0,
FR66,C1,Ac,L,31-130,0,
FR66,C1,Ac,D,0-30,0,
FR66,C1,Ac,D,31-130,0,
FR66,C1,Fd,L,0-30,0,
FR66,C1,Fd,L,31-130,0,
FR66,C1,Fd,D,0-30,0,
FR66,C1,Fd,D,31-130,0,
FR66,C1,Ep,L,0-30,0,
FR66,C1,Ep,L,31-130,0,
FR66,C1,Ep,D,0-30,0,
FR66,C1,Ep,D,31-130,0,
FR66,C1,Lw,L,0-30,0,
FR66,C1,Lw,L,31-130,0,
FR66,C1,Lw,D,0-30,0,
FR66,C1,Lw,D,31-130,0,
FR67,A1,Pl,L,0-30,1,
FR67,A1,Pl,L,31-130,0,
FR67,A1,Pl,D,0-30,0,
FR67,A1,Pl,D,31-130,0,
FR67,A1,Sx,L,0-30,9,
FR67,A1,Sx,L,31-130,16,
FR67,A1,Sx,D,0-30,0,
FR67,A1,Sx,D,31-130,0,
FR67,A1,At,L,0-30,0,
FR67,A1,At,L,31-130,0,
FR67,A1,At,D,0-30,0,
FR67,A1,At,D,31-130,0,
FR67,A1,Bl,L,0-30,0,
FR67,A1,Bl,L,31-130,0,
FR67,A1,Bl,D,0-30,0,
FR67,A1,Bl,D,31-130,0,
FR67,A1,Ac,L,0-30,0,
FR67,A1,Ac,L,31-130,0,
FR67,A1,Ac,D,0-30,0,
FR67,A1,Ac,D,31-130,0,
FR67,A1,Fd,L,0-30,0,
FR67,A1,Fd,L,31-130,0,
FR67,A1,Fd,D,0-30,0,
FR67,A1,Fd,D,31-130,0,
FR67,A1,Ep,L,0-30,0,
FR67,A1,Ep,L,31-130,0,
FR67,A1,Ep,D,0-30,0,
FR67,A1,Ep,D,31-130,0,
FR67,A1,Lw,L,0-30,0,
FR67,A1,Lw,L,31-130,0,
FR67,A1,Lw,D,0-30,0,
FR67,A1,Lw,D,31-130,0,
FR68,A1,Pl,L,0-30,0,
FR68,A1,Pl,L,31-130,0,
FR68,A1,Pl,D,0-30,0,
FR68,A1,Pl,D,31-130,0,
FR68,A1,Sx,L,0-30,0,
FR68,A1,Sx,L,31-130,0,
FR68,A1,Sx,D,0-30,0,
FR68,A1,Sx,D,31-130,0,
FR68,A1,At,L,0-30,0,
FR68,A1,At,L,31-130,0,
FR68,A1,At,D,0-30,0,
FR68,A1,At,D,31-130,0,
FR68,A1,Bl,L,0-30,0,
FR68,A1,Bl,L,31-130,0,
FR68,A1,Bl,D,0-30,0,
FR68,A1,Bl,D,31-130,0,
FR68,A1,Ac,L,0-30,0,
FR68,A1,Ac,L,31-130,0,
FR68,A1,Ac,D,0-30,0,
FR68,A1,Ac,D,31-130,0,
FR68,A1,Fd,L,0-30,0,
FR68,A1,Fd,L,31-130,0,
FR68,A1,Fd,D,0-30,0,
FR68,A1,Fd,D,31-130,0,
FR68,A1,Ep,L,0-30,0,
FR68,A1,Ep,L,31-130,0,
FR68,A1,Ep,D,0-30,0,
FR68,A1,Ep,D,31-130,0,
FR68,A1,Lw,L,0-30,0,
FR68,A1,Lw,L,31-130,0,
FR68,A1,Lw,D,0-30,0,
FR68,A1,Lw,D,31-130,0,
FR69,A1,Pl,L,0-30,0,
FR69,A1,Pl,L,31-130,0,
FR69,A1,Pl,D,0-30,0,
FR69,A1,Pl,D,31-130,0,
FR69,A1,Sx,L,0-30,0,
FR69,A1,Sx,L,31-130,0,
FR69,A1,Sx,D,0-30,0,
FR69,A1,Sx,D,31-130,0,
FR69,A1,At,L,0-30,0,
FR69,A1,At,L,31-130,0,
FR69,A1,At,D,0-30,0,
FR69,A1,At,D,31-130,0,
FR69,A1,Bl,L,0-30,0,
FR69,A1,Bl,L,31-130,0,
FR69,A1,Bl,D,0-30,0,
FR69,A1,Bl,D,31-130,0,
FR69,A1,Ac,L,0-30,0,
FR69,A1,Ac,L,31-130,0,
FR69,A1,Ac,D,0-30,0,
FR69,A1,Ac,D,31-130,0,
FR69,A1,Fd,L,0-30,0,
FR69,A1,Fd,L,31-130,0,
FR69,A1,Fd,D,0-30,0,
FR69,A1,Fd,D,31-130,0,
FR69,A1,Ep,L,0-30,0,
FR69,A1,Ep,L,31-130,0,
FR69,A1,Ep,D,0-30,0,
FR69,A1,Ep,D,31-130,0,
FR69,A1,Lw,L,0-30,0,
FR69,A1,Lw,L,31-130,0,
FR69,A1,Lw,D,0-30,0,
FR69,A1,Lw,D,31-130,0,
FR70,A1,Pl,L,0-30,16,"1/4 A1, already x4"
FR70,A1,Pl,L,31-130,48,"1/4 A1, already x4"
FR70,A1,Pl,D,0-30,0,"1/4 A1, already x4"
FR70,A1,Pl,D,31-130,8,"1/4 A1, already x4"
FR70,A1,Sx,L,0-30,108,"1/4 A1, already x4"
FR70,A1,Sx,L,31-130,284,"1/4 A1, already x4"
FR70,A1,Sx,D,0-30,0,"1/4 A1, already x4"
FR70,A1,Sx,D,31-130,0,"1/4 A1, already x4"
FR70,A1,At,L,0-30,0,"1/4 A1, already x4"
FR70,A1,At,L,31-130,4,"1/4 A1, already x4"
FR70,A1,At,D,0-30,0,"1/4 A1, already x4"
FR70,A1,At,D,31-130,0,"1/4 A1, already x4"
FR70,A1,Bl,L,0-30,0,"1/4 A1, already x4"
FR70,A1,Bl,L,31-130,0,"1/4 A1, already x4"
FR70,A1,Bl,D,0-30,0,"1/4 A1, already x4"
FR70,A1,Bl,D,31-130,0,"1/4 A1, already x4"
FR70,A1,Ac,L,0-30,0,"1/4 A1, already x4"
FR70,A1,Ac,L,31-130,0,"1/4 A1, already x4"
FR70,A1,Ac,D,0-30,0,"1/4 A1, already x4"
FR70,A1,Ac,D,31-130,0,"1/4 A1, already x4"
FR70,A1,Fd,L,0-30,0,"1/4 A1, already x4"
FR70,A1,Fd,L,31-130,0,"1/4 A1, already x4"
FR70,A1,Fd,D,0-30,0,"1/4 A1, already x4"
FR70,A1,Fd,D,31-130,0,"1/4 A1, already x4"
FR70,A1,Ep,L,0-30,0,"1/4 A1, already x4"
FR70,A1,Ep,L,31-130,0,"1/4 A1, already x4"
FR70,A1,Ep,D,0-30,0,"1/4 A1, already x4"
FR70,A1,Ep,D,31-130,0,"1/4 A1, already x4"
FR70,A1,Lw,L,0-30,0,"1/4 A1, already x4"
FR70,A1,Lw,L,31-130,0,"1/4 A1, already x4"
FR70,A1,Lw,D,0-30,0,"1/4 A1, already x4"
FR70,A1,Lw,D,31-130,0,"1/4 A1, already x4"
FR71,A1,Pl,L,0-30,0,
FR71,A1,Pl,L,31-130,0,
FR71,A1,Pl,D,0-30,0,
FR71,A1,Pl,D,31-130,0,
FR71,A1,Sx,L,0-30,1,
FR71,A1,Sx,L,31-130,0,
FR71,A1,Sx,D,0-30,0,
FR71,A1,Sx,D,31-130,0,
FR71,A1,At,L,0-30,3,
FR71,A1,At,L,31-130,92,
FR71,A1,At,D,0-30,0,
FR71,A1,At,D,31-130,0,
FR71,A1,Bl,L,0-30,2,
FR71,A1,Bl,L,31-130,0,
FR71,A1,Bl,D,0-30,0,
FR71,A1,Bl,D,31-130,0,
FR71,A1,Ac,L,0-30,0,
FR71,A1,Ac,L,31-130,0,
FR71,A1,Ac,D,0-30,0,
FR71,A1,Ac,D,31-130,0,
FR71,A1,Fd,L,0-30,0,
FR71,A1,Fd,L,31-130,0,
FR71,A1,Fd,D,0-30,0,
FR71,A1,Fd,D,31-130,0,
FR71,A1,Ep,L,0-30,7,
FR71,A1,Ep,L,31-130,8,
FR71,A1,Ep,D,0-30,0,
FR71,A1,Ep,D,31-130,0,
FR71,A1,Lw,L,0-30,0,
FR71,A1,Lw,L,31-130,0,
FR71,A1,Lw,D,0-30,0,
FR71,A1,Lw,D,31-130,0,
FR72,A1,Pl,L,0-30,0,
FR72,A1,Pl,L,31-130,0,
FR72,A1,Pl,D,0-30,0,
FR72,A1,Pl,D,31-130,0,
FR72,A1,Sx,L,0-30,0,
FR72,A1,Sx,L,31-130,0,
FR72,A1,Sx,D,0-30,0,
FR72,A1,Sx,D,31-130,0,
FR72,A1,At,L,0-30,1,
FR72,A1,At,L,31-130,1,
FR72,A1,At,D,0-30,0,
FR72,A1,At,D,31-130,0,
FR72,A1,Bl,L,0-30,0,
FR72,A1,Bl,L,31-130,0,
FR72,A1,Bl,D,0-30,0,
FR72,A1,Bl,D,31-130,0,
FR72,A1,Ac,L,0-30,0,
FR72,A1,Ac,L,31-130,0,
FR72,A1,Ac,D,0-30,0,
FR72,A1,Ac,D,31-130,0,
FR72,A1,Fd,L,0-30,10,
FR72,A1,Fd,L,31-130,8,
FR72,A1,Fd,D,0-30,0,
FR72,A1,Fd,D,31-130,0,
FR72,A1,Ep,L,0-30,2,
FR72,A1,Ep,L,31-130,0,
FR72,A1,Ep,D,0-30,0,
FR72,A1,Ep,D,31-130,0,
FR72,A1,Lw,L,0-30,0,
FR72,A1,Lw,L,31-130,0,
FR72,A1,Lw,D,0-30,0,
FR72,A1,Lw,D,31-130,0,
FR73,A1,Pl,L,0-30,0,
FR73,A1,Pl,L,31-130,0,
FR73,A1,Pl,D,0-30,0,
FR73,A1,Pl,D,31-130,0,
FR73,A1,Sx,L,0-30,1,
FR73,A1,Sx,L,31-130,19,
FR73,A1,Sx,D,0-30,0,
FR73,A1,Sx,D,31-130,14,
FR73,A1,At,L,0-30,7,
FR73,A1,At,L,31-130,0,
FR73,A1,At,D,0-30,4,
FR73,A1,At,D,31-130,0,
FR73,A1,Bl,L,0-30,2,
FR73,A1,Bl,L,31-130,0,
FR73,A1,Bl,D,0-30,0,
FR73,A1,Bl,D,31-130,2,
FR73,A1,Ac,L,0-30,0,
FR73,A1,Ac,L,31-130,0,
FR73,A1,Ac,D,0-30,0,
FR73,A1,Ac,D,31-130,0,
FR73,A1,Fd,L,0-30,0,
FR73,A1,Fd,L,31-130,0,
FR73,A1,Fd,D,0-30,0,
FR73,A1,Fd,D,31-130,0,
FR73,A1,Ep,L,0-30,0,
FR73,A1,Ep,L,31-130,1,
FR73,A1,Ep,D,0-30,0,
FR73,A1,Ep,D,31-130,0,
FR73,A1,Lw,L,0-30,0,
FR73,A1,Lw,L,31-130,0,
FR73,A1,Lw,D,0-30,0,
FR73,A1,Lw,D,31-130,0,
FR74,A1,Pl,L,0-30,0,
FR74,A1,Pl,L,31-130,0,
FR74,A1,Pl,D,0-30,0,
FR74,A1,Pl,D,31-130,0,
FR74,A1,Sx,L,0-30,1,
FR74,A1,Sx,L,31-130,0,
FR74,A1,Sx,D,0-30,0,
FR74,A1,Sx,D,31-130,0,
FR74,A1,At,L,0-30,1,
FR74,A1,At,L,31-130,1,
FR74,A1,At,D,0-30,0,
FR74,A1,At,D,31-130,0,
FR74,A1,Bl,L,0-30,1,
FR74,A1,Bl,L,31-130,4,
FR74,A1,Bl,D,0-30,0,
FR74,A1,Bl,D,31-130,0,
FR74,A1,Ac,L,0-30,0,
FR74,A1,Ac,L,31-130,0,
FR74,A1,Ac,D,0-30,0,
FR74,A1,Ac,D,31-130,0,
FR74,A1,Fd,L,0-30,0,
FR74,A1,Fd,L,31-130,0,
FR74,A1,Fd,D,0-30,0,
FR74,A1,Fd,D,31-130,0,
FR74,A1,Ep,L,0-30,0,
FR74,A1,Ep,L,31-130,0,
FR74,A1,Ep,D,0-30,0,
FR74,A1,Ep,D,31-130,0,
FR74,A1,Lw,L,0-30,0,
FR74,A1,Lw,L,31-130,0,
FR74,A1,Lw,D,0-30,0,
FR74,A1,Lw,D,31-130,0,
FR75,A1,Pl,L,0-30,0,
FR75,A1,Pl,L,31-130,0,
FR75,A1,Pl,D,0-30,0,
FR75,A1,Pl,D,31-130,0,
FR75,A1,Sx,L,0-30,2,
FR75,A1,Sx,L,31-130,3,
FR75,A1,Sx,D,0-30,4,
FR75,A1,Sx,D,31-130,8,
FR75,A1,At,L,0-30,0,
FR75,A1,At,L,31-130,0,
FR75,A1,At,D,0-30,0,
FR75,A1,At,D,31-130,0,
FR75,A1,Bl,L,0-30,0,
FR75,A1,Bl,L,31-130,0,
FR75,A1,Bl,D,0-30,0,
FR75,A1,Bl,D,31-130,0,
FR75,A1,Ac,L,0-30,0,
FR75,A1,Ac,L,31-130,0,
FR75,A1,Ac,D,0-30,0,
FR75,A1,Ac,D,31-130,0,
FR75,A1,Fd,L,0-30,3,
FR75,A1,Fd,L,31-130,4,
FR75,A1,Fd,D,0-30,0,
FR75,A1,Fd,D,31-130,0,
FR75,A1,Ep,L,0-30,0,
FR75,A1,Ep,L,31-130,0,
FR75,A1,Ep,D,0-30,0,
FR75,A1,Ep,D,31-130,0,
FR75,A1,Lw,L,0-30,0,
FR75,A1,Lw,L,31-130,0,
FR75,A1,Lw,D,0-30,0,
FR75,A1,Lw,D,31-130,0,
